ISO-10303-21;
HEADER;
FILE_DESCRIPTION ((), '1');
FILE_NAME ('H:\\LabProjects_SharedEssential\\OpenOCT\\OCT-Spectro-800\\Optics\\OpenOCT_spec_3D.STP', '2026-08-15T16:29:17', ('Unknown'), ('Unknown'), 'HarmonyWare STEP v2.0.6', 'HarmonyWare Translators', '');
FILE_SCHEMA (('CONFIG_CONTROL_DESIGN'));
ENDSEC;

DATA;
#1 = CARTESIAN_POINT ('', (11.125, 0., -17.7796777896814));
#2 = VERTEX_POINT ('', #1);
#3 = CARTESIAN_POINT ('', (11.125, 0., -17.7796777896814));
#4 = CARTESIAN_POINT ('', (11.125, 11.125, -17.7796777896814));
#5 = CARTESIAN_POINT ('', (6.81209782025715E-16, 11.125, -17.7796777896814));
#6 = CARTESIAN_POINT ('', (-11.125, 11.125, -17.7796777896814));
#7 = CARTESIAN_POINT ('', (-11.125, 1.36241956405143E-15, -17.7796777896814));
#8 = CARTESIAN_POINT ('', (-11.125, -11.125, -17.7796777896814));
#9 = CARTESIAN_POINT ('', (-2.04362934607715E-15, -11.125, -17.7796777896814));
#10 = CARTESIAN_POINT ('', (11.125, -11.125, -17.7796777896814));
#11 = CARTESIAN_POINT ('', (11.125, 0., -17.7796777896814));
#12 = (
   BOUNDED_CURVE ()
   B_SPLINE_CURVE (2, (#3, #4, #5, #6, #7, #8, #9, #10, #11), .UNSPECIFIED., .T., .U.)
   B_SPLINE_CURVE_WITH_KNOTS ((3, 2, 2, 2, 3), (0., 1.5707963267949, 3.14159265358979, 4.71238898038469, 6.28318530717959), .UNSPECIFIED.)
   CURVE ()
   GEOMETRIC_REPRESENTATION_ITEM ()
   RATIONAL_B_SPLINE_CURVE ((1., 0.707106781186548, 1., 0.707106781186548, 1., 0.707106781186548, 1., 0.707106781186548, 1.))
   REPRESENTATION_ITEM ('')
);
#13 = EDGE_CURVE ('', #2, #2, #12, .T.);
#14 = ORIENTED_EDGE ('', *, *, #13, .F.);
#15 = EDGE_LOOP ('', (#14));
#16 = FACE_OUTER_BOUND ('', #15, .T.);
#17 = CARTESIAN_POINT ('', (7.105427357601E-14, 1.4210854715202E-14, 122.54));
#18 = DIRECTION ('', (1., 0., 0.));
#19 = DIRECTION ('', (0., -1., 0.));
#20 = AXIS2_PLACEMENT_3D ('', #17, #18, #19);
#21 = SPHERICAL_SURFACE ('', #20, 140.76);
#22 = ADVANCED_FACE ('', (#16), #21, .T.);
#23 = CARTESIAN_POINT ('', (10.125, 0., -5.47720776317184));
#24 = VERTEX_POINT ('', #23);
#25 = CARTESIAN_POINT ('', (10.125, 0., -5.47720776317184));
#26 = CARTESIAN_POINT ('', (10.125, 10.125, -5.47720776317184));
#27 = CARTESIAN_POINT ('', (6.19977442068348E-16, 10.125, -5.47720776317184));
#28 = CARTESIAN_POINT ('', (-10.125, 10.125, -5.47720776317184));
#29 = CARTESIAN_POINT ('', (-10.125, 1.2399548841367E-15, -5.47720776317184));
#30 = CARTESIAN_POINT ('', (-10.125, -10.125, -5.47720776317184));
#31 = CARTESIAN_POINT ('', (-1.85993232620504E-15, -10.125, -5.47720776317184));
#32 = CARTESIAN_POINT ('', (10.125, -10.125, -5.47720776317184));
#33 = CARTESIAN_POINT ('', (10.125, 0., -5.47720776317184));
#34 = (
   BOUNDED_CURVE ()
   B_SPLINE_CURVE (2, (#25, #26, #27, #28, #29, #30, #31, #32, #33), .UNSPECIFIED., .T., .U.)
   B_SPLINE_CURVE_WITH_KNOTS ((3, 2, 2, 2, 3), (0., 1.5707963267949, 3.14159265358979, 4.71238898038469, 6.28318530717959), .UNSPECIFIED.)
   CURVE ()
   GEOMETRIC_REPRESENTATION_ITEM ()
   RATIONAL_B_SPLINE_CURVE ((1., 0.707106781186548, 1., 0.707106781186548, 1., 0.707106781186548, 1., 0.707106781186548, 1.))
   REPRESENTATION_ITEM ('')
);
#35 = EDGE_CURVE ('', #24, #24, #34, .T.);
#36 = ORIENTED_EDGE ('', *, *, #35, .T.);
#37 = EDGE_LOOP ('', (#36));
#38 = FACE_OUTER_BOUND ('', #37, .T.);
#39 = CARTESIAN_POINT ('', (-7.105427357601E-15, 1.77635683940025E-15, 22.55));
#40 = DIRECTION ('', (-1., 0., 0.));
#41 = DIRECTION ('', (0., 1., -2.4377999989792E-16));
#42 = AXIS2_PLACEMENT_3D ('', #39, #40, #41);
#43 = SPHERICAL_SURFACE ('', #42, 29.8);
#44 = ADVANCED_FACE ('', (#38), #43, .F.);
#45 = CARTESIAN_POINT ('', (11.125, 0., -5.47720776317184));
#46 = VERTEX_POINT ('', #45);
#47 = CARTESIAN_POINT ('', (11.125, 0., -5.47720776317184));
#48 = CARTESIAN_POINT ('', (11.125, 11.125, -5.47720776317184));
#49 = CARTESIAN_POINT ('', (6.81209782025715E-16, 11.125, -5.47720776317184));
#50 = CARTESIAN_POINT ('', (-11.125, 11.125, -5.47720776317184));
#51 = CARTESIAN_POINT ('', (-11.125, 1.36241956405143E-15, -5.47720776317184));
#52 = CARTESIAN_POINT ('', (-11.125, -11.125, -5.47720776317184));
#53 = CARTESIAN_POINT ('', (-2.04362934607715E-15, -11.125, -5.47720776317184));
#54 = CARTESIAN_POINT ('', (11.125, -11.125, -5.47720776317184));
#55 = CARTESIAN_POINT ('', (11.125, 0., -5.47720776317184));
#56 = (
   BOUNDED_CURVE ()
   B_SPLINE_CURVE (2, (#47, #48, #49, #50, #51, #52, #53, #54, #55), .UNSPECIFIED., .T., .U.)
   B_SPLINE_CURVE_WITH_KNOTS ((3, 2, 2, 2, 3), (0., 1.5707963267949, 3.14159265358979, 4.71238898038469, 6.28318530717959), .UNSPECIFIED.)
   CURVE ()
   GEOMETRIC_REPRESENTATION_ITEM ()
   RATIONAL_B_SPLINE_CURVE ((1., 0.707106781186548, 1., 0.707106781186548, 1., 0.707106781186548, 1., 0.707106781186548, 1.))
   REPRESENTATION_ITEM ('')
);
#57 = EDGE_CURVE ('', #46, #46, #56, .T.);
#58 = ORIENTED_EDGE ('', *, *, #57, .T.);
#59 = EDGE_LOOP ('', (#58));
#60 = FACE_OUTER_BOUND ('', #59, .T.);
#61 = ORIENTED_EDGE ('', *, *, #35, .F.);
#62 = EDGE_LOOP ('', (#61));
#63 = FACE_BOUND ('', #62, .T.);
#64 = CARTESIAN_POINT ('', (0., 0., -5.47720776317184));
#65 = DIRECTION ('', (0., 0., 1.));
#66 = DIRECTION ('', (1., 0., 0.));
#67 = AXIS2_PLACEMENT_3D ('', #64, #65, #66);
#68 = PLANE ('', #67);
#69 = ADVANCED_FACE ('', (#60, #63), #68, .T.);
#70 = ORIENTED_EDGE ('', *, *, #57, .F.);
#71 = CARTESIAN_POINT ('', (11.125, 0., -17.7796777896814));
#72 = CARTESIAN_POINT ('', (11.125, 0., -5.47720776317184));
#73 = B_SPLINE_CURVE_WITH_KNOTS ('', 1, (#71, #72), .UNSPECIFIED., .F., .U., (2, 2), (0., 1.), .UNSPECIFIED.);
#74 = EDGE_CURVE ('', #2, #46, #73, .T.);
#75 = ORIENTED_EDGE ('', *, *, #74, .F.);
#76 = ORIENTED_EDGE ('', *, *, #13, .T.);
#77 = ORIENTED_EDGE ('', *, *, #74, .T.);
#78 = EDGE_LOOP ('', (#70, #75, #76, #77));
#79 = FACE_OUTER_BOUND ('', #78, .T.);
#80 = CARTESIAN_POINT ('', (1.2490009027033E-15, 3.10862446895044E-15, -17.7796777896814));
#81 = DIRECTION ('', (0., 0., 1.));
#82 = DIRECTION ('', (1., -2.79426918557343E-16, 0.));
#83 = AXIS2_PLACEMENT_3D ('', #80, #81, #82);
#84 = CYLINDRICAL_SURFACE ('', #83, 11.125);
#85 = ADVANCED_FACE ('', (#79), #84, .T.);
#86 = CLOSED_SHELL ('', (#22, #44, #69, #85));
#87 = MANIFOLD_SOLID_BREP ('', #86);
#88 = PRESENTATION_LAYER_ASSIGNMENT ('Level 0', 'Level 0', (#87, #150, #212, #274, #336, #423, #485, #547, #609, #671, #733));
#89 = CARTESIAN_POINT ('', (11.125, 0., -4.1423762545448));
#90 = VERTEX_POINT ('', #89);
#91 = CARTESIAN_POINT ('', (11.125, 0., -4.1423762545448));
#92 = CARTESIAN_POINT ('', (11.125, 11.125, -4.1423762545448));
#93 = CARTESIAN_POINT ('', (6.81209782025715E-16, 11.125, -4.1423762545448));
#94 = CARTESIAN_POINT ('', (-11.125, 11.125, -4.1423762545448));
#95 = CARTESIAN_POINT ('', (-11.125, 1.36241956405143E-15, -4.1423762545448));
#96 = CARTESIAN_POINT ('', (-11.125, -11.125, -4.1423762545448));
#97 = CARTESIAN_POINT ('', (-2.04362934607715E-15, -11.125, -4.1423762545448));
#98 = CARTESIAN_POINT ('', (11.125, -11.125, -4.1423762545448));
#99 = CARTESIAN_POINT ('', (11.125, 0., -4.1423762545448));
#100 = (
   BOUNDED_CURVE ()
   B_SPLINE_CURVE (2, (#91, #92, #93, #94, #95, #96, #97, #98, #99), .UNSPECIFIED., .T., .U.)
   B_SPLINE_CURVE_WITH_KNOTS ((3, 2, 2, 2, 3), (0., 1.5707963267949, 3.14159265358979, 4.71238898038469, 6.28318530717959), .UNSPECIFIED.)
   CURVE ()
   GEOMETRIC_REPRESENTATION_ITEM ()
   RATIONAL_B_SPLINE_CURVE ((1., 0.707106781186548, 1., 0.707106781186548, 1., 0.707106781186548, 1., 0.707106781186548, 1.))
   REPRESENTATION_ITEM ('')
);
#101 = EDGE_CURVE ('', #90, #90, #100, .T.);
#102 = ORIENTED_EDGE ('', *, *, #101, .F.);
#103 = EDGE_LOOP ('', (#102));
#104 = FACE_OUTER_BOUND ('', #103, .T.);
#105 = CARTESIAN_POINT ('', (3.5527136788005E-15, -1.06581410364015E-14, 26.49));
#106 = DIRECTION ('', (1., 2.00876422638607E-31, -4.50576973664056E-16));
#107 = DIRECTION ('', (0., -1., -4.45820435529796E-16));
#108 = AXIS2_PLACEMENT_3D ('', #105, #106, #107);
#109 = SPHERICAL_SURFACE ('', #108, 32.59);
#110 = ADVANCED_FACE ('', (#104), #109, .T.);
#111 = CARTESIAN_POINT ('', (11.125, 0., -1.9576237454552));
#112 = VERTEX_POINT ('', #111);
#113 = CARTESIAN_POINT ('', (11.125, 0., -1.9576237454552));
#114 = CARTESIAN_POINT ('', (11.125, 11.125, -1.9576237454552));
#115 = CARTESIAN_POINT ('', (6.81209782025715E-16, 11.125, -1.9576237454552));
#116 = CARTESIAN_POINT ('', (-11.125, 11.125, -1.9576237454552));
#117 = CARTESIAN_POINT ('', (-11.125, 1.36241956405143E-15, -1.9576237454552));
#118 = CARTESIAN_POINT ('', (-11.125, -11.125, -1.9576237454552));
#119 = CARTESIAN_POINT ('', (-2.04362934607715E-15, -11.125, -1.9576237454552));
#120 = CARTESIAN_POINT ('', (11.125, -11.125, -1.9576237454552));
#121 = CARTESIAN_POINT ('', (11.125, 0., -1.9576237454552));
#122 = (
   BOUNDED_CURVE ()
   B_SPLINE_CURVE (2, (#113, #114, #115, #116, #117, #118, #119, #120, #121), .UNSPECIFIED., .T., .U.)
   B_SPLINE_CURVE_WITH_KNOTS ((3, 2, 2, 2, 3), (0., 1.5707963267949, 3.14159265358979, 4.71238898038469, 6.28318530717959), .UNSPECIFIED.)
   CURVE ()
   GEOMETRIC_REPRESENTATION_ITEM ()
   RATIONAL_B_SPLINE_CURVE ((1., 0.707106781186548, 1., 0.707106781186548, 1., 0.707106781186548, 1., 0.707106781186548, 1.))
   REPRESENTATION_ITEM ('')
);
#123 = EDGE_CURVE ('', #112, #112, #122, .T.);
#124 = ORIENTED_EDGE ('', *, *, #123, .T.);
#125 = EDGE_LOOP ('', (#124));
#126 = FACE_OUTER_BOUND ('', #125, .T.);
#127 = CARTESIAN_POINT ('', (-3.5527136788005E-15, -1.06581410364015E-14, -32.59));
#128 = DIRECTION ('', (-1., 0., 4.50576973664056E-16));
#129 = DIRECTION ('', (0., -1., 0.));
#130 = AXIS2_PLACEMENT_3D ('', #127, #128, #129);
#131 = SPHERICAL_SURFACE ('', #130, 32.59);
#132 = ADVANCED_FACE ('', (#126), #131, .T.);
#133 = ORIENTED_EDGE ('', *, *, #123, .F.);
#134 = CARTESIAN_POINT ('', (11.125, 0., -4.1423762545448));
#135 = CARTESIAN_POINT ('', (11.125, 0., -1.9576237454552));
#136 = B_SPLINE_CURVE_WITH_KNOTS ('', 1, (#134, #135), .UNSPECIFIED., .F., .U., (2, 2), (0., 1.), .UNSPECIFIED.);
#137 = EDGE_CURVE ('', #90, #112, #136, .T.);
#138 = ORIENTED_EDGE ('', *, *, #137, .F.);
#139 = ORIENTED_EDGE ('', *, *, #101, .T.);
#140 = ORIENTED_EDGE ('', *, *, #137, .T.);
#141 = EDGE_LOOP ('', (#133, #138, #139, #140));
#142 = FACE_OUTER_BOUND ('', #141, .T.);
#143 = CARTESIAN_POINT ('', (1.2490009027033E-15, 3.10862446895044E-15, -4.1423762545448));
#144 = DIRECTION ('', (0., 0., 1.));
#145 = DIRECTION ('', (1., -2.79426918557343E-16, 0.));
#146 = AXIS2_PLACEMENT_3D ('', #143, #144, #145);
#147 = CYLINDRICAL_SURFACE ('', #146, 11.125);
#148 = ADVANCED_FACE ('', (#142), #147, .T.);
#149 = CLOSED_SHELL ('', (#110, #132, #148));
#150 = MANIFOLD_SOLID_BREP ('', #149);
#151 = CARTESIAN_POINT ('', (12.5, 0., 20.));
#152 = VERTEX_POINT ('', #151);
#153 = CARTESIAN_POINT ('', (12.5, 0., 20.));
#154 = CARTESIAN_POINT ('', (12.5, 10.8470681671116, 26.2121745128444));
#155 = CARTESIAN_POINT ('', (7.65404249467096E-16, 10.8470681671116, 26.2121745128444));
#156 = CARTESIAN_POINT ('', (-12.5, 10.8470681671116, 26.2121745128444));
#157 = CARTESIAN_POINT ('', (-12.5, 1.32838273109864E-15, 20.));
#158 = CARTESIAN_POINT ('', (-12.5, -10.8470681671116, 13.7878254871556));
#159 = CARTESIAN_POINT ('', (-2.29621274840129E-15, -10.8470681671116, 13.7878254871556));
#160 = CARTESIAN_POINT ('', (12.5, -10.8470681671116, 13.7878254871556));
#161 = CARTESIAN_POINT ('', (12.5, 0., 20.));
#162 = (
   BOUNDED_CURVE ()
   B_SPLINE_CURVE (2, (#153, #154, #155, #156, #157, #158, #159, #160, #161), .UNSPECIFIED., .T., .U.)
   B_SPLINE_CURVE_WITH_KNOTS ((3, 2, 2, 2, 3), (0., 1.5707963267949, 3.14159265358979, 4.71238898038469, 6.28318530717959), .UNSPECIFIED.)
   CURVE ()
   GEOMETRIC_REPRESENTATION_ITEM ()
   RATIONAL_B_SPLINE_CURVE ((1., 0.707106781186548, 1., 0.707106781186548, 1., 0.707106781186548, 1., 0.707106781186548, 1.))
   REPRESENTATION_ITEM ('')
);
#163 = EDGE_CURVE ('', #152, #152, #162, .T.);
#164 = ORIENTED_EDGE ('', *, *, #163, .F.);
#165 = EDGE_LOOP ('', (#164));
#166 = FACE_OUTER_BOUND ('', #165, .T.);
#167 = CARTESIAN_POINT ('', (-25.704, 0., 20.));
#168 = DIRECTION ('', (-5.55111512312578E-17, 0.496973961027556, -0.867765453368929));
#169 = DIRECTION ('', (0.707106781186548, 0.613602836556588, 0.351413657915723));
#170 = AXIS2_PLACEMENT_3D ('', #167, #168, #169);
#171 = PLANE ('', #170);
#172 = ADVANCED_FACE ('', (#166), #171, .T.);
#173 = CARTESIAN_POINT ('', (12.5, -0.745460941541333, 21.3016481800534));
#174 = VERTEX_POINT ('', #173);
#175 = CARTESIAN_POINT ('', (12.5, -0.745460941541333, 21.3016481800534));
#176 = CARTESIAN_POINT ('', (12.5, 10.1016072255703, 27.5138226928978));
#177 = CARTESIAN_POINT ('', (7.65404249467096E-16, 10.1016072255703, 27.5138226928978));
#178 = CARTESIAN_POINT ('', (-12.5, 10.1016072255703, 27.5138226928978));
#179 = CARTESIAN_POINT ('', (-12.5, -0.745460941541332, 21.3016481800534));
#180 = CARTESIAN_POINT ('', (-12.5, -11.5925291086529, 15.0894736672089));
#181 = CARTESIAN_POINT ('', (-2.29621274840129E-15, -11.5925291086529, 15.0894736672089));
#182 = CARTESIAN_POINT ('', (12.5, -11.5925291086529, 15.0894736672089));
#183 = CARTESIAN_POINT ('', (12.5, -0.745460941541333, 21.3016481800534));
#184 = (
   BOUNDED_CURVE ()
   B_SPLINE_CURVE (2, (#175, #176, #177, #178, #179, #180, #181, #182, #183), .UNSPECIFIED., .T., .U.)
   B_SPLINE_CURVE_WITH_KNOTS ((3, 2, 2, 2, 3), (0., 1.5707963267949, 3.14159265358979, 4.71238898038469, 6.28318530717959), .UNSPECIFIED.)
   CURVE ()
   GEOMETRIC_REPRESENTATION_ITEM ()
   RATIONAL_B_SPLINE_CURVE ((1., 0.707106781186548, 1., 0.707106781186548, 1., 0.707106781186548, 1., 0.707106781186548, 1.))
   REPRESENTATION_ITEM ('')
);
#185 = EDGE_CURVE ('', #174, #174, #184, .T.);
#186 = ORIENTED_EDGE ('', *, *, #185, .T.);
#187 = EDGE_LOOP ('', (#186));
#188 = FACE_OUTER_BOUND ('', #187, .T.);
#189 = CARTESIAN_POINT ('', (0., 21.5595822718536, 34.0758668743057));
#190 = DIRECTION ('', (0., -0.496973961027556, 0.867765453368928));
#191 = DIRECTION ('', (-0.707106781186548, -0.613602836556588, -0.351413657915724));
#192 = AXIS2_PLACEMENT_3D ('', #189, #190, #191);
#193 = PLANE ('', #192);
#194 = ADVANCED_FACE ('', (#188), #193, .T.);
#195 = ORIENTED_EDGE ('', *, *, #185, .F.);
#196 = CARTESIAN_POINT ('', (12.5, 0., 20.));
#197 = CARTESIAN_POINT ('', (12.5, -0.745460941541333, 21.3016481800534));
#198 = B_SPLINE_CURVE_WITH_KNOTS ('', 1, (#196, #197), .UNSPECIFIED., .F., .U., (2, 2), (0., 1.), .UNSPECIFIED.);
#199 = EDGE_CURVE ('', #152, #174, #198, .T.);
#200 = ORIENTED_EDGE ('', *, *, #199, .F.);
#201 = ORIENTED_EDGE ('', *, *, #163, .T.);
#202 = ORIENTED_EDGE ('', *, *, #199, .T.);
#203 = EDGE_LOOP ('', (#195, #200, #201, #202));
#204 = FACE_OUTER_BOUND ('', #203, .T.);
#205 = CARTESIAN_POINT ('', (9.99200722162641E-16, -1.55431223447522E-15, 20.));
#206 = DIRECTION ('', (-1.84837559066687E-16, -0.496973961027552, 0.86776545336893));
#207 = DIRECTION ('', (1., 1.24344978758018E-16, 2.8421709430404E-16));
#208 = AXIS2_PLACEMENT_3D ('', #205, #206, #207);
#209 = CYLINDRICAL_SURFACE ('', #208, 12.5);
#210 = ADVANCED_FACE ('', (#204), #209, .T.);
#211 = CLOSED_SHELL ('', (#172, #194, #210));
#212 = MANIFOLD_SOLID_BREP ('', #211);
#213 = CARTESIAN_POINT ('', (12.5, -0.745460941541333, 21.3016481800534));
#214 = VERTEX_POINT ('', #213);
#215 = CARTESIAN_POINT ('', (12.5, -0.745460941541333, 21.3016481800534));
#216 = CARTESIAN_POINT ('', (12.5, 10.1016072255703, 27.5138226928978));
#217 = CARTESIAN_POINT ('', (7.65404249467096E-16, 10.1016072255703, 27.5138226928978));
#218 = CARTESIAN_POINT ('', (-12.5, 10.1016072255703, 27.5138226928978));
#219 = CARTESIAN_POINT ('', (-12.5, -0.745460941541332, 21.3016481800534));
#220 = CARTESIAN_POINT ('', (-12.5, -11.5925291086529, 15.0894736672089));
#221 = CARTESIAN_POINT ('', (-2.29621274840129E-15, -11.5925291086529, 15.0894736672089));
#222 = CARTESIAN_POINT ('', (12.5, -11.5925291086529, 15.0894736672089));
#223 = CARTESIAN_POINT ('', (12.5, -0.745460941541333, 21.3016481800534));
#224 = (
   BOUNDED_CURVE ()
   B_SPLINE_CURVE (2, (#215, #216, #217, #218, #219, #220, #221, #222, #223), .UNSPECIFIED., .T., .U.)
   B_SPLINE_CURVE_WITH_KNOTS ((3, 2, 2, 2, 3), (0., 1.5707963267949, 3.14159265358979, 4.71238898038469, 6.28318530717959), .UNSPECIFIED.)
   CURVE ()
   GEOMETRIC_REPRESENTATION_ITEM ()
   RATIONAL_B_SPLINE_CURVE ((1., 0.707106781186548, 1., 0.707106781186548, 1., 0.707106781186548, 1., 0.707106781186548, 1.))
   REPRESENTATION_ITEM ('')
);
#225 = EDGE_CURVE ('', #214, #214, #224, .T.);
#226 = ORIENTED_EDGE ('', *, *, #225, .F.);
#227 = EDGE_LOOP ('', (#226));
#228 = FACE_OUTER_BOUND ('', #227, .T.);
#229 = CARTESIAN_POINT ('', (-25.704, -0.745460941541333, 21.3016481800534));
#230 = DIRECTION ('', (-5.55111512312578E-17, 0.496973961027556, -0.867765453368929));
#231 = DIRECTION ('', (0.707106781186548, 0.613602836556588, 0.351413657915723));
#232 = AXIS2_PLACEMENT_3D ('', #229, #230, #231);
#233 = PLANE ('', #232);
#234 = ADVANCED_FACE ('', (#228), #233, .T.);
#235 = CARTESIAN_POINT ('', (12.5, -0.770309639592711, 21.3450364527218));
#236 = VERTEX_POINT ('', #235);
#237 = CARTESIAN_POINT ('', (12.5, -0.770309639592711, 21.3450364527218));
#238 = CARTESIAN_POINT ('', (12.5, 10.0767585275189, 27.5572109655663));
#239 = CARTESIAN_POINT ('', (7.65404249467096E-16, 10.0767585275189, 27.5572109655663));
#240 = CARTESIAN_POINT ('', (-12.5, 10.0767585275189, 27.5572109655663));
#241 = CARTESIAN_POINT ('', (-12.5, -0.77030963959271, 21.3450364527218));
#242 = CARTESIAN_POINT ('', (-12.5, -11.6173778067043, 15.1328619398774));
#243 = CARTESIAN_POINT ('', (-2.29621274840129E-15, -11.6173778067043, 15.1328619398774));
#244 = CARTESIAN_POINT ('', (12.5, -11.6173778067043, 15.1328619398774));
#245 = CARTESIAN_POINT ('', (12.5, -0.770309639592711, 21.3450364527218));
#246 = (
   BOUNDED_CURVE ()
   B_SPLINE_CURVE (2, (#237, #238, #239, #240, #241, #242, #243, #244, #245), .UNSPECIFIED., .T., .U.)
   B_SPLINE_CURVE_WITH_KNOTS ((3, 2, 2, 2, 3), (0., 1.5707963267949, 3.14159265358979, 4.71238898038469, 6.28318530717959), .UNSPECIFIED.)
   CURVE ()
   GEOMETRIC_REPRESENTATION_ITEM ()
   RATIONAL_B_SPLINE_CURVE ((1., 0.707106781186548, 1., 0.707106781186548, 1., 0.707106781186548, 1., 0.707106781186548, 1.))
   REPRESENTATION_ITEM ('')
);
#247 = EDGE_CURVE ('', #236, #236, #246, .T.);
#248 = ORIENTED_EDGE ('', *, *, #247, .T.);
#249 = EDGE_LOOP ('', (#248));
#250 = FACE_OUTER_BOUND ('', #249, .T.);
#251 = CARTESIAN_POINT ('', (0., 21.5347335738022, 34.1192551469741));
#252 = DIRECTION ('', (0., -0.496973961027556, 0.867765453368928));
#253 = DIRECTION ('', (-0.707106781186548, -0.613602836556588, -0.351413657915723));
#254 = AXIS2_PLACEMENT_3D ('', #251, #252, #253);
#255 = PLANE ('', #254);
#256 = ADVANCED_FACE ('', (#250), #255, .T.);
#257 = ORIENTED_EDGE ('', *, *, #247, .F.);
#258 = CARTESIAN_POINT ('', (12.5, -0.745460941541333, 21.3016481800534));
#259 = CARTESIAN_POINT ('', (12.5, -0.770309639592711, 21.3450364527218));
#260 = B_SPLINE_CURVE_WITH_KNOTS ('', 1, (#258, #259), .UNSPECIFIED., .F., .U., (2, 2), (0., 1.), .UNSPECIFIED.);
#261 = EDGE_CURVE ('', #214, #236, #260, .T.);
#262 = ORIENTED_EDGE ('', *, *, #261, .F.);
#263 = ORIENTED_EDGE ('', *, *, #225, .T.);
#264 = ORIENTED_EDGE ('', *, *, #261, .T.);
#265 = EDGE_LOOP ('', (#257, #262, #263, #264));
#266 = FACE_OUTER_BOUND ('', #265, .T.);
#267 = CARTESIAN_POINT ('', (9.99200722162641E-16, -0.745460941541335, 21.3016481800534));
#268 = DIRECTION ('', (-1.84837559066723E-16, -0.496973961027424, 0.867765453369004));
#269 = DIRECTION ('', (1., 1.24344978758018E-16, 2.8421709430404E-16));
#270 = AXIS2_PLACEMENT_3D ('', #267, #268, #269);
#271 = CYLINDRICAL_SURFACE ('', #270, 12.5);
#272 = ADVANCED_FACE ('', (#266), #271, .T.);
#273 = CLOSED_SHELL ('', (#234, #256, #272));
#274 = MANIFOLD_SOLID_BREP ('', #273);
#275 = CARTESIAN_POINT ('', (12.5, -0.770309639592711, 21.3450364527218));
#276 = VERTEX_POINT ('', #275);
#277 = CARTESIAN_POINT ('', (12.5, -0.770309639592711, 21.3450364527218));
#278 = CARTESIAN_POINT ('', (12.5, 10.0767585275189, 27.5572109655663));
#279 = CARTESIAN_POINT ('', (7.65404249467096E-16, 10.0767585275189, 27.5572109655663));
#280 = CARTESIAN_POINT ('', (-12.5, 10.0767585275189, 27.5572109655663));
#281 = CARTESIAN_POINT ('', (-12.5, -0.77030963959271, 21.3450364527218));
#282 = CARTESIAN_POINT ('', (-12.5, -11.6173778067043, 15.1328619398774));
#283 = CARTESIAN_POINT ('', (-2.29621274840129E-15, -11.6173778067043, 15.1328619398774));
#284 = CARTESIAN_POINT ('', (12.5, -11.6173778067043, 15.1328619398774));
#285 = CARTESIAN_POINT ('', (12.5, -0.770309639592711, 21.3450364527218));
#286 = (
   BOUNDED_CURVE ()
   B_SPLINE_CURVE (2, (#277, #278, #279, #280, #281, #282, #283, #284, #285), .UNSPECIFIED., .T., .U.)
   B_SPLINE_CURVE_WITH_KNOTS ((3, 2, 2, 2, 3), (0., 1.5707963267949, 3.14159265358979, 4.71238898038469, 6.28318530717959), .UNSPECIFIED.)
   CURVE ()
   GEOMETRIC_REPRESENTATION_ITEM ()
   RATIONAL_B_SPLINE_CURVE ((1., 0.707106781186548, 1., 0.707106781186548, 1., 0.707106781186548, 1., 0.707106781186548, 1.))
   REPRESENTATION_ITEM ('')
);
#287 = EDGE_CURVE ('', #276, #276, #286, .T.);
#288 = ORIENTED_EDGE ('', *, *, #287, .F.);
#289 = EDGE_LOOP ('', (#288));
#290 = FACE_OUTER_BOUND ('', #289, .T.);
#291 = CARTESIAN_POINT ('', (-25.704, -0.770309639592711, 21.3450364527218));
#292 = DIRECTION ('', (0., 0.496973961027556, -0.867765453368928));
#293 = DIRECTION ('', (0.707106781186548, 0.613602836556588, 0.351413657915723));
#294 = AXIS2_PLACEMENT_3D ('', #291, #292, #293);
#295 = PLANE ('', #294);
#296 = ADVANCED_FACE ('', (#290), #295, .T.);
#297 = CARTESIAN_POINT ('', (12.5, -0.795158337644089, 21.3884247253903));
#298 = VERTEX_POINT ('', #297);
#299 = CARTESIAN_POINT ('', (12.5, -0.795158337644089, 21.3884247253903));
#300 = CARTESIAN_POINT ('', (12.5, 10.0519098294675, 27.6005992382347));
#301 = CARTESIAN_POINT ('', (7.65404249467096E-16, 10.0519098294675, 27.6005992382347));
#302 = CARTESIAN_POINT ('', (-12.5, 10.0519098294675, 27.6005992382347));
#303 = CARTESIAN_POINT ('', (-12.5, -0.795158337644087, 21.3884247253903));
#304 = CARTESIAN_POINT ('', (-12.5, -11.6422265047557, 15.1762502125458));
#305 = CARTESIAN_POINT ('', (-2.29621274840129E-15, -11.6422265047557, 15.1762502125458));
#306 = CARTESIAN_POINT ('', (12.5, -11.6422265047557, 15.1762502125458));
#307 = CARTESIAN_POINT ('', (12.5, -0.795158337644089, 21.3884247253903));
#308 = (
   BOUNDED_CURVE ()
   B_SPLINE_CURVE (2, (#299, #300, #301, #302, #303, #304, #305, #306, #307), .UNSPECIFIED., .T., .U.)
   B_SPLINE_CURVE_WITH_KNOTS ((3, 2, 2, 2, 3), (0., 1.5707963267949, 3.14159265358979, 4.71238898038469, 6.28318530717959), .UNSPECIFIED.)
   CURVE ()
   GEOMETRIC_REPRESENTATION_ITEM ()
   RATIONAL_B_SPLINE_CURVE ((1., 0.707106781186548, 1., 0.707106781186548, 1., 0.707106781186548, 1., 0.707106781186548, 1.))
   REPRESENTATION_ITEM ('')
);
#309 = EDGE_CURVE ('', #298, #298, #308, .T.);
#310 = ORIENTED_EDGE ('', *, *, #309, .T.);
#311 = EDGE_LOOP ('', (#310));
#312 = FACE_OUTER_BOUND ('', #311, .T.);
#313 = CARTESIAN_POINT ('', (0., 21.5098848757508, 34.1626434196426));
#314 = DIRECTION ('', (0., -0.496973961027555, 0.867765453368929));
#315 = DIRECTION ('', (-0.707106781186548, -0.613602836556588, -0.351413657915723));
#316 = AXIS2_PLACEMENT_3D ('', #313, #314, #315);
#317 = PLANE ('', #316);
#318 = ADVANCED_FACE ('', (#312), #317, .T.);
#319 = ORIENTED_EDGE ('', *, *, #309, .F.);
#320 = CARTESIAN_POINT ('', (12.5, -0.770309639592711, 21.3450364527218));
#321 = CARTESIAN_POINT ('', (12.5, -0.795158337644089, 21.3884247253903));
#322 = B_SPLINE_CURVE_WITH_KNOTS ('', 1, (#320, #321), .UNSPECIFIED., .F., .U., (2, 2), (0., 1.), .UNSPECIFIED.);
#323 = EDGE_CURVE ('', #276, #298, #322, .T.);
#324 = ORIENTED_EDGE ('', *, *, #323, .F.);
#325 = ORIENTED_EDGE ('', *, *, #287, .T.);
#326 = ORIENTED_EDGE ('', *, *, #323, .T.);
#327 = EDGE_LOOP ('', (#319, #324, #325, #326));
#328 = FACE_OUTER_BOUND ('', #327, .T.);
#329 = CARTESIAN_POINT ('', (3.21964677141295E-15, -0.770309639592709, 21.3450364527218));
#330 = DIRECTION ('', (1.58353466226439E-16, -0.496973961027535, 0.86776545336894));
#331 = DIRECTION ('', (1., -1.77635683940025E-16, -2.8421709430404E-16));
#332 = AXIS2_PLACEMENT_3D ('', #329, #330, #331);
#333 = CYLINDRICAL_SURFACE ('', #332, 12.5);
#334 = ADVANCED_FACE ('', (#328), #333, .T.);
#335 = CLOSED_SHELL ('', (#296, #318, #334));
#336 = MANIFOLD_SOLID_BREP ('', #335);
#337 = CARTESIAN_POINT ('', (12.5, -0.795158337644089, 21.3884247253903));
#338 = VERTEX_POINT ('', #337);
#339 = CARTESIAN_POINT ('', (12.5, -0.795158337644089, 21.3884247253903));
#340 = CARTESIAN_POINT ('', (12.5, 10.0519098294675, 27.6005992382347));
#341 = CARTESIAN_POINT ('', (7.65404249467096E-16, 10.0519098294675, 27.6005992382347));
#342 = CARTESIAN_POINT ('', (-12.5, 10.0519098294675, 27.6005992382347));
#343 = CARTESIAN_POINT ('', (-12.5, -0.795158337644087, 21.3884247253903));
#344 = CARTESIAN_POINT ('', (-12.5, -11.6422265047557, 15.1762502125458));
#345 = CARTESIAN_POINT ('', (-2.29621274840129E-15, -11.6422265047557, 15.1762502125458));
#346 = CARTESIAN_POINT ('', (12.5, -11.6422265047557, 15.1762502125458));
#347 = CARTESIAN_POINT ('', (12.5, -0.795158337644089, 21.3884247253903));
#348 = (
   BOUNDED_CURVE ()
   B_SPLINE_CURVE (2, (#339, #340, #341, #342, #343, #344, #345, #346, #347), .UNSPECIFIED., .T., .U.)
   B_SPLINE_CURVE_WITH_KNOTS ((3, 2, 2, 2, 3), (0., 1.5707963267949, 3.14159265358979, 4.71238898038469, 6.28318530717959), .UNSPECIFIED.)
   CURVE ()
   GEOMETRIC_REPRESENTATION_ITEM ()
   RATIONAL_B_SPLINE_CURVE ((1., 0.707106781186548, 1., 0.707106781186548, 1., 0.707106781186548, 1., 0.707106781186548, 1.))
   REPRESENTATION_ITEM ('')
);
#349 = EDGE_CURVE ('', #338, #338, #348, .T.);
#350 = ORIENTED_EDGE ('', *, *, #349, .F.);
#351 = EDGE_LOOP ('', (#350));
#352 = FACE_OUTER_BOUND ('', #351, .T.);
#353 = CARTESIAN_POINT ('', (-25.704, -0.795158337644089, 21.3884247253903));
#354 = DIRECTION ('', (8.32667268468867E-17, 0.496973961027556, -0.867765453368928));
#355 = DIRECTION ('', (0.707106781186548, 0.613602836556588, 0.351413657915724));
#356 = AXIS2_PLACEMENT_3D ('', #353, #354, #355);
#357 = PLANE ('', #356);
#358 = ADVANCED_FACE ('', (#352), #357, .T.);
#359 = CARTESIAN_POINT ('', (9.11217989886837, -1.54061927918542, 22.6900729054437));
#360 = VERTEX_POINT ('', #359);
#361 = CARTESIAN_POINT ('', (9.11217989886837, -1.54061927918542, 22.6900729054437));
#362 = CARTESIAN_POINT ('', (9.11217989886837, 6.36661564193533, 27.21858904338));
#363 = CARTESIAN_POINT ('', (5.579600973202E-16, 6.36661564193533, 27.21858904338));
#364 = CARTESIAN_POINT ('', (-9.11217989886837, 6.36661564193533, 27.21858904338));
#365 = CARTESIAN_POINT ('', (-9.11217989886837, -1.54061927918542, 22.6900729054437));
#366 = CARTESIAN_POINT ('', (-9.11217989886837, -9.44785420030617, 18.1615567675074));
#367 = CARTESIAN_POINT ('', (-1.6738802919606E-15, -9.44785420030617, 18.1615567675074));
#368 = CARTESIAN_POINT ('', (9.11217989886837, -9.44785420030617, 18.1615567675074));
#369 = CARTESIAN_POINT ('', (9.11217989886837, -1.54061927918542, 22.6900729054437));
#370 = (
   BOUNDED_CURVE ()
   B_SPLINE_CURVE (2, (#361, #362, #363, #364, #365, #366, #367, #368, #369), .UNSPECIFIED., .T., .U.)
   B_SPLINE_CURVE_WITH_KNOTS ((3, 2, 2, 2, 3), (0., 1.5707963267949, 3.14159265358979, 4.71238898038469, 6.28318530717959), .UNSPECIFIED.)
   CURVE ()
   GEOMETRIC_REPRESENTATION_ITEM ()
   RATIONAL_B_SPLINE_CURVE ((1., 0.707106781186548, 1., 0.707106781186548, 1., 0.707106781186548, 1., 0.707106781186548, 1.))
   REPRESENTATION_ITEM ('')
);
#371 = EDGE_CURVE ('', #360, #360, #370, .T.);
#372 = ORIENTED_EDGE ('', *, *, #371, .T.);
#373 = EDGE_LOOP ('', (#372));
#374 = FACE_OUTER_BOUND ('', #373, .T.);
#375 = CARTESIAN_POINT ('', (0., 14.7671641123882, 32.0296285148833));
#376 = DIRECTION ('', (0., -0.496973961027555, 0.867765453368928));
#377 = DIRECTION ('', (-0.707106781186548, -0.613602836556588, -0.351413657915723));
#378 = AXIS2_PLACEMENT_3D ('', #375, #376, #377);
#379 = PLANE ('', #378);
#380 = ADVANCED_FACE ('', (#374), #379, .T.);
#381 = CARTESIAN_POINT ('', (12.5, -1.54061927918542, 22.6900729054437));
#382 = VERTEX_POINT ('', #381);
#383 = CARTESIAN_POINT ('', (12.5, -1.54061927918542, 22.6900729054437));
#384 = CARTESIAN_POINT ('', (12.5, 9.30644888792618, 28.9022474182881));
#385 = CARTESIAN_POINT ('', (7.65404249467096E-16, 9.30644888792618, 28.9022474182881));
#386 = CARTESIAN_POINT ('', (-12.5, 9.30644888792618, 28.9022474182881));
#387 = CARTESIAN_POINT ('', (-12.5, -1.54061927918542, 22.6900729054437));
#388 = CARTESIAN_POINT ('', (-12.5, -12.387687446297, 16.4778983925992));
#389 = CARTESIAN_POINT ('', (-2.29621274840129E-15, -12.387687446297, 16.4778983925992));
#390 = CARTESIAN_POINT ('', (12.5, -12.387687446297, 16.4778983925992));
#391 = CARTESIAN_POINT ('', (12.5, -1.54061927918542, 22.6900729054437));
#392 = (
   BOUNDED_CURVE ()
   B_SPLINE_CURVE (2, (#383, #384, #385, #386, #387, #388, #389, #390, #391), .UNSPECIFIED., .T., .U.)
   B_SPLINE_CURVE_WITH_KNOTS ((3, 2, 2, 2, 3), (0., 1.5707963267949, 3.14159265358979, 4.71238898038469, 6.28318530717959), .UNSPECIFIED.)
   CURVE ()
   GEOMETRIC_REPRESENTATION_ITEM ()
   RATIONAL_B_SPLINE_CURVE ((1., 0.707106781186548, 1., 0.707106781186548, 1., 0.707106781186548, 1., 0.707106781186548, 1.))
   REPRESENTATION_ITEM ('')
);
#393 = EDGE_CURVE ('', #382, #382, #392, .T.);
#394 = ORIENTED_EDGE ('', *, *, #393, .T.);
#395 = EDGE_LOOP ('', (#394));
#396 = FACE_OUTER_BOUND ('', #395, .T.);
#397 = ORIENTED_EDGE ('', *, *, #371, .F.);
#398 = EDGE_LOOP ('', (#397));
#399 = FACE_BOUND ('', #398, .T.);
#400 = CARTESIAN_POINT ('', (0., -1.54061927918542, 22.6900729054437));
#401 = DIRECTION ('', (0., -0.496973961027555, 0.867765453368929));
#402 = DIRECTION ('', (1., 0., 0.));
#403 = AXIS2_PLACEMENT_3D ('', #400, #401, #402);
#404 = PLANE ('', #403);
#405 = ADVANCED_FACE ('', (#396, #399), #404, .T.);
#406 = ORIENTED_EDGE ('', *, *, #393, .F.);
#407 = CARTESIAN_POINT ('', (12.5, -0.795158337644089, 21.3884247253903));
#408 = CARTESIAN_POINT ('', (12.5, -1.54061927918542, 22.6900729054437));
#409 = B_SPLINE_CURVE_WITH_KNOTS ('', 1, (#407, #408), .UNSPECIFIED., .F., .U., (2, 2), (0., 1.), .UNSPECIFIED.);
#410 = EDGE_CURVE ('', #338, #382, #409, .T.);
#411 = ORIENTED_EDGE ('', *, *, #410, .F.);
#412 = ORIENTED_EDGE ('', *, *, #349, .T.);
#413 = ORIENTED_EDGE ('', *, *, #410, .T.);
#414 = EDGE_LOOP ('', (#406, #411, #412, #413));
#415 = FACE_OUTER_BOUND ('', #414, .T.);
#416 = CARTESIAN_POINT ('', (-5.55111512312578E-17, -0.795158337644086, 21.3884247253903));
#417 = DIRECTION ('', (1.40697404332929E-16, -0.496973961027557, 0.867765453368928));
#418 = DIRECTION ('', (1., -2.1316282072803E-16, -2.8421709430404E-16));
#419 = AXIS2_PLACEMENT_3D ('', #416, #417, #418);
#420 = CYLINDRICAL_SURFACE ('', #419, 12.5);
#421 = ADVANCED_FACE ('', (#415), #420, .T.);
#422 = CLOSED_SHELL ('', (#358, #380, #405, #421));
#423 = MANIFOLD_SOLID_BREP ('', #422);
#424 = CARTESIAN_POINT ('', (25.4, -90.3741515183642, 74.8083967118209));
#425 = VERTEX_POINT ('', #424);
#426 = CARTESIAN_POINT ('', (25.4, -90.3741515183642, 74.8083967118209));
#427 = CARTESIAN_POINT ('', (25.4, -77.5208939096867, 96.7162439096853));
#428 = CARTESIAN_POINT ('', (1.55530143491714E-15, -77.5208939096867, 96.7162439096853));
#429 = CARTESIAN_POINT ('', (-25.4, -77.5208939096867, 96.7162439096853));
#430 = CARTESIAN_POINT ('', (-25.4, -90.3741515183642, 74.8083967118209));
#431 = CARTESIAN_POINT ('', (-25.4, -103.227409127042, 52.9005495139566));
#432 = CARTESIAN_POINT ('', (-4.66590430475142E-15, -103.227409127042, 52.9005495139566));
#433 = CARTESIAN_POINT ('', (25.4, -103.227409127042, 52.9005495139566));
#434 = CARTESIAN_POINT ('', (25.4, -90.3741515183642, 74.8083967118209));
#435 = (
   BOUNDED_CURVE ()
   B_SPLINE_CURVE (2, (#426, #427, #428, #429, #430, #431, #432, #433, #434), .UNSPECIFIED., .T., .U.)
   B_SPLINE_CURVE_WITH_KNOTS ((3, 2, 2, 2, 3), (0., 1.5707963267949, 3.14159265358979, 4.71238898038469, 6.28318530717959), .UNSPECIFIED.)
   CURVE ()
   GEOMETRIC_REPRESENTATION_ITEM ()
   RATIONAL_B_SPLINE_CURVE ((1., 0.707106781186548, 1., 0.707106781186548, 1., 0.707106781186548, 1., 0.707106781186548, 1.))
   REPRESENTATION_ITEM ('')
);
#436 = EDGE_CURVE ('', #425, #425, #435, .T.);
#437 = ORIENTED_EDGE ('', *, *, #436, .F.);
#438 = EDGE_LOOP ('', (#437));
#439 = FACE_OUTER_BOUND ('', #438, .T.);
#440 = CARTESIAN_POINT ('', (5.6843418860808E-14, -369.920207397602, 238.817093561591));
#441 = DIRECTION ('', (1., 0., 0.));
#442 = DIRECTION ('', (0., -0.506033764121164, -0.862513669207258));
#443 = AXIS2_PLACEMENT_3D ('', #440, #441, #442);
#444 = SPHERICAL_SURFACE ('', #443, 325.099999999997);
#445 = ADVANCED_FACE ('', (#439), #444, .T.);
#446 = CARTESIAN_POINT ('', (25.4, -96.7823003443834, 78.5680352975601));
#447 = VERTEX_POINT ('', #446);
#448 = CARTESIAN_POINT ('', (25.4, -96.7823003443834, 78.5680352975601));
#449 = CARTESIAN_POINT ('', (25.4, -83.9290427357058, 100.475882495424));
#450 = CARTESIAN_POINT ('', (1.55530143491714E-15, -83.9290427357058, 100.475882495424));
#451 = CARTESIAN_POINT ('', (-25.4, -83.9290427357058, 100.475882495424));
#452 = CARTESIAN_POINT ('', (-25.4, -96.7823003443834, 78.5680352975601));
#453 = CARTESIAN_POINT ('', (-25.4, -109.635557953061, 56.6601880996957));
#454 = CARTESIAN_POINT ('', (-4.66590430475142E-15, -109.635557953061, 56.6601880996957));
#455 = CARTESIAN_POINT ('', (25.4, -109.635557953061, 56.6601880996957));
#456 = CARTESIAN_POINT ('', (25.4, -96.7823003443834, 78.5680352975601));
#457 = (
   BOUNDED_CURVE ()
   B_SPLINE_CURVE (2, (#448, #449, #450, #451, #452, #453, #454, #455, #456), .UNSPECIFIED., .T., .U.)
   B_SPLINE_CURVE_WITH_KNOTS ((3, 2, 2, 2, 3), (0., 1.5707963267949, 3.14159265358979, 4.71238898038469, 6.28318530717959), .UNSPECIFIED.)
   CURVE ()
   GEOMETRIC_REPRESENTATION_ITEM ()
   RATIONAL_B_SPLINE_CURVE ((1., 0.707106781186548, 1., 0.707106781186548, 1., 0.707106781186548, 1., 0.707106781186548, 1.))
   REPRESENTATION_ITEM ('')
);
#458 = EDGE_CURVE ('', #447, #447, #457, .T.);
#459 = ORIENTED_EDGE ('', *, *, #458, .T.);
#460 = EDGE_LOOP ('', (#459));
#461 = FACE_OUTER_BOUND ('', #460, .T.);
#462 = CARTESIAN_POINT ('', (0., -176.579143308106, 125.384564996193));
#463 = DIRECTION ('', (-1., -3.79033932279491E-16, -1.28785013048342E-16));
#464 = DIRECTION ('', (-3.02882801624267E-16, 0.506033764121163, 0.862513669207258));
#465 = AXIS2_PLACEMENT_3D ('', #462, #463, #464);
#466 = SPHERICAL_SURFACE ('', #465, 95.9399999999997);
#467 = ADVANCED_FACE ('', (#461), #466, .F.);
#468 = ORIENTED_EDGE ('', *, *, #458, .F.);
#469 = CARTESIAN_POINT ('', (25.4, -90.3741515183642, 74.8083967118209));
#470 = CARTESIAN_POINT ('', (25.4, -96.7823003443834, 78.5680352975601));
#471 = B_SPLINE_CURVE_WITH_KNOTS ('', 1, (#469, #470), .UNSPECIFIED., .F., .U., (2, 2), (0., 1.), .UNSPECIFIED.);
#472 = EDGE_CURVE ('', #425, #447, #471, .T.);
#473 = ORIENTED_EDGE ('', *, *, #472, .F.);
#474 = ORIENTED_EDGE ('', *, *, #436, .T.);
#475 = ORIENTED_EDGE ('', *, *, #472, .T.);
#476 = EDGE_LOOP ('', (#468, #473, #474, #475));
#477 = FACE_OUTER_BOUND ('', #476, .T.);
#478 = CARTESIAN_POINT ('', (-4.66293670342566E-15, -90.3741515183643, 74.8083967118209));
#479 = DIRECTION ('', (1.99444257482971E-16, -0.862513669207257, 0.506033764121164));
#480 = DIRECTION ('', (1., 5.59482469102441E-16, 5.59482469102441E-16));
#481 = AXIS2_PLACEMENT_3D ('', #478, #479, #480);
#482 = CYLINDRICAL_SURFACE ('', #481, 25.4);
#483 = ADVANCED_FACE ('', (#477), #482, .T.);
#484 = CLOSED_SHELL ('', (#445, #467, #483));
#485 = MANIFOLD_SOLID_BREP ('', #484);
#486 = CARTESIAN_POINT ('', (25.4, -96.7823003443834, 78.5680352975601));
#487 = VERTEX_POINT ('', #486);
#488 = CARTESIAN_POINT ('', (25.4, -96.7823003443834, 78.5680352975601));
#489 = CARTESIAN_POINT ('', (25.4, -83.9290427357058, 100.475882495424));
#490 = CARTESIAN_POINT ('', (1.55530143491714E-15, -83.9290427357058, 100.475882495424));
#491 = CARTESIAN_POINT ('', (-25.4, -83.9290427357058, 100.475882495424));
#492 = CARTESIAN_POINT ('', (-25.4, -96.7823003443834, 78.5680352975601));
#493 = CARTESIAN_POINT ('', (-25.4, -109.635557953061, 56.6601880996958));
#494 = CARTESIAN_POINT ('', (-4.66590430475142E-15, -109.635557953061, 56.6601880996958));
#495 = CARTESIAN_POINT ('', (25.4, -109.635557953061, 56.6601880996958));
#496 = CARTESIAN_POINT ('', (25.4, -96.7823003443834, 78.5680352975601));
#497 = (
   BOUNDED_CURVE ()
   B_SPLINE_CURVE (2, (#488, #489, #490, #491, #492, #493, #494, #495, #496), .UNSPECIFIED., .T., .U.)
   B_SPLINE_CURVE_WITH_KNOTS ((3, 2, 2, 2, 3), (0., 1.5707963267949, 3.14159265358979, 4.71238898038469, 6.28318530717959), .UNSPECIFIED.)
   CURVE ()
   GEOMETRIC_REPRESENTATION_ITEM ()
   RATIONAL_B_SPLINE_CURVE ((1., 0.707106781186548, 1., 0.707106781186548, 1., 0.707106781186548, 1., 0.707106781186548, 1.))
   REPRESENTATION_ITEM ('')
);
#498 = EDGE_CURVE ('', #487, #487, #497, .T.);
#499 = ORIENTED_EDGE ('', *, *, #498, .F.);
#500 = EDGE_LOOP ('', (#499));
#501 = FACE_OUTER_BOUND ('', #500, .T.);
#502 = CARTESIAN_POINT ('', (7.105427357601E-15, -176.579143308106, 125.384564996192));
#503 = DIRECTION ('', (1., 7.24960838925076E-17, -3.93696100089099E-16));
#504 = DIRECTION ('', (-3.02882801624267E-16, -0.506033764121163, -0.862513669207258));
#505 = AXIS2_PLACEMENT_3D ('', #502, #503, #504);
#506 = SPHERICAL_SURFACE ('', #505, 95.9399999999997);
#507 = ADVANCED_FACE ('', (#501), #506, .T.);
#508 = CARTESIAN_POINT ('', (25.4, -98.3852101751796, 79.5084569096259));
#509 = VERTEX_POINT ('', #508);
#510 = CARTESIAN_POINT ('', (25.4, -98.3852101751796, 79.5084569096259));
#511 = CARTESIAN_POINT ('', (25.4, -85.5319525665021, 101.41630410749));
#512 = CARTESIAN_POINT ('', (1.55530143491714E-15, -85.5319525665021, 101.41630410749));
#513 = CARTESIAN_POINT ('', (-25.4, -85.5319525665021, 101.41630410749));
#514 = CARTESIAN_POINT ('', (-25.4, -98.3852101751796, 79.5084569096259));
#515 = CARTESIAN_POINT ('', (-25.4, -111.238467783857, 57.6006097117615));
#516 = CARTESIAN_POINT ('', (-4.66590430475142E-15, -111.238467783857, 57.6006097117615));
#517 = CARTESIAN_POINT ('', (25.4, -111.238467783857, 57.6006097117615));
#518 = CARTESIAN_POINT ('', (25.4, -98.3852101751796, 79.5084569096259));
#519 = (
   BOUNDED_CURVE ()
   B_SPLINE_CURVE (2, (#510, #511, #512, #513, #514, #515, #516, #517, #518), .UNSPECIFIED., .T., .U.)
   B_SPLINE_CURVE_WITH_KNOTS ((3, 2, 2, 2, 3), (0., 1.5707963267949, 3.14159265358979, 4.71238898038469, 6.28318530717959), .UNSPECIFIED.)
   CURVE ()
   GEOMETRIC_REPRESENTATION_ITEM ()
   RATIONAL_B_SPLINE_CURVE ((1., 0.707106781186548, 1., 0.707106781186548, 1., 0.707106781186548, 1., 0.707106781186548, 1.))
   REPRESENTATION_ITEM ('')
);
#520 = EDGE_CURVE ('', #509, #509, #519, .T.);
#521 = ORIENTED_EDGE ('', *, *, #520, .T.);
#522 = EDGE_LOOP ('', (#521));
#523 = FACE_OUTER_BOUND ('', #522, .T.);
#524 = CARTESIAN_POINT ('', (4.2632564145606E-14, -4.30066302064866, 24.3093809506314));
#525 = DIRECTION ('', (-1., -5.5085125508638E-16, 2.23738631064662E-17));
#526 = DIRECTION ('', (2.59451571319929E-16, -0.506033764121164, -0.862513669207258));
#527 = AXIS2_PLACEMENT_3D ('', #524, #525, #526);
#528 = SPHERICAL_SURFACE ('', #527, 112.);
#529 = ADVANCED_FACE ('', (#523), #528, .T.);
#530 = ORIENTED_EDGE ('', *, *, #520, .F.);
#531 = CARTESIAN_POINT ('', (25.4, -96.7823003443834, 78.5680352975601));
#532 = CARTESIAN_POINT ('', (25.4, -98.3852101751796, 79.5084569096259));
#533 = B_SPLINE_CURVE_WITH_KNOTS ('', 1, (#531, #532), .UNSPECIFIED., .F., .U., (2, 2), (0., 1.), .UNSPECIFIED.);
#534 = EDGE_CURVE ('', #487, #509, #533, .T.);
#535 = ORIENTED_EDGE ('', *, *, #534, .F.);
#536 = ORIENTED_EDGE ('', *, *, #498, .T.);
#537 = ORIENTED_EDGE ('', *, *, #534, .T.);
#538 = EDGE_LOOP ('', (#530, #535, #536, #537));
#539 = FACE_OUTER_BOUND ('', #538, .T.);
#540 = CARTESIAN_POINT ('', (-8.77076189453874E-15, -96.7823003443834, 78.5680352975601));
#541 = DIRECTION ('', (-2.83117019799714E-16, -0.862513669207254, 0.50603376412117));
#542 = DIRECTION ('', (1., 0., 5.59482469102441E-16));
#543 = AXIS2_PLACEMENT_3D ('', #540, #541, #542);
#544 = CYLINDRICAL_SURFACE ('', #543, 25.4);
#545 = ADVANCED_FACE ('', (#539), #544, .T.);
#546 = CLOSED_SHELL ('', (#507, #529, #545));
#547 = MANIFOLD_SOLID_BREP ('', #546);
#548 = CARTESIAN_POINT ('', (25.4, -105.902700142826, 83.918942077435));
#549 = VERTEX_POINT ('', #548);
#550 = CARTESIAN_POINT ('', (25.4, -105.902700142826, 83.918942077435));
#551 = CARTESIAN_POINT ('', (25.4, -93.0494425341487, 105.826789275299));
#552 = CARTESIAN_POINT ('', (1.55530143491714E-15, -93.0494425341487, 105.826789275299));
#553 = CARTESIAN_POINT ('', (-25.4, -93.0494425341487, 105.826789275299));
#554 = CARTESIAN_POINT ('', (-25.4, -105.902700142826, 83.918942077435));
#555 = CARTESIAN_POINT ('', (-25.4, -118.755957751504, 62.0110948795707));
#556 = CARTESIAN_POINT ('', (-4.66590430475142E-15, -118.755957751504, 62.0110948795707));
#557 = CARTESIAN_POINT ('', (25.4, -118.755957751504, 62.0110948795707));
#558 = CARTESIAN_POINT ('', (25.4, -105.902700142826, 83.918942077435));
#559 = (
   BOUNDED_CURVE ()
   B_SPLINE_CURVE (2, (#550, #551, #552, #553, #554, #555, #556, #557, #558), .UNSPECIFIED., .T., .U.)
   B_SPLINE_CURVE_WITH_KNOTS ((3, 2, 2, 2, 3), (0., 1.5707963267949, 3.14159265358979, 4.71238898038469, 6.28318530717959), .UNSPECIFIED.)
   CURVE ()
   GEOMETRIC_REPRESENTATION_ITEM ()
   RATIONAL_B_SPLINE_CURVE ((1., 0.707106781186548, 1., 0.707106781186548, 1., 0.707106781186548, 1., 0.707106781186548, 1.))
   REPRESENTATION_ITEM ('')
);
#560 = EDGE_CURVE ('', #549, #549, #559, .T.);
#561 = ORIENTED_EDGE ('', *, *, #560, .F.);
#562 = EDGE_LOOP ('', (#561));
#563 = FACE_OUTER_BOUND ('', #562, .T.);
#564 = CARTESIAN_POINT ('', (0., -177.529633371573, 125.942214204254));
#565 = DIRECTION ('', (1., 0., 0.));
#566 = DIRECTION ('', (0., -0.506033764121164, -0.862513669207258));
#567 = AXIS2_PLACEMENT_3D ('', #564, #565, #566);
#568 = SPHERICAL_SURFACE ('', #567, 86.842);
#569 = ADVANCED_FACE ('', (#563), #568, .T.);
#570 = CARTESIAN_POINT ('', (25.4, -108.839392839006, 85.6418894487859));
#571 = VERTEX_POINT ('', #570);
#572 = CARTESIAN_POINT ('', (25.4, -108.839392839006, 85.6418894487859));
#573 = CARTESIAN_POINT ('', (25.4, -95.9861352303281, 107.54973664665));
#574 = CARTESIAN_POINT ('', (1.55530143491714E-15, -95.9861352303281, 107.54973664665));
#575 = CARTESIAN_POINT ('', (-25.4, -95.9861352303281, 107.54973664665));
#576 = CARTESIAN_POINT ('', (-25.4, -108.839392839006, 85.6418894487859));
#577 = CARTESIAN_POINT ('', (-25.4, -121.692650447683, 63.7340422509215));
#578 = CARTESIAN_POINT ('', (-4.66590430475142E-15, -121.692650447683, 63.7340422509215));
#579 = CARTESIAN_POINT ('', (25.4, -121.692650447683, 63.7340422509215));
#580 = CARTESIAN_POINT ('', (25.4, -108.839392839006, 85.6418894487859));
#581 = (
   BOUNDED_CURVE ()
   B_SPLINE_CURVE (2, (#572, #573, #574, #575, #576, #577, #578, #579, #580), .UNSPECIFIED., .T., .U.)
   B_SPLINE_CURVE_WITH_KNOTS ((3, 2, 2, 2, 3), (0., 1.5707963267949, 3.14159265358979, 4.71238898038469, 6.28318530717959), .UNSPECIFIED.)
   CURVE ()
   GEOMETRIC_REPRESENTATION_ITEM ()
   RATIONAL_B_SPLINE_CURVE ((1., 0.707106781186548, 1., 0.707106781186548, 1., 0.707106781186548, 1., 0.707106781186548, 1.))
   REPRESENTATION_ITEM ('')
);
#582 = EDGE_CURVE ('', #571, #571, #581, .T.);
#583 = ORIENTED_EDGE ('', *, *, #582, .T.);
#584 = EDGE_LOOP ('', (#583));
#585 = FACE_OUTER_BOUND ('', #584, .T.);
#586 = CARTESIAN_POINT ('', (-3.5527136788005E-14, -37.2124596102592, 43.6186173219668));
#587 = DIRECTION ('', (-1., 0., 0.));
#588 = DIRECTION ('', (0., -0.506033764121164, -0.862513669207258));
#589 = AXIS2_PLACEMENT_3D ('', #586, #587, #588);
#590 = SPHERICAL_SURFACE ('', #589, 86.842);
#591 = ADVANCED_FACE ('', (#585), #590, .T.);
#592 = ORIENTED_EDGE ('', *, *, #582, .F.);
#593 = CARTESIAN_POINT ('', (25.4, -105.902700142826, 83.918942077435));
#594 = CARTESIAN_POINT ('', (25.4, -108.839392839006, 85.6418894487859));
#595 = B_SPLINE_CURVE_WITH_KNOTS ('', 1, (#593, #594), .UNSPECIFIED., .F., .U., (2, 2), (0., 1.), .UNSPECIFIED.);
#596 = EDGE_CURVE ('', #549, #571, #595, .T.);
#597 = ORIENTED_EDGE ('', *, *, #596, .F.);
#598 = ORIENTED_EDGE ('', *, *, #560, .T.);
#599 = ORIENTED_EDGE ('', *, *, #596, .T.);
#600 = EDGE_LOOP ('', (#592, #597, #598, #599));
#601 = FACE_OUTER_BOUND ('', #600, .T.);
#602 = CARTESIAN_POINT ('', (1.4432899320127E-15, -105.902700142826, 83.918942077435));
#603 = DIRECTION ('', (4.82561277282682E-16, -0.862513669207257, 0.506033764121165));
#604 = DIRECTION ('', (1., 5.59482469102441E-16, 0.));
#605 = AXIS2_PLACEMENT_3D ('', #602, #603, #604);
#606 = CYLINDRICAL_SURFACE ('', #605, 25.4);
#607 = ADVANCED_FACE ('', (#601), #606, .T.);
#608 = CLOSED_SHELL ('', (#569, #591, #607));
#609 = MANIFOLD_SOLID_BREP ('', #608);
#610 = CARTESIAN_POINT ('', (25.4, -108.839392839006, 85.6418894487859));
#611 = VERTEX_POINT ('', #610);
#612 = CARTESIAN_POINT ('', (25.4, -108.839392839006, 85.6418894487859));
#613 = CARTESIAN_POINT ('', (25.4, -95.9861352303281, 107.54973664665));
#614 = CARTESIAN_POINT ('', (1.55530143491714E-15, -95.9861352303281, 107.54973664665));
#615 = CARTESIAN_POINT ('', (-25.4, -95.9861352303281, 107.54973664665));
#616 = CARTESIAN_POINT ('', (-25.4, -108.839392839006, 85.6418894487859));
#617 = CARTESIAN_POINT ('', (-25.4, -121.692650447683, 63.7340422509215));
#618 = CARTESIAN_POINT ('', (-4.66590430475142E-15, -121.692650447683, 63.7340422509215));
#619 = CARTESIAN_POINT ('', (25.4, -121.692650447683, 63.7340422509215));
#620 = CARTESIAN_POINT ('', (25.4, -108.839392839006, 85.6418894487859));
#621 = (
   BOUNDED_CURVE ()
   B_SPLINE_CURVE (2, (#612, #613, #614, #615, #616, #617, #618, #619, #620), .UNSPECIFIED., .T., .U.)
   B_SPLINE_CURVE_WITH_KNOTS ((3, 2, 2, 2, 3), (0., 1.5707963267949, 3.14159265358979, 4.71238898038469, 6.28318530717959), .UNSPECIFIED.)
   CURVE ()
   GEOMETRIC_REPRESENTATION_ITEM ()
   RATIONAL_B_SPLINE_CURVE ((1., 0.707106781186548, 1., 0.707106781186548, 1., 0.707106781186548, 1., 0.707106781186548, 1.))
   REPRESENTATION_ITEM ('')
);
#622 = EDGE_CURVE ('', #611, #611, #621, .T.);
#623 = ORIENTED_EDGE ('', *, *, #622, .F.);
#624 = EDGE_LOOP ('', (#623));
#625 = FACE_OUTER_BOUND ('', #624, .T.);
#626 = CARTESIAN_POINT ('', (7.105427357601E-15, -37.2124596102592, 43.6186173219667));
#627 = DIRECTION ('', (1., 0., 0.));
#628 = DIRECTION ('', (0., 0.506033764121164, 0.862513669207257));
#629 = AXIS2_PLACEMENT_3D ('', #626, #627, #628);
#630 = SPHERICAL_SURFACE ('', #629, 86.842);
#631 = ADVANCED_FACE ('', (#625), #630, .F.);
#632 = CARTESIAN_POINT ('', (25.4, -116.547658803253, 90.1643022290031));
#633 = VERTEX_POINT ('', #632);
#634 = CARTESIAN_POINT ('', (25.4, -116.547658803253, 90.1643022290031));
#635 = CARTESIAN_POINT ('', (25.4, -103.694401194575, 112.072149426867));
#636 = CARTESIAN_POINT ('', (1.55530143491714E-15, -103.694401194575, 112.072149426867));
#637 = CARTESIAN_POINT ('', (-25.4, -103.694401194575, 112.072149426867));
#638 = CARTESIAN_POINT ('', (-25.4, -116.547658803253, 90.1643022290031));
#639 = CARTESIAN_POINT ('', (-25.4, -129.40091641193, 68.2564550311387));
#640 = CARTESIAN_POINT ('', (-4.66590430475142E-15, -129.40091641193, 68.2564550311387));
#641 = CARTESIAN_POINT ('', (25.4, -129.40091641193, 68.2564550311387));
#642 = CARTESIAN_POINT ('', (25.4, -116.547658803253, 90.1643022290031));
#643 = (
   BOUNDED_CURVE ()
   B_SPLINE_CURVE (2, (#634, #635, #636, #637, #638, #639, #640, #641, #642), .UNSPECIFIED., .T., .U.)
   B_SPLINE_CURVE_WITH_KNOTS ((3, 2, 2, 2, 3), (0., 1.5707963267949, 3.14159265358979, 4.71238898038469, 6.28318530717959), .UNSPECIFIED.)
   CURVE ()
   GEOMETRIC_REPRESENTATION_ITEM ()
   RATIONAL_B_SPLINE_CURVE ((1., 0.707106781186548, 1., 0.707106781186548, 1., 0.707106781186548, 1., 0.707106781186548, 1.))
   REPRESENTATION_ITEM ('')
);
#644 = EDGE_CURVE ('', #633, #633, #643, .T.);
#645 = ORIENTED_EDGE ('', *, *, #644, .T.);
#646 = EDGE_LOOP ('', (#645));
#647 = FACE_OUTER_BOUND ('', #646, .T.);
#648 = CARTESIAN_POINT ('', (-1.13686837721616E-13, 654.832282987538, -362.401621590762));
#649 = DIRECTION ('', (-1., -5.51651642514135E-16, 2.24063723520664E-17));
#650 = DIRECTION ('', (2.59828554714046E-16, -0.506033764121164, -0.862513669207257));
#651 = AXIS2_PLACEMENT_3D ('', #648, #649, #650);
#652 = SPHERICAL_SURFACE ('', #651, 894.7);
#653 = ADVANCED_FACE ('', (#647), #652, .T.);
#654 = ORIENTED_EDGE ('', *, *, #644, .F.);
#655 = CARTESIAN_POINT ('', (25.4, -108.839392839006, 85.6418894487859));
#656 = CARTESIAN_POINT ('', (25.4, -116.547658803253, 90.1643022290031));
#657 = B_SPLINE_CURVE_WITH_KNOTS ('', 1, (#655, #656), .UNSPECIFIED., .F., .U., (2, 2), (0., 1.), .UNSPECIFIED.);
#658 = EDGE_CURVE ('', #611, #633, #657, .T.);
#659 = ORIENTED_EDGE ('', *, *, #658, .F.);
#660 = ORIENTED_EDGE ('', *, *, #622, .T.);
#661 = ORIENTED_EDGE ('', *, *, #658, .T.);
#662 = EDGE_LOOP ('', (#654, #659, #660, #661));
#663 = FACE_OUTER_BOUND ('', #662, .T.);
#664 = CARTESIAN_POINT ('', (-3.66373598126302E-15, -108.839392839006, 85.6418894487859));
#665 = DIRECTION ('', (2.8311701979971E-16, -0.862513669207259, 0.506033764121162));
#666 = DIRECTION ('', (1., 0., -5.59482469102441E-16));
#667 = AXIS2_PLACEMENT_3D ('', #664, #665, #666);
#668 = CYLINDRICAL_SURFACE ('', #667, 25.4);
#669 = ADVANCED_FACE ('', (#663), #668, .T.);
#670 = CLOSED_SHELL ('', (#631, #653, #669));
#671 = MANIFOLD_SOLID_BREP ('', #670);
#672 = CARTESIAN_POINT ('', (12.7, -147.909188943657, 108.564002676805));
#673 = VERTEX_POINT ('', #672);
#674 = CARTESIAN_POINT ('', (12.7, -147.909188943657, 108.564002676805));
#675 = CARTESIAN_POINT ('', (12.7, -141.482560139318, 119.517926275737));
#676 = CARTESIAN_POINT ('', (7.77650717458569E-16, -141.482560139318, 119.517926275737));
#677 = CARTESIAN_POINT ('', (-12.7, -141.482560139318, 119.517926275737));
#678 = CARTESIAN_POINT ('', (-12.7, -147.909188943657, 108.564002676805));
#679 = CARTESIAN_POINT ('', (-12.7, -154.335817747996, 97.610079077873));
#680 = CARTESIAN_POINT ('', (-2.33295215237571E-15, -154.335817747996, 97.610079077873));
#681 = CARTESIAN_POINT ('', (12.7, -154.335817747996, 97.610079077873));
#682 = CARTESIAN_POINT ('', (12.7, -147.909188943657, 108.564002676805));
#683 = (
   BOUNDED_CURVE ()
   B_SPLINE_CURVE (2, (#674, #675, #676, #677, #678, #679, #680, #681, #682), .UNSPECIFIED., .T., .U.)
   B_SPLINE_CURVE_WITH_KNOTS ((3, 2, 2, 2, 3), (0., 1.5707963267949, 3.14159265358979, 4.71238898038469, 6.28318530717959), .UNSPECIFIED.)
   CURVE ()
   GEOMETRIC_REPRESENTATION_ITEM ()
   RATIONAL_B_SPLINE_CURVE ((1., 0.707106781186548, 1., 0.707106781186548, 1., 0.707106781186548, 1., 0.707106781186548, 1.))
   REPRESENTATION_ITEM ('')
);
#684 = EDGE_CURVE ('', #673, #673, #683, .T.);
#685 = ORIENTED_EDGE ('', *, *, #684, .F.);
#686 = EDGE_LOOP ('', (#685));
#687 = FACE_OUTER_BOUND ('', #686, .T.);
#688 = CARTESIAN_POINT ('', (-26.112, -147.909188943657, 108.564002676805));
#689 = DIRECTION ('', (0., 0.862513669207258, -0.506033764121163));
#690 = DIRECTION ('', (0.707106781186548, 0.357819906119428, 0.609889264362543));
#691 = AXIS2_PLACEMENT_3D ('', #688, #689, #690);
#692 = PLANE ('', #691);
#693 = ADVANCED_FACE ('', (#687), #692, .T.);
#694 = CARTESIAN_POINT ('', (12.7, -152.781592561054, 111.422624900259));
#695 = VERTEX_POINT ('', #694);
#696 = CARTESIAN_POINT ('', (12.7, -152.781592561054, 111.422624900259));
#697 = CARTESIAN_POINT ('', (12.7, -146.354963756715, 122.376548499191));
#698 = CARTESIAN_POINT ('', (7.77650717458569E-16, -146.354963756715, 122.376548499191));
#699 = CARTESIAN_POINT ('', (-12.7, -146.354963756715, 122.376548499191));
#700 = CARTESIAN_POINT ('', (-12.7, -152.781592561054, 111.422624900259));
#701 = CARTESIAN_POINT ('', (-12.7, -159.208221365392, 100.468701301327));
#702 = CARTESIAN_POINT ('', (-2.33295215237571E-15, -159.208221365392, 100.468701301327));
#703 = CARTESIAN_POINT ('', (12.7, -159.208221365392, 100.468701301327));
#704 = CARTESIAN_POINT ('', (12.7, -152.781592561054, 111.422624900259));
#705 = (
   BOUNDED_CURVE ()
   B_SPLINE_CURVE (2, (#696, #697, #698, #699, #700, #701, #702, #703, #704), .UNSPECIFIED., .T., .U.)
   B_SPLINE_CURVE_WITH_KNOTS ((3, 2, 2, 2, 3), (0., 1.5707963267949, 3.14159265358979, 4.71238898038469, 6.28318530717959), .UNSPECIFIED.)
   CURVE ()
   GEOMETRIC_REPRESENTATION_ITEM ()
   RATIONAL_B_SPLINE_CURVE ((1., 0.707106781186548, 1., 0.707106781186548, 1., 0.707106781186548, 1., 0.707106781186548, 1.))
   REPRESENTATION_ITEM ('')
);
#706 = EDGE_CURVE ('', #695, #695, #705, .T.);
#707 = ORIENTED_EDGE ('', *, *, #706, .T.);
#708 = EDGE_LOOP ('', (#707));
#709 = FACE_OUTER_BOUND ('', #708, .T.);
#710 = CARTESIAN_POINT ('', (0., -184.221014417283, 129.868024146306));
#711 = DIRECTION ('', (-1., 0., 0.));
#712 = DIRECTION ('', (0., 0.506033764121163, 0.862513669207258));
#713 = AXIS2_PLACEMENT_3D ('', #710, #711, #712);
#714 = SPHERICAL_SURFACE ('', #713, 38.6);
#715 = ADVANCED_FACE ('', (#709), #714, .F.);
#716 = ORIENTED_EDGE ('', *, *, #706, .F.);
#717 = CARTESIAN_POINT ('', (12.7, -147.909188943657, 108.564002676805));
#718 = CARTESIAN_POINT ('', (12.7, -152.781592561054, 111.422624900259));
#719 = B_SPLINE_CURVE_WITH_KNOTS ('', 1, (#717, #718), .UNSPECIFIED., .F., .U., (2, 2), (0., 1.), .UNSPECIFIED.);
#720 = EDGE_CURVE ('', #673, #695, #719, .T.);
#721 = ORIENTED_EDGE ('', *, *, #720, .F.);
#722 = ORIENTED_EDGE ('', *, *, #684, .T.);
#723 = ORIENTED_EDGE ('', *, *, #720, .T.);
#724 = EDGE_LOOP ('', (#716, #721, #722, #723));
#725 = FACE_OUTER_BOUND ('', #724, .T.);
#726 = CARTESIAN_POINT ('', (-1.11022302462516E-16, -147.909188943657, 108.564002676805));
#727 = DIRECTION ('', (0., -0.862513669207256, 0.506033764121166));
#728 = DIRECTION ('', (1., 0., 0.));
#729 = AXIS2_PLACEMENT_3D ('', #726, #727, #728);
#730 = CYLINDRICAL_SURFACE ('', #729, 12.7);
#731 = ADVANCED_FACE ('', (#725), #730, .T.);
#732 = CLOSED_SHELL ('', (#693, #715, #731));
#733 = MANIFOLD_SOLID_BREP ('', #732);
#734 = CARTESIAN_POINT ('', (0., 0., -67.42));
#735 = DIRECTION ('', (0., -6.47024876075266, 49.3487860767358));
#736 = VECTOR ('', #735, 49.771144313482);
#737 = LINE ('', #734, #736);
#738 = CARTESIAN_POINT ('', (0., 0., -67.42));
#739 = CARTESIAN_POINT ('', (0., -6.47024876075266, -18.0712139232642));
#740 = TRIMMED_CURVE ('', #737, (#738), (#739), .T., .CARTESIAN.);
#741 = PRESENTATION_LAYER_ASSIGNMENT ('Level 1', 'Level 1', (#740, #749, #756, #763, #770, #777, #784, #791, #798, #805, #812, #819, #826, #833, #840, #847, #854, #861, #868, #875, #882, #889, #896, #903, #910, #917, #924, #931, #938, #945, #952, #959, #966, #973, #980, #987, #994, #1001, #1008, #1015, #1022, #1029, #1036, #1043, #1050, #1057, #1064, #1071, #1078, #1085, #1092, #1099, #1106, #1113, #1120, #1127, #1134, #1141, #1148, #1155, #1162, #1169, #1176, #1183, #1190, #1197, #1204, #1211, #1218, #1225, #1232, #1239, #1246, #1253, #1260, #1267, #1274, #1281, #1288, #1295, #1302, #1309, #1316, #1323, #1330, #1337, #1344, #1351, #1358, #1365, #1372, #1379, #1386, #1393, #1400, #1407, #1414, #1421, #1428, #1435, #1442, #1449, #1456, #1463, #1470, #1477, #1484, #1491, #1498, #1505, #1512, #1519, #1526, #1533, #1540, #1547, #1554, #1561, #1568, #1575, #1582, #1589, #1596, #1603, #1610, #1617, #1624, #1631, #1638, #1645, #1652, #1659, #1666, #1673, #1680, #1687, #1694, #1701, #1708, #1715, #1722, #1729, #1736, #1743, #1750, #1757, #1764, #1771, #1778, #1785, #1792, #1799, #1806, #1813, #1820, #1827, #1834, #1841, #1848, #1855, #1862, #1869, #1876, #1883, #1890, #1897, #1904, #1911, #1918, #1925, #1932, #1939, #1946, #1953, #1960, #1967, #1974, #1981, #1988, #1995, #2002, #2009, #2016, #2023, #2030, #2037, #2044, #2051, #2058, #2065, #2072, #2079, #2086, #2093, #2100, #2107, #2114, #2121, #2128, #2135, #2142, #2149, #2156, #2163, #2170, #2177, #2184, #2191, #2198, #2205, #2212, #2219, #2226, #2233, #2240, #2247, #2254, #2261, #2268, #2275, #2282, #2289, #2296, #2303, #2310, #2317, #2324, #2331, #2338, #2345, #2352, #2359, #2366, #2373, #2380, #2387, #2394, #2401, #2408, #2415, #2422, #2429, #2436, #2443, #2450, #2457, #2464, #2471, #2478, #2485, #2492, #2499, #2506, #2513, #2520, #2527, #2534, #2541, #2548, #2555, #2562, #2569, #2576, #2583, #2590, #2597, #2604, #2611, #2618, #2625, #2632, #2639, #2646, #2653, #2660, #2667, #2674, #2681, #2688, #2695, #2702, #2709, #2716, #2723, #2730, #2737, #2744, #2751, #2758, #2765, #2772, #2779, #2786, #2793, #2800, #2807, #2814, #2821, #2828, #2835, #2842, #2849, #2856, #2863, #2870, #2877, #2884, #2891, #2898, #2905, #2912, #2919, #2926, #2933, #2940, #2947, #2954, #2961, #2968, #2975, #2982, #2989, #2996, #3003, #3010, #3017, #3024, #3031, #3038, #3045, #3052, #3059, #3066, #3073, #3080, #3087, #3094, #3101, #3108, #3115, #3122, #3129, #3136, #3143, #3150, #3157, #3164, #3171, #3178, #3185, #3192, #3199, #3206, #3213, #3220, #3227, #3234, #3241, #3248, #3255, #3262, #3269, #3276, #3283, #3290, #3297, #3304, #3311, #3318, #3325, #3332, #3339, #3346, #3353, #3360, #3367, #3374, #3381, #3388, #3395, #3402, #3409, #3416, #3423, #3430, #3437, #3444, #3451, #3458, #3465, #3472, #3479, #3486, #3493, #3500, #3507, #3514, #3521, #3528, #3535, #3542, #3549, #3556, #3563, #3570, #3577, #3584, #3591, #3598, #3605, #3612, #3619, #3626, #3633, #3640, #3647, #3654, #3661, #3668, #3675, #3682, #3689, #3696, #3703, #3710, #3717, #3724, #3731, #3738, #3745, #3752, #3759, #3766, #3773, #3780, #3787, #3794, #3801, #3808, #3815, #3822, #3829, #3836, #3843, #3850, #3857, #3864, #3871, #3878, #3885, #3892, #3899, #3906, #3913, #3920, #3927, #3934, #3941, #3948, #3955, #3962, #3969, #3976, #3983, #3990, #3997, #4004, #4011, #4018, #4025, #4032, #4039, #4046, #4053, #4060, #4067, #4074, #4081, #4088, #4095, #4102, #4109, #4116, #4123, #4130, #4137, #4144, #4151, #4158, #4165, #4172, #4179, #4186, #4193, #4200, #4207, #4214, #4221, #4228, #4235, #4242, #4249, #4256, #4263, #4270, #4277, #4284, #4291, #4298, #4305, #4312, #4319, #4326, #4333, #4340, #4347, #4354, #4361, #4368, #4375, #4382, #4389, #4396, #4403, #4410, #4417, #4424, #4431, #4438, #4445, #4452, #4459, #4466, #4473, #4480, #4487, #4494, #4501, #4508, #4515, #4522, #4529, #4536, #4543, #4550, #4557, #4564, #4571, #4578, #4585, #4592, #4599));
#742 = GEOMETRIC_SET ('', (#740, #749, #756, #763, #770, #777, #784, #791, #798, #805, #812, #819, #826, #833, #840, #847, #854, #861, #868, #875, #882, #889, #896, #903, #910, #917, #924, #931, #938, #945, #952, #959, #966, #973, #980, #987, #994, #1001, #1008, #1015, #1022, #1029, #1036, #1043, #1050, #1057, #1064, #1071, #1078, #1085, #1092, #1099, #1106, #1113, #1120, #1127, #1134, #1141, #1148, #1155, #1162, #1169, #1176, #1183, #1190, #1197, #1204, #1211, #1218, #1225, #1232, #1239, #1246, #1253, #1260, #1267, #1274, #1281, #1288, #1295, #1302, #1309, #1316, #1323, #1330, #1337, #1344, #1351, #1358, #1365, #1372, #1379, #1386, #1393, #1400, #1407, #1414, #1421, #1428, #1435, #1442, #1449, #1456, #1463, #1470, #1477, #1484, #1491, #1498, #1505, #1512, #1519, #1526, #1533, #1540, #1547, #1554, #1561, #1568, #1575, #1582, #1589, #1596, #1603, #1610, #1617, #1624, #1631, #1638, #1645, #1652, #1659, #1666, #1673, #1680, #1687, #1694, #1701, #1708, #1715, #1722, #1729, #1736, #1743, #1750, #1757, #1764, #1771, #1778, #1785, #1792, #1799, #1806, #1813, #1820, #1827, #1834, #1841, #1848, #1855, #1862, #1869, #1876, #1883, #1890, #1897, #1904, #1911, #1918, #1925, #1932, #1939, #1946, #1953, #1960, #1967, #1974, #1981, #1988, #1995, #2002, #2009, #2016, #2023, #2030, #2037, #2044, #2051, #2058, #2065, #2072, #2079, #2086, #2093, #2100, #2107, #2114, #2121, #2128, #2135, #2142, #2149, #2156, #2163, #2170, #2177, #2184, #2191, #2198, #2205, #2212, #2219, #2226, #2233, #2240, #2247, #2254, #2261, #2268, #2275, #2282, #2289, #2296, #2303, #2310, #2317, #2324, #2331, #2338, #2345, #2352, #2359, #2366, #2373, #2380, #2387, #2394, #2401, #2408, #2415, #2422, #2429, #2436, #2443, #2450, #2457, #2464, #2471, #2478, #2485, #2492, #2499, #2506, #2513, #2520, #2527, #2534, #2541, #2548, #2555, #2562, #2569, #2576, #2583, #2590, #2597, #2604, #2611, #2618, #2625, #2632, #2639, #2646, #2653, #2660, #2667, #2674, #2681, #2688, #2695, #2702, #2709, #2716, #2723, #2730, #2737, #2744, #2751, #2758, #2765, #2772, #2779, #2786, #2793, #2800, #2807, #2814, #2821, #2828, #2835, #2842, #2849, #2856, #2863, #2870, #2877, #2884, #2891, #2898, #2905, #2912, #2919, #2926, #2933, #2940, #2947, #2954, #2961, #2968, #2975, #2982, #2989, #2996, #3003, #3010, #3017, #3024, #3031, #3038, #3045, #3052, #3059, #3066, #3073, #3080, #3087, #3094, #3101, #3108, #3115, #3122, #3129, #3136, #3143, #3150, #3157, #3164, #3171, #3178, #3185, #3192, #3199, #3206, #3213, #3220, #3227, #3234, #3241, #3248, #3255, #3262, #3269, #3276, #3283, #3290, #3297, #3304, #3311, #3318, #3325, #3332, #3339, #3346, #3353, #3360, #3367, #3374, #3381, #3388, #3395, #3402, #3409, #3416, #3423, #3430, #3437, #3444, #3451, #3458, #3465, #3472, #3479, #3486, #3493, #3500, #3507, #3514, #3521, #3528, #3535, #3542, #3549, #3556, #3563, #3570, #3577, #3584, #3591, #3598, #3605, #3612, #3619, #3626, #3633, #3640, #3647, #3654, #3661, #3668, #3675, #3682, #3689, #3696, #3703, #3710, #3717, #3724, #3731, #3738, #3745, #3752, #3759, #3766, #3773, #3780, #3787, #3794, #3801, #3808, #3815, #3822, #3829, #3836, #3843, #3850, #3857, #3864, #3871, #3878, #3885, #3892, #3899, #3906, #3913, #3920, #3927, #3934, #3941, #3948, #3955, #3962, #3969, #3976, #3983, #3990, #3997, #4004, #4011, #4018, #4025, #4032, #4039, #4046, #4053, #4060, #4067, #4074, #4081, #4088, #4095, #4102, #4109, #4116, #4123, #4130, #4137, #4144, #4151, #4158, #4165, #4172, #4179, #4186, #4193, #4200, #4207, #4214, #4221, #4228, #4235, #4242, #4249, #4256, #4263, #4270, #4277, #4284, #4291, #4298, #4305, #4312, #4319, #4326, #4333, #4340, #4347, #4354, #4361, #4368, #4375, #4382, #4389, #4396, #4403, #4410, #4417, #4424, #4431, #4438, #4445, #4452, #4459, #4466, #4473, #4480, #4487, #4494, #4501, #4508, #4515, #4522, #4529, #4536, #4543, #4550, #4557, #4564, #4571, #4578, #4585, #4592, #4599));
#743 = CARTESIAN_POINT ('', (0., -6.47024876075266, -18.0712139232642));
#744 = DIRECTION ('', (0., -0.589970323240811, 11.6696456326515));
#745 = VECTOR ('', #744, 11.6845493783015);
#746 = LINE ('', #743, #745);
#747 = CARTESIAN_POINT ('', (0., -6.47024876075266, -18.0712139232642));
#748 = CARTESIAN_POINT ('', (0., -7.06021908399347, -6.40156829061276));
#749 = TRIMMED_CURVE ('', #746, (#747), (#748), .T., .CARTESIAN.);
#750 = CARTESIAN_POINT ('', (0., -7.06021908399347, -6.40156829061276));
#751 = DIRECTION ('', (0., -0.368733182163103, 1.15958492639225));
#752 = VECTOR ('', #751, 1.21679963886593);
#753 = LINE ('', #750, #752);
#754 = CARTESIAN_POINT ('', (0., -7.06021908399347, -6.40156829061276));
#755 = CARTESIAN_POINT ('', (0., -7.42895226615657, -5.24198336422051));
#756 = TRIMMED_CURVE ('', #753, (#754), (#755), .T., .CARTESIAN.);
#757 = CARTESIAN_POINT ('', (0., -7.42895226615657, -5.24198336422051));
#758 = DIRECTION ('', (0., -0.400925093334214, 4.28742425786594));
#759 = VECTOR ('', #758, 4.30612908508353);
#760 = LINE ('', #757, #759);
#761 = CARTESIAN_POINT ('', (0., -7.42895226615657, -5.24198336422051));
#762 = CARTESIAN_POINT ('', (0., -7.82987735949079, -0.95455910635457));
#763 = TRIMMED_CURVE ('', #760, (#761), (#762), .T., .CARTESIAN.);
#764 = CARTESIAN_POINT ('', (0., -7.82987735949079, -0.95455910635457));
#765 = DIRECTION ('', (0., -0.00431254447094087, 20.9545591063546));
#766 = VECTOR ('', #765, 20.9545595501253);
#767 = LINE ('', #764, #766);
#768 = CARTESIAN_POINT ('', (0., -7.82987735949079, -0.95455910635457));
#769 = CARTESIAN_POINT ('', (0., -7.83418990396173, 20.));
#770 = TRIMMED_CURVE ('', #767, (#768), (#769), .T., .CARTESIAN.);
#771 = CARTESIAN_POINT ('', (0., -7.83418990396173, 20.));
#772 = DIRECTION ('', (0., 0.000923271110633728, -4.48615409981978));
#773 = VECTOR ('', #772, 4.4861541948265);
#774 = LINE ('', #771, #773);
#775 = CARTESIAN_POINT ('', (0., -7.83418990396173, 20.));
#776 = CARTESIAN_POINT ('', (0., -7.83326663285109, 15.5138459001802));
#777 = TRIMMED_CURVE ('', #774, (#775), (#776), .T., .CARTESIAN.);
#778 = CARTESIAN_POINT ('', (0., -7.83326663285109, 15.5138459001802));
#779 = DIRECTION ('', (0., -0.271745151664302, 1.57294777095379));
#780 = VECTOR ('', #779, 1.59624876432263);
#781 = LINE ('', #778, #780);
#782 = CARTESIAN_POINT ('', (0., -7.83326663285109, 15.5138459001802));
#783 = CARTESIAN_POINT ('', (0., -8.1050117845154, 17.086793671134));
#784 = TRIMMED_CURVE ('', #781, (#782), (#783), .T., .CARTESIAN.);
#785 = CARTESIAN_POINT ('', (0., -8.1050117845154, 17.086793671134));
#786 = DIRECTION ('', (0., -0.0101676757524167, 0.0517961734157311));
#787 = VECTOR ('', #786, 0.0527847062198774);
#788 = LINE ('', #785, #787);
#789 = CARTESIAN_POINT ('', (0., -8.1050117845154, 17.086793671134));
#790 = CARTESIAN_POINT ('', (0., -8.11517946026781, 17.1385898445497));
#791 = TRIMMED_CURVE ('', #788, (#789), (#790), .T., .CARTESIAN.);
#792 = CARTESIAN_POINT ('', (0., -8.11517946026781, 17.1385898445497));
#793 = DIRECTION ('', (0., -0.0418668604068451, 0.0336418791903839));
#794 = VECTOR ('', #793, 0.0537085657580486);
#795 = LINE ('', #792, #794);
#796 = CARTESIAN_POINT ('', (0., -8.11517946026781, 17.1385898445497));
#797 = CARTESIAN_POINT ('', (0., -8.15704632067466, 17.1722317237401));
#798 = TRIMMED_CURVE ('', #795, (#796), (#797), .T., .CARTESIAN.);
#799 = CARTESIAN_POINT ('', (0., -8.15704632067466, 17.1722317237401));
#800 = DIRECTION ('', (0., -1.2348275502767, 1.02138528067931));
#801 = VECTOR ('', #800, 1.6025064650449);
#802 = LINE ('', #799, #801);
#803 = CARTESIAN_POINT ('', (0., -8.15704632067466, 17.1722317237401));
#804 = CARTESIAN_POINT ('', (0., -9.39187387095136, 18.1936170044194));
#805 = TRIMMED_CURVE ('', #802, (#803), (#804), .T., .CARTESIAN.);
#806 = CARTESIAN_POINT ('', (0., -9.39187387095136, 18.1936170044194));
#807 = DIRECTION ('', (0., -85.0311197361216, 48.0219261769586));
#808 = VECTOR ('', #807, 97.6544761765885);
#809 = LINE ('', #806, #808);
#810 = CARTESIAN_POINT ('', (0., -9.39187387095136, 18.1936170044194));
#811 = CARTESIAN_POINT ('', (0., -94.4229936070729, 66.215543181378));
#812 = TRIMMED_CURVE ('', #809, (#810), (#811), .T., .CARTESIAN.);
#813 = CARTESIAN_POINT ('', (0., -94.4229936070729, 66.215543181378));
#814 = DIRECTION ('', (0., -4.58597015757719, 2.7123938106912));
#815 = VECTOR ('', #814, 5.32805803932957);
#816 = LINE ('', #813, #815);
#817 = CARTESIAN_POINT ('', (0., -94.4229936070729, 66.215543181378));
#818 = CARTESIAN_POINT ('', (0., -99.0089637646501, 68.9279369920692));
#819 = TRIMMED_CURVE ('', #816, (#817), (#818), .T., .CARTESIAN.);
#820 = CARTESIAN_POINT ('', (0., -99.0089637646501, 68.9279369920692));
#821 = DIRECTION ('', (0., -6.34176493599172, 3.68138418698346));
#822 = VECTOR ('', #821, 7.33284201626804);
#823 = LINE ('', #820, #822);
#824 = CARTESIAN_POINT ('', (0., -99.0089637646501, 68.9279369920692));
#825 = CARTESIAN_POINT ('', (0., -105.350728700642, 72.6093211790527));
#826 = TRIMMED_CURVE ('', #823, (#824), (#825), .T., .CARTESIAN.);
#827 = CARTESIAN_POINT ('', (0., -105.350728700642, 72.6093211790527));
#828 = DIRECTION ('', (0., -2.4365620246397, 1.58795504855185));
#829 = VECTOR ('', #828, 2.90833899952148);
#830 = LINE ('', #827, #829);
#831 = CARTESIAN_POINT ('', (0., -105.350728700642, 72.6093211790527));
#832 = CARTESIAN_POINT ('', (0., -107.787290725282, 74.1972762276045));
#833 = TRIMMED_CURVE ('', #830, (#831), (#832), .T., .CARTESIAN.);
#834 = CARTESIAN_POINT ('', (0., -107.787290725282, 74.1972762276045));
#835 = DIRECTION ('', (0., -8.32186886717368, 5.70968214103111));
#836 = VECTOR ('', #835, 10.0922728656158);
#837 = LINE ('', #834, #836);
#838 = CARTESIAN_POINT ('', (0., -107.787290725282, 74.1972762276045));
#839 = CARTESIAN_POINT ('', (0., -116.109159592455, 79.9069583686356));
#840 = TRIMMED_CURVE ('', #837, (#838), (#839), .T., .CARTESIAN.);
#841 = CARTESIAN_POINT ('', (0., -116.109159592455, 79.9069583686356));
#842 = DIRECTION ('', (0., -4.91027843609609, 3.27216131694293));
#843 = VECTOR ('', #842, 5.90066725075122);
#844 = LINE ('', #841, #843);
#845 = CARTESIAN_POINT ('', (0., -116.109159592455, 79.9069583686356));
#846 = CARTESIAN_POINT ('', (0., -121.019438028551, 83.1791196855786));
#847 = TRIMMED_CURVE ('', #844, (#845), (#846), .T., .CARTESIAN.);
#848 = CARTESIAN_POINT ('', (0., -121.019438028551, 83.1791196855786));
#849 = DIRECTION ('', (0., -29.0800084712197, 21.6516793689078));
#850 = VECTOR ('', #849, 36.2552356519744);
#851 = LINE ('', #848, #850);
#852 = CARTESIAN_POINT ('', (0., -121.019438028551, 83.1791196855786));
#853 = CARTESIAN_POINT ('', (0., -150.099446499771, 104.830799054486));
#854 = TRIMMED_CURVE ('', #851, (#852), (#853), .T., .CARTESIAN.);
#855 = CARTESIAN_POINT ('', (0., -150.099446499771, 104.830799054486));
#856 = DIRECTION ('', (0., -3.06076162570895, 2.12028130554864));
#857 = VECTOR ('', #856, 3.72341973783128);
#858 = LINE ('', #855, #857);
#859 = CARTESIAN_POINT ('', (0., -150.099446499771, 104.830799054486));
#860 = CARTESIAN_POINT ('', (0., -153.16020812548, 106.951080360035));
#861 = TRIMMED_CURVE ('', #858, (#859), (#860), .T., .CARTESIAN.);
#862 = CARTESIAN_POINT ('', (0., -153.16020812548, 106.951080360035));
#863 = DIRECTION ('', (0., -30.5463435865075, 20.5554234786373));
#864 = VECTOR ('', #863, 36.8185352898657);
#865 = LINE ('', #862, #864);
#866 = CARTESIAN_POINT ('', (0., -153.16020812548, 106.951080360035));
#867 = CARTESIAN_POINT ('', (0., -183.706551711987, 127.506503838672));
#868 = TRIMMED_CURVE ('', #865, (#866), (#867), .T., .CARTESIAN.);
#869 = CARTESIAN_POINT ('', (0., 0., -67.42));
#870 = DIRECTION ('', (0., -2.2519306713646, 49.2180147637125));
#871 = VECTOR ('', #870, 49.269505467679);
#872 = LINE ('', #869, #871);
#873 = CARTESIAN_POINT ('', (0., 0., -67.42));
#874 = CARTESIAN_POINT ('', (0., -2.2519306713646, -18.2019852362875));
#875 = TRIMMED_CURVE ('', #872, (#873), (#874), .T., .CARTESIAN.);
#876 = CARTESIAN_POINT ('', (0., -2.2519306713646, -18.2019852362875));
#877 = DIRECTION ('', (0., -0.197662204242318, 11.0528355052973));
#878 = VECTOR ('', #877, 11.0546027994744);
#879 = LINE ('', #876, #878);
#880 = CARTESIAN_POINT ('', (0., -2.2519306713646, -18.2019852362875));
#881 = CARTESIAN_POINT ('', (0., -2.44959287560692, -7.14914973099021));
#882 = TRIMMED_CURVE ('', #879, (#880), (#881), .T., .CARTESIAN.);
#883 = CARTESIAN_POINT ('', (0., -2.44959287560692, -7.14914973099021));
#884 = DIRECTION ('', (0., -0.116387717524134, 1.15032328872433));
#885 = VECTOR ('', #884, 1.15619625037103);
#886 = LINE ('', #883, #885);
#887 = CARTESIAN_POINT ('', (0., -2.44959287560692, -7.14914973099021));
#888 = CARTESIAN_POINT ('', (0., -2.56598059313105, -5.99882644226588));
#889 = TRIMMED_CURVE ('', #886, (#887), (#888), .T., .CARTESIAN.);
#890 = CARTESIAN_POINT ('', (0., -2.56598059313105, -5.99882644226588));
#891 = DIRECTION ('', (0., -0.189444918904968, 5.88213440815721));
#892 = VECTOR ('', #891, 5.88518432786313);
#893 = LINE ('', #890, #892);
#894 = CARTESIAN_POINT ('', (0., -2.56598059313105, -5.99882644226588));
#895 = CARTESIAN_POINT ('', (0., -2.75542551203602, -0.116692034108674));
#896 = TRIMMED_CURVE ('', #893, (#894), (#895), .T., .CARTESIAN.);
#897 = CARTESIAN_POINT ('', (0., -2.75542551203602, -0.116692034108674));
#898 = DIRECTION ('', (0., 0.00033433307632702, 20.1166920341087));
#899 = VECTOR ('', #898, 20.1166920368869);
#900 = LINE ('', #897, #899);
#901 = CARTESIAN_POINT ('', (0., -2.75542551203602, -0.116692034108674));
#902 = CARTESIAN_POINT ('', (0., -2.75509117895969, 20.));
#903 = TRIMMED_CURVE ('', #900, (#901), (#902), .T., .CARTESIAN.);
#904 = CARTESIAN_POINT ('', (0., -2.75509117895969, 20.));
#905 = DIRECTION ('', (0., -2.62237119068587E-5, -1.57787061398437));
#906 = VECTOR ('', #905, 1.57787061420228);
#907 = LINE ('', #904, #906);
#908 = CARTESIAN_POINT ('', (0., -2.75509117895969, 20.));
#909 = CARTESIAN_POINT ('', (0., -2.7551174026716, 18.4221293860156));
#910 = TRIMMED_CURVE ('', #907, (#908), (#909), .T., .CARTESIAN.);
#911 = CARTESIAN_POINT ('', (0., -2.7551174026716, 18.4221293860156));
#912 = DIRECTION ('', (0., -0.271536702312385, 1.57306715102324));
#913 = VECTOR ('', #912, 1.59633093133318);
#914 = LINE ('', #911, #913);
#915 = CARTESIAN_POINT ('', (0., -2.7551174026716, 18.4221293860156));
#916 = CARTESIAN_POINT ('', (0., -3.02665410498399, 19.9951965370389));
#917 = TRIMMED_CURVE ('', #914, (#915), (#916), .T., .CARTESIAN.);
#918 = CARTESIAN_POINT ('', (0., -3.02665410498399, 19.9951965370389));
#919 = DIRECTION ('', (0., -0.0101613181697049, 0.0517998144376826));
#920 = VECTOR ('', #919, 0.0527870548782968);
#921 = LINE ('', #918, #920);
#922 = CARTESIAN_POINT ('', (0., -3.02665410498399, 19.9951965370389));
#923 = CARTESIAN_POINT ('', (0., -3.03681542315369, 20.0469963514766));
#924 = TRIMMED_CURVE ('', #921, (#922), (#923), .T., .CARTESIAN.);
#925 = CARTESIAN_POINT ('', (0., -3.03681542315369, 20.0469963514766));
#926 = DIRECTION ('', (0., -0.0418594467035311, 0.0336461250583042));
#927 = VECTOR ('', #926, 0.0537054467420653);
#928 = LINE ('', #925, #927);
#929 = CARTESIAN_POINT ('', (0., -3.03681542315369, 20.0469963514766));
#930 = CARTESIAN_POINT ('', (0., -3.07867486985722, 20.0806424765349));
#931 = TRIMMED_CURVE ('', #928, (#929), (#930), .T., .CARTESIAN.);
#932 = CARTESIAN_POINT ('', (0., -3.07867486985722, 20.0806424765349));
#933 = DIRECTION ('', (0., -1.23461667294056, 1.02150605126845));
#934 = VECTOR ('', #933, 1.60242096275631);
#935 = LINE ('', #932, #934);
#936 = CARTESIAN_POINT ('', (0., -3.07867486985722, 20.0806424765349));
#937 = CARTESIAN_POINT ('', (0., -4.31329154279778, 21.1021485278033));
#938 = TRIMMED_CURVE ('', #935, (#936), (#937), .T., .CARTESIAN.);
#939 = CARTESIAN_POINT ('', (0., -4.31329154279778, 21.1021485278033));
#940 = DIRECTION ('', (0., -87.4587041465329, 49.4188300355847));
#941 = VECTOR ('', #940, 100.455192464485);
#942 = LINE ('', #939, #941);
#943 = CARTESIAN_POINT ('', (0., -4.31329154279778, 21.1021485278033));
#944 = CARTESIAN_POINT ('', (0., -91.7719956893307, 70.520978563388));
#945 = TRIMMED_CURVE ('', #942, (#943), (#944), .T., .CARTESIAN.);
#946 = CARTESIAN_POINT ('', (0., -91.7719956893307, 70.520978563388));
#947 = DIRECTION ('', (0., -4.38288315452925, 2.55277220300161));
#948 = VECTOR ('', #947, 5.07211106608225);
#949 = LINE ('', #946, #948);
#950 = CARTESIAN_POINT ('', (0., -91.7719956893307, 70.520978563388));
#951 = CARTESIAN_POINT ('', (0., -96.1548788438599, 73.0737507663897));
#952 = TRIMMED_CURVE ('', #949, (#950), (#951), .T., .CARTESIAN.);
#953 = CARTESIAN_POINT ('', (0., -96.1548788438599, 73.0737507663897));
#954 = DIRECTION ('', (0., -6.93730642430981, 4.00148213431974));
#955 = VECTOR ('', #954, 8.00862533123196);
#956 = LINE ('', #953, #955);
#957 = CARTESIAN_POINT ('', (0., -96.1548788438599, 73.0737507663897));
#958 = CARTESIAN_POINT ('', (0., -103.09218526817, 77.0752329007094));
#959 = TRIMMED_CURVE ('', #956, (#957), (#958), .T., .CARTESIAN.);
#960 = CARTESIAN_POINT ('', (0., -103.09218526817, 77.0752329007094));
#961 = DIRECTION ('', (0., -1.88566735464173, 1.14097084610469));
#962 = VECTOR ('', #961, 2.20398635295738);
#963 = LINE ('', #960, #962);
#964 = CARTESIAN_POINT ('', (0., -103.09218526817, 77.0752329007094));
#965 = CARTESIAN_POINT ('', (0., -104.977852622811, 78.2162037468141));
#966 = TRIMMED_CURVE ('', #963, (#964), (#965), .T., .CARTESIAN.);
#967 = CARTESIAN_POINT ('', (0., -104.977852622811, 78.2162037468141));
#968 = DIRECTION ('', (0., -9.14928453779989, 5.72195401555649));
#969 = VECTOR ('', #968, 10.7912077780834);
#970 = LINE ('', #967, #969);
#971 = CARTESIAN_POINT ('', (0., -104.977852622811, 78.2162037468141));
#972 = CARTESIAN_POINT ('', (0., -114.127137160611, 83.9381577623706));
#973 = TRIMMED_CURVE ('', #970, (#971), (#972), .T., .CARTESIAN.);
#974 = CARTESIAN_POINT ('', (0., -114.127137160611, 83.9381577623706));
#975 = DIRECTION ('', (0., -4.75831334371583, 2.93625926924035));
#976 = VECTOR ('', #975, 5.59134727710451);
#977 = LINE ('', #974, #976);
#978 = CARTESIAN_POINT ('', (0., -114.127137160611, 83.9381577623706));
#979 = CARTESIAN_POINT ('', (0., -118.885450504327, 86.8744170316109));
#980 = TRIMMED_CURVE ('', #977, (#978), (#979), .T., .CARTESIAN.);
#981 = CARTESIAN_POINT ('', (0., -118.885450504327, 86.8744170316109));
#982 = DIRECTION ('', (0., -30.2692584773775, 19.5666481373515));
#983 = VECTOR ('', #982, 36.0427763650529);
#984 = LINE ('', #981, #983);
#985 = CARTESIAN_POINT ('', (0., -118.885450504327, 86.8744170316109));
#986 = CARTESIAN_POINT ('', (0., -149.154708981705, 106.441065168962));
#987 = TRIMMED_CURVE ('', #984, (#985), (#986), .T., .CARTESIAN.);
#988 = CARTESIAN_POINT ('', (0., -149.154708981705, 106.441065168962));
#989 = DIRECTION ('', (0., -3.02696195039064, 1.89929145301146));
#990 = VECTOR ('', #989, 3.57348662689468);
#991 = LINE ('', #988, #990);
#992 = CARTESIAN_POINT ('', (0., -149.154708981705, 106.441065168962));
#993 = CARTESIAN_POINT ('', (0., -152.181670932095, 108.340356621974));
#994 = TRIMMED_CURVE ('', #991, (#992), (#993), .T., .CARTESIAN.);
#995 = CARTESIAN_POINT ('', (0., -152.181670932095, 108.340356621974));
#996 = DIRECTION ('', (0., -31.5258576887097, 19.1644821159315));
#997 = VECTOR ('', #996, 36.8938623321093);
#998 = LINE ('', #995, #997);
#999 = CARTESIAN_POINT ('', (0., -152.181670932095, 108.340356621974));
#1000 = CARTESIAN_POINT ('', (0., -183.707528620805, 127.504838737905));
#1001 = TRIMMED_CURVE ('', #998, (#999), (#1000), .T., .CARTESIAN.);
#1002 = CARTESIAN_POINT ('', (0., 0., -67.42));
#1003 = DIRECTION ('', (0., 0., 49.2));
#1004 = VECTOR ('', #1003, 49.2);
#1005 = LINE ('', #1002, #1004);
#1006 = CARTESIAN_POINT ('', (0., 0., -67.42));
#1007 = CARTESIAN_POINT ('', (0., 0., -18.22));
#1008 = TRIMMED_CURVE ('', #1005, (#1006), (#1007), .T., .CARTESIAN.);
#1009 = CARTESIAN_POINT ('', (0., 0., -18.22));
#1010 = DIRECTION ('', (0., 0., 10.97));
#1011 = VECTOR ('', #1010, 10.97);
#1012 = LINE ('', #1009, #1011);
#1013 = CARTESIAN_POINT ('', (0., 0., -18.22));
#1014 = CARTESIAN_POINT ('', (0., 0., -7.25));
#1015 = TRIMMED_CURVE ('', #1012, (#1013), (#1014), .T., .CARTESIAN.);
#1016 = CARTESIAN_POINT ('', (0., 0., -7.25));
#1017 = DIRECTION ('', (0., 0., 1.15));
#1018 = VECTOR ('', #1017, 1.15);
#1019 = LINE ('', #1016, #1018);
#1020 = CARTESIAN_POINT ('', (0., 0., -7.25));
#1021 = CARTESIAN_POINT ('', (0., 0., -6.1));
#1022 = TRIMMED_CURVE ('', #1019, (#1020), (#1021), .T., .CARTESIAN.);
#1023 = CARTESIAN_POINT ('', (0., 0., -6.1));
#1024 = DIRECTION ('', (0., 0., 6.1));
#1025 = VECTOR ('', #1024, 6.1);
#1026 = LINE ('', #1023, #1025);
#1027 = CARTESIAN_POINT ('', (0., 0., -6.1));
#1028 = CARTESIAN_POINT ('', (0., 0., 0.));
#1029 = TRIMMED_CURVE ('', #1026, (#1027), (#1028), .T., .CARTESIAN.);
#1030 = CARTESIAN_POINT ('', (0., 0., 0.));
#1031 = DIRECTION ('', (0., 0., 20.));
#1032 = VECTOR ('', #1031, 20.);
#1033 = LINE ('', #1030, #1032);
#1034 = CARTESIAN_POINT ('', (0., 0., 0.));
#1035 = CARTESIAN_POINT ('', (0., 0., 20.));
#1036 = TRIMMED_CURVE ('', #1033, (#1034), (#1035), .T., .CARTESIAN.);
#1037 = CARTESIAN_POINT ('', (0., 0., 20.));
#1038 = DIRECTION ('', (0., -0.271552277976907, 1.57305823075606));
#1039 = VECTOR ('', #1038, 1.59632479058112);
#1040 = LINE ('', #1037, #1039);
#1041 = CARTESIAN_POINT ('', (0., 0., 20.));
#1042 = CARTESIAN_POINT ('', (0., -0.271552277976907, 21.5730582307561));
#1043 = TRIMMED_CURVE ('', #1040, (#1041), (#1042), .T., .CARTESIAN.);
#1044 = CARTESIAN_POINT ('', (0., -0.271552277976907, 21.5730582307561));
#1045 = DIRECTION ('', (0., -0.0101617932137162, 0.0517995423774096));
#1046 = VECTOR ('', #1045, 0.0527868793529924);
#1047 = LINE ('', #1044, #1046);
#1048 = CARTESIAN_POINT ('', (0., -0.271552277976907, 21.5730582307561));
#1049 = CARTESIAN_POINT ('', (0., -0.281714071190623, 21.6248577731335));
#1050 = TRIMMED_CURVE ('', #1047, (#1048), (#1049), .T., .CARTESIAN.);
#1051 = CARTESIAN_POINT ('', (0., -0.281714071190623, 21.6248577731335));
#1052 = DIRECTION ('', (0., -0.0418600005829211, 0.0336458078485862));
#1053 = VECTOR ('', #1052, 0.0537056797237139);
#1054 = LINE ('', #1051, #1053);
#1055 = CARTESIAN_POINT ('', (0., -0.281714071190623, 21.6248577731335));
#1056 = CARTESIAN_POINT ('', (0., -0.323574071773545, 21.6585035809821));
#1057 = TRIMMED_CURVE ('', #1054, (#1055), (#1056), .T., .CARTESIAN.);
#1058 = CARTESIAN_POINT ('', (0., -0.323574071773545, 21.6585035809821));
#1059 = DIRECTION ('', (0., -1.23463242773545, 1.02149702841234));
#1060 = VECTOR ('', #1059, 1.60242734957663);
#1061 = LINE ('', #1058, #1060);
#1062 = CARTESIAN_POINT ('', (0., -0.323574071773545, 21.6585035809821));
#1063 = CARTESIAN_POINT ('', (0., -1.558206499509, 22.6800006093944));
#1064 = TRIMMED_CURVE ('', #1061, (#1062), (#1063), .T., .CARTESIAN.);
#1065 = CARTESIAN_POINT ('', (0., -1.558206499509, 22.6800006093944));
#1066 = DIRECTION ('', (0., -88.8112442673398, 50.1811214803298));
#1067 = VECTOR ('', #1066, 102.007754907834);
#1068 = LINE ('', #1065, #1067);
#1069 = CARTESIAN_POINT ('', (0., -1.558206499509, 22.6800006093944));
#1070 = CARTESIAN_POINT ('', (0., -90.3694507668488, 72.8611220897242));
#1071 = TRIMMED_CURVE ('', #1068, (#1069), (#1070), .T., .CARTESIAN.);
#1072 = CARTESIAN_POINT ('', (0., -90.3694507668488, 72.8611220897242));
#1073 = DIRECTION ('', (0., -4.33941385802579, 2.50603525343254));
#1074 = VECTOR ('', #1073, 5.01106029924536);
#1075 = LINE ('', #1072, #1074);
#1076 = CARTESIAN_POINT ('', (0., -90.3694507668488, 72.8611220897242));
#1077 = CARTESIAN_POINT ('', (0., -94.7088646248746, 75.3671573431567));
#1078 = TRIMMED_CURVE ('', #1075, (#1076), (#1077), .T., .CARTESIAN.);
#1079 = CARTESIAN_POINT ('', (0., -94.7088646248746, 75.3671573431567));
#1080 = DIRECTION ('', (0., -7.08429698437841, 4.07127873225424));
#1081 = VECTOR ('', #1080, 8.17083681629849);
#1082 = LINE ('', #1079, #1081);
#1083 = CARTESIAN_POINT ('', (0., -94.7088646248746, 75.3671573431567));
#1084 = CARTESIAN_POINT ('', (0., -101.793161609253, 79.438436075411));
#1085 = TRIMMED_CURVE ('', #1082, (#1083), (#1084), .T., .CARTESIAN.);
#1086 = CARTESIAN_POINT ('', (0., -101.793161609253, 79.438436075411));
#1087 = DIRECTION ('', (0., -1.75792393995404, 1.0207326493026));
#1088 = VECTOR ('', #1087, 2.03277930922563);
#1089 = LINE ('', #1086, #1088);
#1090 = CARTESIAN_POINT ('', (0., -101.793161609253, 79.438436075411));
#1091 = CARTESIAN_POINT ('', (0., -103.551085549207, 80.4591687247136));
#1092 = TRIMMED_CURVE ('', #1089, (#1090), (#1091), .T., .CARTESIAN.);
#1093 = CARTESIAN_POINT ('', (0., -103.551085549207, 80.4591687247136));
#1094 = DIRECTION ('', (0., -9.42714034040867, 5.59860061637261));
#1095 = VECTOR ('', #1094, 10.9642739777611);
#1096 = LINE ('', #1093, #1095);
#1097 = CARTESIAN_POINT ('', (0., -103.551085549207, 80.4591687247136));
#1098 = CARTESIAN_POINT ('', (0., -112.978225889616, 86.0577693410862));
#1099 = TRIMMED_CURVE ('', #1096, (#1097), (#1098), .T., .CARTESIAN.);
#1100 = CARTESIAN_POINT ('', (0., -112.978225889616, 86.0577693410862));
#1101 = DIRECTION ('', (0., -4.74806254045853, 2.80698686421472));
#1102 = VECTOR ('', #1101, 5.51572961121007);
#1103 = LINE ('', #1100, #1102);
#1104 = CARTESIAN_POINT ('', (0., -112.978225889616, 86.0577693410862));
#1105 = CARTESIAN_POINT ('', (0., -117.726288430074, 88.8647562053009));
#1106 = TRIMMED_CURVE ('', #1103, (#1104), (#1105), .T., .CARTESIAN.);
#1107 = CARTESIAN_POINT ('', (0., -117.726288430074, 88.8647562053009));
#1108 = DIRECTION ('', (0., -30.9163464162785, 18.4491181963727));
#1109 = VECTOR ('', #1108, 36.0026448744404);
#1110 = LINE ('', #1107, #1109);
#1111 = CARTESIAN_POINT ('', (0., -117.726288430074, 88.8647562053009));
#1112 = CARTESIAN_POINT ('', (0., -148.642634846353, 107.313874401674));
#1113 = TRIMMED_CURVE ('', #1110, (#1111), (#1112), .T., .CARTESIAN.);
#1114 = CARTESIAN_POINT ('', (0., -148.642634846353, 107.313874401674));
#1115 = DIRECTION ('', (0., -3.03255358661707, 1.80013300090717));
#1116 = VECTOR ('', #1115, 3.52659326782365);
#1117 = LINE ('', #1114, #1116);
#1118 = CARTESIAN_POINT ('', (0., -148.642634846353, 107.313874401674));
#1119 = CARTESIAN_POINT ('', (0., -151.67518843297, 109.114007402581));
#1120 = TRIMMED_CURVE ('', #1117, (#1118), (#1119), .T., .CARTESIAN.);
#1121 = CARTESIAN_POINT ('', (0., -151.67518843297, 109.114007402581));
#1122 = DIRECTION ('', (0., -32.0315742813543, 18.3921367913159));
#1123 = VECTOR ('', #1122, 36.9363296321168);
#1124 = LINE ('', #1121, #1123);
#1125 = CARTESIAN_POINT ('', (0., -151.67518843297, 109.114007402581));
#1126 = CARTESIAN_POINT ('', (0., -183.706762714324, 127.506144193897));
#1127 = TRIMMED_CURVE ('', #1124, (#1125), (#1126), .T., .CARTESIAN.);
#1128 = CARTESIAN_POINT ('', (0., 0., -67.42));
#1129 = DIRECTION ('', (0., 2.2519306713646, 49.2180147637125));
#1130 = VECTOR ('', #1129, 49.269505467679);
#1131 = LINE ('', #1128, #1130);
#1132 = CARTESIAN_POINT ('', (0., 0., -67.42));
#1133 = CARTESIAN_POINT ('', (0., 2.2519306713646, -18.2019852362875));
#1134 = TRIMMED_CURVE ('', #1131, (#1132), (#1133), .T., .CARTESIAN.);
#1135 = CARTESIAN_POINT ('', (0., 2.2519306713646, -18.2019852362875));
#1136 = DIRECTION ('', (0., 0.197662204242318, 11.0528355052973));
#1137 = VECTOR ('', #1136, 11.0546027994744);
#1138 = LINE ('', #1135, #1137);
#1139 = CARTESIAN_POINT ('', (0., 2.2519306713646, -18.2019852362875));
#1140 = CARTESIAN_POINT ('', (0., 2.44959287560692, -7.14914973099021));
#1141 = TRIMMED_CURVE ('', #1138, (#1139), (#1140), .T., .CARTESIAN.);
#1142 = CARTESIAN_POINT ('', (0., 2.44959287560692, -7.14914973099021));
#1143 = DIRECTION ('', (0., 0.116387717524134, 1.15032328872433));
#1144 = VECTOR ('', #1143, 1.15619625037103);
#1145 = LINE ('', #1142, #1144);
#1146 = CARTESIAN_POINT ('', (0., 2.44959287560692, -7.14914973099021));
#1147 = CARTESIAN_POINT ('', (0., 2.56598059313105, -5.99882644226588));
#1148 = TRIMMED_CURVE ('', #1145, (#1146), (#1147), .T., .CARTESIAN.);
#1149 = CARTESIAN_POINT ('', (0., 2.56598059313105, -5.99882644226588));
#1150 = DIRECTION ('', (0., 0.189444918904968, 5.88213440815721));
#1151 = VECTOR ('', #1150, 5.88518432786313);
#1152 = LINE ('', #1149, #1151);
#1153 = CARTESIAN_POINT ('', (0., 2.56598059313105, -5.99882644226588));
#1154 = CARTESIAN_POINT ('', (0., 2.75542551203602, -0.116692034108674));
#1155 = TRIMMED_CURVE ('', #1152, (#1153), (#1154), .T., .CARTESIAN.);
#1156 = CARTESIAN_POINT ('', (0., 2.75542551203602, -0.116692034108674));
#1157 = DIRECTION ('', (0., -0.00033433307632702, 20.1166920341087));
#1158 = VECTOR ('', #1157, 20.1166920368869);
#1159 = LINE ('', #1156, #1158);
#1160 = CARTESIAN_POINT ('', (0., 2.75542551203602, -0.116692034108674));
#1161 = CARTESIAN_POINT ('', (0., 2.75509117895969, 20.));
#1162 = TRIMMED_CURVE ('', #1159, (#1160), (#1161), .T., .CARTESIAN.);
#1163 = CARTESIAN_POINT ('', (0., 2.75509117895969, 20.));
#1164 = DIRECTION ('', (0., -2.62232127075102E-5, 1.57784057734743));
#1165 = VECTOR ('', #1164, 1.57784057756534);
#1166 = LINE ('', #1163, #1165);
#1167 = CARTESIAN_POINT ('', (0., 2.75509117895969, 20.));
#1168 = CARTESIAN_POINT ('', (0., 2.75506495574699, 21.5778405773474));
#1169 = TRIMMED_CURVE ('', #1166, (#1167), (#1168), .T., .CARTESIAN.);
#1170 = CARTESIAN_POINT ('', (0., 2.75506495574699, 21.5778405773474));
#1171 = DIRECTION ('', (0., -0.271567853609935, 1.57304931050692));
#1172 = VECTOR ('', #1171, 1.59631865001966);
#1173 = LINE ('', #1170, #1172);
#1174 = CARTESIAN_POINT ('', (0., 2.75506495574699, 21.5778405773474));
#1175 = CARTESIAN_POINT ('', (0., 2.48349710213705, 23.1508898878544));
#1176 = TRIMMED_CURVE ('', #1173, (#1174), (#1175), .T., .CARTESIAN.);
#1177 = CARTESIAN_POINT ('', (0., 2.48349710213705, 23.1508898878544));
#1178 = DIRECTION ('', (0., -0.0101622682575093, 0.0517992703172645));
#1179 = VECTOR ('', #1178, 0.0527867038328652);
#1180 = LINE ('', #1177, #1179);
#1181 = CARTESIAN_POINT ('', (0., 2.48349710213705, 23.1508898878544));
#1182 = CARTESIAN_POINT ('', (0., 2.47333483387954, 23.2026891581716));
#1183 = TRIMMED_CURVE ('', #1180, (#1181), (#1182), .T., .CARTESIAN.);
#1184 = CARTESIAN_POINT ('', (0., 2.47333483387954, 23.2026891581716));
#1185 = DIRECTION ('', (0., -0.0418605544747921, 0.0336454906317201));
#1186 = VECTOR ('', #1185, 0.0537059127171878);
#1187 = LINE ('', #1184, #1186);
#1188 = CARTESIAN_POINT ('', (0., 2.47333483387954, 23.2026891581716));
#1189 = CARTESIAN_POINT ('', (0., 2.43147427940475, 23.2363346488033));
#1190 = TRIMMED_CURVE ('', #1187, (#1188), (#1189), .T., .CARTESIAN.);
#1191 = CARTESIAN_POINT ('', (0., 2.43147427940475, 23.2363346488033));
#1192 = DIRECTION ('', (0., -1.23464818286869, 1.02148800536245));
#1193 = VECTOR ('', #1192, 1.60243373671435);
#1194 = LINE ('', #1191, #1193);
#1195 = CARTESIAN_POINT ('', (0., 2.43147427940475, 23.2363346488033));
#1196 = CARTESIAN_POINT ('', (0., 1.19682609653606, 24.2578226541658));
#1197 = TRIMMED_CURVE ('', #1194, (#1195), (#1196), .T., .CARTESIAN.);
#1198 = CARTESIAN_POINT ('', (0., 1.19682609653606, 24.2578226541658));
#1199 = DIRECTION ('', (0., -90.183719277657, 50.9546164401955));
#1200 = VECTOR ('', #1199, 103.583184732459);
#1201 = LINE ('', #1198, #1200);
#1202 = CARTESIAN_POINT ('', (0., 1.19682609653606, 24.2578226541658));
#1203 = CARTESIAN_POINT ('', (0., -88.9868931811209, 75.2124390943613));
#1204 = TRIMMED_CURVE ('', #1201, (#1202), (#1203), .T., .CARTESIAN.);
#1205 = CARTESIAN_POINT ('', (0., -88.9868931811209, 75.2124390943613));
#1206 = DIRECTION ('', (0., -4.34230936475869, 2.48637369967187));
#1207 = VECTOR ('', #1206, 5.00376905878869);
#1208 = LINE ('', #1205, #1207);
#1209 = CARTESIAN_POINT ('', (0., -88.9868931811209, 75.2124390943613));
#1210 = CARTESIAN_POINT ('', (0., -93.3292025458796, 77.6988127940332));
#1211 = TRIMMED_CURVE ('', #1208, (#1209), (#1210), .T., .CARTESIAN.);
#1212 = CARTESIAN_POINT ('', (0., -93.3292025458796, 77.6988127940332));
#1213 = DIRECTION ('', (0., -7.10875778462473, 4.07029375598138));
#1214 = VECTOR ('', #1213, 8.19156447209223);
#1215 = LINE ('', #1212, #1214);
#1216 = CARTESIAN_POINT ('', (0., -93.3292025458796, 77.6988127940332));
#1217 = CARTESIAN_POINT ('', (0., -100.437960330504, 81.7691065500146));
#1218 = TRIMMED_CURVE ('', #1215, (#1216), (#1217), .T., .CARTESIAN.);
#1219 = CARTESIAN_POINT ('', (0., -100.437960330504, 81.7691065500146));
#1220 = DIRECTION ('', (0., -1.75489026494341, 0.977018422192558));
#1221 = VECTOR ('', #1220, 2.00853300677305);
#1222 = LINE ('', #1219, #1221);
#1223 = CARTESIAN_POINT ('', (0., -100.437960330504, 81.7691065500146));
#1224 = CARTESIAN_POINT ('', (0., -102.192850595448, 82.7461249722071));
#1225 = TRIMMED_CURVE ('', #1222, (#1223), (#1224), .T., .CARTESIAN.);
#1226 = CARTESIAN_POINT ('', (0., -102.192850595448, 82.7461249722071));
#1227 = DIRECTION ('', (0., -9.57987478464737, 5.39551709349678));
#1228 = VECTOR ('', #1227, 10.9947990247998);
#1229 = LINE ('', #1226, #1228);
#1230 = CARTESIAN_POINT ('', (0., -102.192850595448, 82.7461249722071));
#1231 = CARTESIAN_POINT ('', (0., -111.772725380095, 88.1416420657039));
#1232 = TRIMMED_CURVE ('', #1229, (#1230), (#1231), .T., .CARTESIAN.);
#1233 = CARTESIAN_POINT ('', (0., -111.772725380095, 88.1416420657039));
#1234 = DIRECTION ('', (0., -4.78947538252953, 2.71013174153971));
#1235 = VECTOR ('', #1234, 5.50307991004651);
#1236 = LINE ('', #1233, #1235);
#1237 = CARTESIAN_POINT ('', (0., -111.772725380095, 88.1416420657039));
#1238 = CARTESIAN_POINT ('', (0., -116.562200762625, 90.8517738072436));
#1239 = TRIMMED_CURVE ('', #1236, (#1237), (#1238), .T., .CARTESIAN.);
#1240 = CARTESIAN_POINT ('', (0., -116.562200762625, 90.8517738072436));
#1241 = DIRECTION ('', (0., -31.5681975103528, 17.3351866960489));
#1242 = VECTOR ('', #1241, 36.0147163231854);
#1243 = LINE ('', #1240, #1242);
#1244 = CARTESIAN_POINT ('', (0., -116.562200762625, 90.8517738072436));
#1245 = CARTESIAN_POINT ('', (0., -148.130398272977, 108.186960503292));
#1246 = TRIMMED_CURVE ('', #1243, (#1244), (#1245), .T., .CARTESIAN.);
#1247 = CARTESIAN_POINT ('', (0., -148.130398272977, 108.186960503292));
#1248 = DIRECTION ('', (0., -3.05631724176808, 1.71371289190397));
#1249 = VECTOR ('', #1248, 3.50398158645372);
#1250 = LINE ('', #1247, #1249);
#1251 = CARTESIAN_POINT ('', (0., -148.130398272977, 108.186960503292));
#1252 = CARTESIAN_POINT ('', (0., -151.186715514746, 109.900673395196));
#1253 = TRIMMED_CURVE ('', #1250, (#1251), (#1252), .T., .CARTESIAN.);
#1254 = CARTESIAN_POINT ('', (0., -151.186715514746, 109.900673395196));
#1255 = DIRECTION ('', (0., -32.5191893041122, 17.606933046121));
#1256 = VECTOR ('', #1255, 36.9797480289858);
#1257 = LINE ('', #1254, #1256);
#1258 = CARTESIAN_POINT ('', (0., -151.186715514746, 109.900673395196));
#1259 = CARTESIAN_POINT ('', (0., -183.705904818858, 127.507606441318));
#1260 = TRIMMED_CURVE ('', #1257, (#1258), (#1259), .T., .CARTESIAN.);
#1261 = CARTESIAN_POINT ('', (0., 0., -67.42));
#1262 = DIRECTION ('', (0., 6.47024876075266, 49.3487860767358));
#1263 = VECTOR ('', #1262, 49.771144313482);
#1264 = LINE ('', #1261, #1263);
#1265 = CARTESIAN_POINT ('', (0., 0., -67.42));
#1266 = CARTESIAN_POINT ('', (0., 6.47024876075266, -18.0712139232642));
#1267 = TRIMMED_CURVE ('', #1264, (#1265), (#1266), .T., .CARTESIAN.);
#1268 = CARTESIAN_POINT ('', (0., 6.47024876075266, -18.0712139232642));
#1269 = DIRECTION ('', (0., 0.589970323240811, 11.6696456326515));
#1270 = VECTOR ('', #1269, 11.6845493783015);
#1271 = LINE ('', #1268, #1270);
#1272 = CARTESIAN_POINT ('', (0., 6.47024876075266, -18.0712139232642));
#1273 = CARTESIAN_POINT ('', (0., 7.06021908399347, -6.40156829061276));
#1274 = TRIMMED_CURVE ('', #1271, (#1272), (#1273), .T., .CARTESIAN.);
#1275 = CARTESIAN_POINT ('', (0., 7.06021908399347, -6.40156829061276));
#1276 = DIRECTION ('', (0., 0.368733182163103, 1.15958492639225));
#1277 = VECTOR ('', #1276, 1.21679963886593);
#1278 = LINE ('', #1275, #1277);
#1279 = CARTESIAN_POINT ('', (0., 7.06021908399347, -6.40156829061276));
#1280 = CARTESIAN_POINT ('', (0., 7.42895226615657, -5.24198336422051));
#1281 = TRIMMED_CURVE ('', #1278, (#1279), (#1280), .T., .CARTESIAN.);
#1282 = CARTESIAN_POINT ('', (0., 7.42895226615657, -5.24198336422051));
#1283 = DIRECTION ('', (0., 0.400925093334214, 4.28742425786594));
#1284 = VECTOR ('', #1283, 4.30612908508353);
#1285 = LINE ('', #1282, #1284);
#1286 = CARTESIAN_POINT ('', (0., 7.42895226615657, -5.24198336422051));
#1287 = CARTESIAN_POINT ('', (0., 7.82987735949079, -0.95455910635457));
#1288 = TRIMMED_CURVE ('', #1285, (#1286), (#1287), .T., .CARTESIAN.);
#1289 = CARTESIAN_POINT ('', (0., 7.82987735949079, -0.95455910635457));
#1290 = DIRECTION ('', (0., 0.00431254447094087, 20.9545591063546));
#1291 = VECTOR ('', #1290, 20.9545595501253);
#1292 = LINE ('', #1289, #1291);
#1293 = CARTESIAN_POINT ('', (0., 7.82987735949079, -0.95455910635457));
#1294 = CARTESIAN_POINT ('', (0., 7.83418990396173, 20.));
#1295 = TRIMMED_CURVE ('', #1292, (#1293), (#1294), .T., .CARTESIAN.);
#1296 = CARTESIAN_POINT ('', (0., 7.83418990396173, 20.));
#1297 = DIRECTION ('', (0., 0.00092348877972892, 4.48721174918139));
#1298 = VECTOR ('', #1297, 4.48721184421051);
#1299 = LINE ('', #1296, #1298);
#1300 = CARTESIAN_POINT ('', (0., 7.83418990396173, 20.));
#1301 = CARTESIAN_POINT ('', (0., 7.83511339274146, 24.4872117491814));
#1302 = TRIMMED_CURVE ('', #1299, (#1300), (#1301), .T., .CARTESIAN.);
#1303 = CARTESIAN_POINT ('', (0., 7.83511339274146, 24.4872117491814));
#1304 = DIRECTION ('', (0., -0.271359399459993, 1.57316869332423));
#1305 = VECTOR ('', #1304, 1.59640084606929);
#1306 = LINE ('', #1303, #1305);
#1307 = CARTESIAN_POINT ('', (0., 7.83511339274146, 24.4872117491814));
#1308 = CARTESIAN_POINT ('', (0., 7.56375399328146, 26.0603804425056));
#1309 = TRIMMED_CURVE ('', #1306, (#1307), (#1308), .T., .CARTESIAN.);
#1310 = CARTESIAN_POINT ('', (0., 7.56375399328146, 26.0603804425056));
#1311 = DIRECTION ('', (0., -0.0101559106417151, 0.0518029113581626));
#1312 = VECTOR ('', #1311, 0.0527890532794836);
#1313 = LINE ('', #1310, #1312);
#1314 = CARTESIAN_POINT ('', (0., 7.56375399328146, 26.0603804425056));
#1315 = CARTESIAN_POINT ('', (0., 7.55359808263975, 26.1121833538638));
#1316 = TRIMMED_CURVE ('', #1313, (#1314), (#1315), .T., .CARTESIAN.);
#1317 = CARTESIAN_POINT ('', (0., 7.55359808263975, 26.1121833538638));
#1318 = DIRECTION ('', (0., -0.0418531426728155, 0.0336497354107337));
#1319 = VECTOR ('', #1318, 0.0537027955026871);
#1320 = LINE ('', #1317, #1319);
#1321 = CARTESIAN_POINT ('', (0., 7.55359808263975, 26.1121833538638));
#1322 = CARTESIAN_POINT ('', (0., 7.51174493996693, 26.1458330892745));
#1323 = TRIMMED_CURVE ('', #1320, (#1321), (#1322), .T., .CARTESIAN.);
#1324 = CARTESIAN_POINT ('', (0., 7.51174493996693, 26.1458330892745));
#1325 = DIRECTION ('', (0., -1.23443735707753, 1.0216087464315));
#1326 = VECTOR ('', #1325, 1.60234828278184);
#1327 = LINE ('', #1324, #1326);
#1328 = CARTESIAN_POINT ('', (0., 7.51174493996693, 26.1458330892745));
#1329 = CARTESIAN_POINT ('', (0., 6.2773075828894, 27.167441835706));
#1330 = TRIMMED_CURVE ('', #1327, (#1328), (#1329), .T., .CARTESIAN.);
#1331 = CARTESIAN_POINT ('', (0., 6.2773075828894, 27.167441835706));
#1332 = DIRECTION ('', (0., -92.7536470696812, 52.4341256495727));
#1333 = VECTOR ('', #1332, 106.548470553838);
#1334 = LINE ('', #1331, #1333);
#1335 = CARTESIAN_POINT ('', (0., 6.2773075828894, 27.167441835706));
#1336 = CARTESIAN_POINT ('', (0., -86.4763394867918, 79.6015674852787));
#1337 = TRIMMED_CURVE ('', #1334, (#1335), (#1336), .T., .CARTESIAN.);
#1338 = CARTESIAN_POINT ('', (0., -86.4763394867918, 79.6015674852787));
#1339 = DIRECTION ('', (0., -4.47087065605501, 2.52036210366509));
#1340 = VECTOR ('', #1339, 5.13233957925281);
#1341 = LINE ('', #1338, #1340);
#1342 = CARTESIAN_POINT ('', (0., -86.4763394867918, 79.6015674852787));
#1343 = CARTESIAN_POINT ('', (0., -90.9472101428468, 82.1219295889438));
#1344 = TRIMMED_CURVE ('', #1341, (#1342), (#1343), .T., .CARTESIAN.);
#1345 = CARTESIAN_POINT ('', (0., -90.9472101428468, 82.1219295889438));
#1346 = DIRECTION ('', (0., -6.82804358098612, 3.88429806289406));
#1347 = VECTOR ('', #1346, 7.85556812619229);
#1348 = LINE ('', #1345, #1347);
#1349 = CARTESIAN_POINT ('', (0., -90.9472101428468, 82.1219295889438));
#1350 = CARTESIAN_POINT ('', (0., -97.775253723833, 86.0062276518378));
#1351 = TRIMMED_CURVE ('', #1348, (#1349), (#1350), .T., .CARTESIAN.);
#1352 = CARTESIAN_POINT ('', (0., -97.775253723833, 86.0062276518378));
#1353 = DIRECTION ('', (0., -2.09251743995939, 1.07510490493252));
#1354 = VECTOR ('', #1353, 2.35254751134683);
#1355 = LINE ('', #1352, #1354);
#1356 = CARTESIAN_POINT ('', (0., -97.775253723833, 86.0062276518378));
#1357 = CARTESIAN_POINT ('', (0., -99.8677711637924, 87.0813325567704));
#1358 = TRIMMED_CURVE ('', #1355, (#1356), (#1357), .T., .CARTESIAN.);
#1359 = CARTESIAN_POINT ('', (0., -99.8677711637924, 87.0813325567704));
#1360 = DIRECTION ('', (0., -9.51477028922795, 4.83855028494405));
#1361 = VECTOR ('', #1360, 10.6743815987956);
#1362 = LINE ('', #1359, #1361);
#1363 = CARTESIAN_POINT ('', (0., -99.8677711637924, 87.0813325567704));
#1364 = CARTESIAN_POINT ('', (0., -109.38254145302, 91.9198828417144));
#1365 = TRIMMED_CURVE ('', #1362, (#1363), (#1364), .T., .CARTESIAN.);
#1366 = CARTESIAN_POINT ('', (0., -109.38254145302, 91.9198828417144));
#1367 = DIRECTION ('', (0., -5.00854957828207, 2.60681692993597));
#1368 = VECTOR ('', #1367, 5.64633185212403);
#1369 = LINE ('', #1366, #1368);
#1370 = CARTESIAN_POINT ('', (0., -109.38254145302, 91.9198828417144));
#1371 = CARTESIAN_POINT ('', (0., -114.391091031302, 94.5266997716504));
#1372 = TRIMMED_CURVE ('', #1369, (#1370), (#1371), .T., .CARTESIAN.);
#1373 = CARTESIAN_POINT ('', (0., -114.391091031302, 94.5266997716504));
#1374 = DIRECTION ('', (0., -32.79262899549, 15.2738347371115));
#1375 = VECTOR ('', #1374, 36.1752200271463);
#1376 = LINE ('', #1373, #1375);
#1377 = CARTESIAN_POINT ('', (0., -114.391091031302, 94.5266997716504));
#1378 = CARTESIAN_POINT ('', (0., -147.183720026792, 109.800534508762));
#1379 = TRIMMED_CURVE ('', #1376, (#1377), (#1378), .T., .CARTESIAN.);
#1380 = CARTESIAN_POINT ('', (0., -147.183720026792, 109.800534508762));
#1381 = DIRECTION ('', (0., -3.15114123402941, 1.58266818163388));
#1382 = VECTOR ('', #1381, 3.52626284470637);
#1383 = LINE ('', #1380, #1382);
#1384 = CARTESIAN_POINT ('', (0., -147.183720026792, 109.800534508762));
#1385 = CARTESIAN_POINT ('', (0., -150.334861260822, 111.383202690396));
#1386 = TRIMMED_CURVE ('', #1383, (#1384), (#1385), .T., .CARTESIAN.);
#1387 = CARTESIAN_POINT ('', (0., -150.334861260822, 111.383202690396));
#1388 = DIRECTION ('', (0., -33.3715691615448, 16.1235078814302));
#1389 = VECTOR ('', #1388, 37.0625030820411);
#1390 = LINE ('', #1387, #1389);
#1391 = CARTESIAN_POINT ('', (0., -150.334861260822, 111.383202690396));
#1392 = CARTESIAN_POINT ('', (0., -183.706430422367, 127.506710571826));
#1393 = TRIMMED_CURVE ('', #1390, (#1391), (#1392), .T., .CARTESIAN.);
#1394 = CARTESIAN_POINT ('', (0., 0., -67.42));
#1395 = DIRECTION ('', (0., -6.47024876075266, 49.3487860767358));
#1396 = VECTOR ('', #1395, 49.771144313482);
#1397 = LINE ('', #1394, #1396);
#1398 = CARTESIAN_POINT ('', (0., 0., -67.42));
#1399 = CARTESIAN_POINT ('', (0., -6.47024876075266, -18.0712139232642));
#1400 = TRIMMED_CURVE ('', #1397, (#1398), (#1399), .T., .CARTESIAN.);
#1401 = CARTESIAN_POINT ('', (0., -6.47024876075266, -18.0712139232642));
#1402 = DIRECTION ('', (0., -0.591354923735769, 11.6699833206937));
#1403 = VECTOR ('', #1402, 11.6849566259826);
#1404 = LINE ('', #1401, #1403);
#1405 = CARTESIAN_POINT ('', (0., -6.47024876075266, -18.0712139232642));
#1406 = CARTESIAN_POINT ('', (0., -7.06160368448843, -6.40123060257058));
#1407 = TRIMMED_CURVE ('', #1404, (#1405), (#1406), .T., .CARTESIAN.);
#1408 = CARTESIAN_POINT ('', (0., -7.06160368448843, -6.40123060257058));
#1409 = DIRECTION ('', (0., -0.368113104478162, 1.15942623477977));
#1410 = VECTOR ('', #1409, 1.21646062475698);
#1411 = LINE ('', #1408, #1410);
#1412 = CARTESIAN_POINT ('', (0., -7.06160368448843, -6.40123060257058));
#1413 = CARTESIAN_POINT ('', (0., -7.42971678896659, -5.24180436779081));
#1414 = TRIMMED_CURVE ('', #1411, (#1412), (#1413), .T., .CARTESIAN.);
#1415 = CARTESIAN_POINT ('', (0., -7.42971678896659, -5.24180436779081));
#1416 = DIRECTION ('', (0., -0.400572854851138, 4.28714321683621));
#1417 = VECTOR ('', #1416, 4.30581648165691);
#1418 = LINE ('', #1415, #1417);
#1419 = CARTESIAN_POINT ('', (0., -7.42971678896659, -5.24180436779081));
#1420 = CARTESIAN_POINT ('', (0., -7.83028964381773, -0.954661150954605));
#1421 = TRIMMED_CURVE ('', #1418, (#1419), (#1420), .T., .CARTESIAN.);
#1422 = CARTESIAN_POINT ('', (0., -7.83028964381773, -0.954661150954605));
#1423 = DIRECTION ('', (0., -0.0044184051443148, 20.9546611509546));
#1424 = VECTOR ('', #1423, 20.9546616167771);
#1425 = LINE ('', #1422, #1424);
#1426 = CARTESIAN_POINT ('', (0., -7.83028964381773, -0.954661150954605));
#1427 = CARTESIAN_POINT ('', (0., -7.83470804896204, 20.));
#1428 = TRIMMED_CURVE ('', #1425, (#1426), (#1427), .T., .CARTESIAN.);
#1429 = CARTESIAN_POINT ('', (0., -7.83470804896204, 20.));
#1430 = DIRECTION ('', (0., 0.000945990004717956, -4.48643783302609));
#1431 = VECTOR ('', #1430, 4.48643793275968);
#1432 = LINE ('', #1429, #1431);
#1433 = CARTESIAN_POINT ('', (0., -7.83470804896204, 20.));
#1434 = CARTESIAN_POINT ('', (0., -7.83376205895732, 15.5135621669739));
#1435 = TRIMMED_CURVE ('', #1432, (#1433), (#1434), .T., .CARTESIAN.);
#1436 = CARTESIAN_POINT ('', (0., -7.83376205895732, 15.5135621669739));
#1437 = DIRECTION ('', (0., -0.271524018272762, 1.57307441524123));
#1438 = VECTOR ('', #1437, 1.59633593218518);
#1439 = LINE ('', #1436, #1438);
#1440 = CARTESIAN_POINT ('', (0., -7.83376205895732, 15.5135621669739));
#1441 = CARTESIAN_POINT ('', (0., -8.10528607723009, 17.0866365822151));
#1442 = TRIMMED_CURVE ('', #1439, (#1440), (#1441), .T., .CARTESIAN.);
#1443 = CARTESIAN_POINT ('', (0., -8.10528607723009, 17.0866365822151));
#1444 = DIRECTION ('', (0., -0.0101678201222004, 0.0517960907343777));
#1445 = VECTOR ('', #1444, 0.0527846528964747);
#1446 = LINE ('', #1443, #1445);
#1447 = CARTESIAN_POINT ('', (0., -8.10528607723009, 17.0866365822151));
#1448 = CARTESIAN_POINT ('', (0., -8.11545389735229, 17.1384326729495));
#1449 = TRIMMED_CURVE ('', #1446, (#1447), (#1448), .T., .CARTESIAN.);
#1450 = CARTESIAN_POINT ('', (0., -8.11545389735229, 17.1384326729495));
#1451 = DIRECTION ('', (0., -0.0437530643523694, 0.0325616400053867));
#1452 = VECTOR ('', #1451, 0.0545398115147364);
#1453 = LINE ('', #1450, #1452);
#1454 = CARTESIAN_POINT ('', (0., -8.11545389735229, 17.1384326729495));
#1455 = CARTESIAN_POINT ('', (0., -8.15920696170466, 17.1709943129549));
#1456 = TRIMMED_CURVE ('', #1453, (#1454), (#1455), .T., .CARTESIAN.);
#1457 = CARTESIAN_POINT ('', (0., -8.15920696170466, 17.1709943129549));
#1458 = DIRECTION ('', (0., -1.28864723860152, 0.990562454552492));
#1459 = VECTOR ('', #1458, 1.62536939860586);
#1460 = LINE ('', #1457, #1459);
#1461 = CARTESIAN_POINT ('', (0., -8.15920696170466, 17.1709943129549));
#1462 = CARTESIAN_POINT ('', (0., -9.44785420030617, 18.1615567675074));
#1463 = TRIMMED_CURVE ('', #1460, (#1461), (#1462), .T., .CARTESIAN.);
#1464 = CARTESIAN_POINT ('', (0., -9.44785420030617, 18.1615567675074));
#1465 = DIRECTION ('', (0., -88.0089347601582, 43.3036391060494));
#1466 = VECTOR ('', #1465, 98.0855634507176);
#1467 = LINE ('', #1464, #1466);
#1468 = CARTESIAN_POINT ('', (0., -9.44785420030617, 18.1615567675074));
#1469 = CARTESIAN_POINT ('', (0., -97.4567889604644, 61.4651958735568));
#1470 = TRIMMED_CURVE ('', #1467, (#1468), (#1469), .T., .CARTESIAN.);
#1471 = CARTESIAN_POINT ('', (0., -97.4567889604644, 61.4651958735568));
#1472 = DIRECTION ('', (0., -5.11886275514945, 2.86229064585399));
#1473 = VECTOR ('', #1472, 5.86476458584652);
#1474 = LINE ('', #1471, #1473);
#1475 = CARTESIAN_POINT ('', (0., -97.4567889604644, 61.4651958735568));
#1476 = CARTESIAN_POINT ('', (0., -102.575651715614, 64.3274865194108));
#1477 = TRIMMED_CURVE ('', #1474, (#1475), (#1476), .T., .CARTESIAN.);
#1478 = CARTESIAN_POINT ('', (0., -102.575651715614, 64.3274865194108));
#1479 = DIRECTION ('', (0., -5.21297725791372, 2.80993317846864));
#1480 = VECTOR ('', #1479, 5.92206521063257);
#1481 = LINE ('', #1478, #1480);
#1482 = CARTESIAN_POINT ('', (0., -102.575651715614, 64.3274865194108));
#1483 = CARTESIAN_POINT ('', (0., -107.788628973528, 67.1374196978794));
#1484 = TRIMMED_CURVE ('', #1481, (#1482), (#1483), .T., .CARTESIAN.);
#1485 = CARTESIAN_POINT ('', (0., -107.788628973528, 67.1374196978794));
#1486 = DIRECTION ('', (0., -3.75082146361704, 2.35279081934237));
#1487 = VECTOR ('', #1486, 4.42767278505448);
#1488 = LINE ('', #1485, #1487);
#1489 = CARTESIAN_POINT ('', (0., -107.788628973528, 67.1374196978794));
#1490 = CARTESIAN_POINT ('', (0., -111.539450437145, 69.4902105172218));
#1491 = TRIMMED_CURVE ('', #1488, (#1489), (#1490), .T., .CARTESIAN.);
#1492 = CARTESIAN_POINT ('', (0., -111.539450437145, 69.4902105172218));
#1493 = DIRECTION ('', (0., -6.88298890996207, 4.89319438959303));
#1494 = VECTOR ('', #1493, 8.44505107557116);
#1495 = LINE ('', #1492, #1494);
#1496 = CARTESIAN_POINT ('', (0., -111.539450437145, 69.4902105172218));
#1497 = CARTESIAN_POINT ('', (0., -118.422439347107, 74.3834049068148));
#1498 = TRIMMED_CURVE ('', #1495, (#1496), (#1497), .T., .CARTESIAN.);
#1499 = CARTESIAN_POINT ('', (0., -118.422439347107, 74.3834049068148));
#1500 = DIRECTION ('', (0., -5.48329527345352, 3.73193110089085));
#1501 = VECTOR ('', #1500, 6.63278499558625);
#1502 = LINE ('', #1499, #1501);
#1503 = CARTESIAN_POINT ('', (0., -118.422439347107, 74.3834049068148));
#1504 = CARTESIAN_POINT ('', (0., -123.90573462056, 78.1153360077057));
#1505 = TRIMMED_CURVE ('', #1502, (#1503), (#1504), .T., .CARTESIAN.);
#1506 = CARTESIAN_POINT ('', (0., -123.90573462056, 78.1153360077057));
#1507 = DIRECTION ('', (0., -28.7211239419875, 22.407593480705));
#1508 = VECTOR ('', #1507, 36.4280552059473);
#1509 = LINE ('', #1506, #1508);
#1510 = CARTESIAN_POINT ('', (0., -123.90573462056, 78.1153360077057));
#1511 = CARTESIAN_POINT ('', (0., -152.626858562548, 100.522929488411));
#1512 = TRIMMED_CURVE ('', #1509, (#1510), (#1511), .T., .CARTESIAN.);
#1513 = CARTESIAN_POINT ('', (0., -152.626858562548, 100.522929488411));
#1514 = DIRECTION ('', (0., -3.7086642820494, 2.65503359109218));
#1515 = VECTOR ('', #1514, 4.56107379098133);
#1516 = LINE ('', #1513, #1515);
#1517 = CARTESIAN_POINT ('', (0., -152.626858562548, 100.522929488411));
#1518 = CARTESIAN_POINT ('', (0., -156.335522844597, 103.177963079503));
#1519 = TRIMMED_CURVE ('', #1516, (#1517), (#1518), .T., .CARTESIAN.);
#1520 = CARTESIAN_POINT ('', (0., -156.335522844597, 103.177963079503));
#1521 = DIRECTION ('', (0., -30.5137030090386, 18.9719823687558));
#1522 = VECTOR ('', #1521, 35.9307971846464);
#1523 = LINE ('', #1520, #1522);
#1524 = CARTESIAN_POINT ('', (0., -156.335522844597, 103.177963079503));
#1525 = CARTESIAN_POINT ('', (0., -186.849225853636, 122.149945448259));
#1526 = TRIMMED_CURVE ('', #1523, (#1524), (#1525), .T., .CARTESIAN.);
#1527 = CARTESIAN_POINT ('', (0., 0., -67.42));
#1528 = DIRECTION ('', (0., -2.2519306713646, 49.2180147637125));
#1529 = VECTOR ('', #1528, 49.269505467679);
#1530 = LINE ('', #1527, #1529);
#1531 = CARTESIAN_POINT ('', (0., 0., -67.42));
#1532 = CARTESIAN_POINT ('', (0., -2.2519306713646, -18.2019852362875));
#1533 = TRIMMED_CURVE ('', #1530, (#1531), (#1532), .T., .CARTESIAN.);
#1534 = CARTESIAN_POINT ('', (0., -2.2519306713646, -18.2019852362875));
#1535 = DIRECTION ('', (0., -0.198115379244938, 11.0528728867594));
#1536 = VECTOR ('', #1535, 11.0546482872299);
#1537 = LINE ('', #1534, #1536);
#1538 = CARTESIAN_POINT ('', (0., -2.2519306713646, -18.2019852362875));
#1539 = CARTESIAN_POINT ('', (0., -2.45004605060954, -7.1491123495281));
#1540 = TRIMMED_CURVE ('', #1537, (#1538), (#1539), .T., .CARTESIAN.);
#1541 = CARTESIAN_POINT ('', (0., -2.45004605060954, -7.1491123495281));
#1542 = DIRECTION ('', (0., -0.116229152945413, 1.15030917705622));
#1543 = VECTOR ('', #1542, 1.15616625915747);
#1544 = LINE ('', #1541, #1543);
#1545 = CARTESIAN_POINT ('', (0., -2.45004605060954, -7.1491123495281));
#1546 = CARTESIAN_POINT ('', (0., -2.56627520355495, -5.99880317247188));
#1547 = TRIMMED_CURVE ('', #1544, (#1545), (#1546), .T., .CARTESIAN.);
#1548 = CARTESIAN_POINT ('', (0., -2.56627520355495, -5.99880317247188));
#1549 = DIRECTION ('', (0., -0.18929851058281, 5.8820985627761));
#1550 = VECTOR ('', #1549, 5.88514378994443);
#1551 = LINE ('', #1548, #1550);
#1552 = CARTESIAN_POINT ('', (0., -2.56627520355495, -5.99880317247188));
#1553 = CARTESIAN_POINT ('', (0., -2.75557371413776, -0.116704609695784));
#1554 = TRIMMED_CURVE ('', #1551, (#1552), (#1553), .T., .CARTESIAN.);
#1555 = CARTESIAN_POINT ('', (0., -2.75557371413776, -0.116704609695784));
#1556 = DIRECTION ('', (0., 0.000245441391416801, 20.1167046096958));
#1557 = VECTOR ('', #1556, 20.1167046111931);
#1558 = LINE ('', #1555, #1557);
#1559 = CARTESIAN_POINT ('', (0., -2.75557371413776, -0.116704609695784));
#1560 = CARTESIAN_POINT ('', (0., -2.75532827274635, 20.));
#1561 = TRIMMED_CURVE ('', #1558, (#1559), (#1560), .T., .CARTESIAN.);
#1562 = CARTESIAN_POINT ('', (0., -2.75532827274635, 20.));
#1563 = DIRECTION ('', (0., -1.92530095701748E-5, -1.57800240671741));
#1564 = VECTOR ('', #1563, 1.57800240683486);
#1565 = LINE ('', #1562, #1564);
#1566 = CARTESIAN_POINT ('', (0., -2.75532827274635, 20.));
#1567 = CARTESIAN_POINT ('', (0., -2.75534752575592, 18.4219975932826));
#1568 = TRIMMED_CURVE ('', #1565, (#1566), (#1567), .T., .CARTESIAN.);
#1569 = CARTESIAN_POINT ('', (0., -2.75534752575592, 18.4219975932826));
#1570 = DIRECTION ('', (0., -0.271314853657573, 1.57319420494582));
#1571 = VECTOR ('', #1570, 1.59641841516889);
#1572 = LINE ('', #1569, #1571);
#1573 = CARTESIAN_POINT ('', (0., -2.75534752575592, 18.4219975932826));
#1574 = CARTESIAN_POINT ('', (0., -3.02666237941349, 19.9951917982284));
#1575 = TRIMMED_CURVE ('', #1572, (#1573), (#1574), .T., .CARTESIAN.);
#1576 = CARTESIAN_POINT ('', (0., -3.02666237941349, 19.9951917982284));
#1577 = DIRECTION ('', (0., -0.010161444473519, 0.0517997421028049));
#1578 = VECTOR ('', #1577, 0.0527870082094592);
#1579 = LINE ('', #1576, #1578);
#1580 = CARTESIAN_POINT ('', (0., -3.02666237941349, 19.9951917982284));
#1581 = CARTESIAN_POINT ('', (0., -3.03682382388701, 20.0469915403312));
#1582 = TRIMMED_CURVE ('', #1579, (#1580), (#1581), .T., .CARTESIAN.);
#1583 = CARTESIAN_POINT ('', (0., -3.03682382388701, 20.0469915403312));
#1584 = DIRECTION ('', (0., -0.0437452790754889, 0.032566098675499));
#1585 = VECTOR ('', #1584, 0.0545362285488714);
#1586 = LINE ('', #1583, #1585);
#1587 = CARTESIAN_POINT ('', (0., -3.03682382388701, 20.0469915403312));
#1588 = CARTESIAN_POINT ('', (0., -3.0805691029625, 20.0795576390067));
#1589 = TRIMMED_CURVE ('', #1586, (#1587), (#1588), .T., .CARTESIAN.);
#1590 = CARTESIAN_POINT ('', (0., -3.0805691029625, 20.0795576390067));
#1591 = DIRECTION ('', (0., -1.28842648964215, 0.990688878673549));
#1592 = VECTOR ('', #1591, 1.62527144610956);
#1593 = LINE ('', #1590, #1592);
#1594 = CARTESIAN_POINT ('', (0., -3.0805691029625, 20.0795576390067));
#1595 = CARTESIAN_POINT ('', (0., -4.36899559260465, 21.0702465176803));
#1596 = TRIMMED_CURVE ('', #1593, (#1594), (#1595), .T., .CARTESIAN.);
#1597 = CARTESIAN_POINT ('', (0., -4.36899559260465, 21.0702465176803));
#1598 = DIRECTION ('', (0., -90.4422416266601, 44.527146872676));
#1599 = VECTOR ('', #1598, 100.809056533012);
#1600 = LINE ('', #1597, #1599);
#1601 = CARTESIAN_POINT ('', (0., -4.36899559260465, 21.0702465176803));
#1602 = CARTESIAN_POINT ('', (0., -94.8112372192648, 65.5973933903563));
#1603 = TRIMMED_CURVE ('', #1600, (#1601), (#1602), .T., .CARTESIAN.);
#1604 = CARTESIAN_POINT ('', (0., -94.8112372192648, 65.5973933903563));
#1605 = DIRECTION ('', (0., -4.73097448339328, 2.60505229553542));
#1606 = VECTOR ('', #1605, 5.40077929793402);
#1607 = LINE ('', #1604, #1606);
#1608 = CARTESIAN_POINT ('', (0., -94.8112372192648, 65.5973933903563));
#1609 = CARTESIAN_POINT ('', (0., -99.542211702658, 68.2024456858917));
#1610 = TRIMMED_CURVE ('', #1607, (#1608), (#1609), .T., .CARTESIAN.);
#1611 = CARTESIAN_POINT ('', (0., -99.542211702658, 68.2024456858917));
#1612 = DIRECTION ('', (0., -6.29634560866158, 3.37273709879859));
#1613 = VECTOR ('', #1612, 7.14278122031778);
#1614 = LINE ('', #1611, #1613);
#1615 = CARTESIAN_POINT ('', (0., -99.542211702658, 68.2024456858917));
#1616 = CARTESIAN_POINT ('', (0., -105.83855731132, 71.5751827846903));
#1617 = TRIMMED_CURVE ('', #1614, (#1615), (#1616), .T., .CARTESIAN.);
#1618 = CARTESIAN_POINT ('', (0., -105.83855731132, 71.5751827846903));
#1619 = DIRECTION ('', (0., -2.72675503312821, 1.5896177915007));
#1620 = VECTOR ('', #1619, 3.15627592801162);
#1621 = LINE ('', #1618, #1620);
#1622 = CARTESIAN_POINT ('', (0., -105.83855731132, 71.5751827846903));
#1623 = CARTESIAN_POINT ('', (0., -108.565312344448, 73.164800576191));
#1624 = TRIMMED_CURVE ('', #1621, (#1622), (#1623), .T., .CARTESIAN.);
#1625 = CARTESIAN_POINT ('', (0., -108.565312344448, 73.164800576191));
#1626 = DIRECTION ('', (0., -8.18090802923571, 5.32377319579702));
#1627 = VECTOR ('', #1626, 9.76062586226417);
#1628 = LINE ('', #1625, #1627);
#1629 = CARTESIAN_POINT ('', (0., -108.565312344448, 73.164800576191));
#1630 = CARTESIAN_POINT ('', (0., -116.746220373684, 78.488573771988));
#1631 = TRIMMED_CURVE ('', #1628, (#1629), (#1630), .T., .CARTESIAN.);
#1632 = CARTESIAN_POINT ('', (0., -116.746220373684, 78.488573771988));
#1633 = DIRECTION ('', (0., -5.10922984802436, 3.23169678205753));
#1634 = VECTOR ('', #1633, 6.04550194203128);
#1635 = LINE ('', #1632, #1634);
#1636 = CARTESIAN_POINT ('', (0., -116.746220373684, 78.488573771988));
#1637 = CARTESIAN_POINT ('', (0., -121.855450221708, 81.7202705540456));
#1638 = TRIMMED_CURVE ('', #1635, (#1636), (#1637), .T., .CARTESIAN.);
#1639 = CARTESIAN_POINT ('', (0., -121.855450221708, 81.7202705540456));
#1640 = DIRECTION ('', (0., -29.8517224331832, 20.3702256126653));
#1641 = VECTOR ('', #1640, 36.1396101769056);
#1642 = LINE ('', #1639, #1641);
#1643 = CARTESIAN_POINT ('', (0., -121.855450221708, 81.7202705540456));
#1644 = CARTESIAN_POINT ('', (0., -151.707172654891, 102.090496166711));
#1645 = TRIMMED_CURVE ('', #1642, (#1643), (#1644), .T., .CARTESIAN.);
#1646 = CARTESIAN_POINT ('', (0., -151.707172654891, 102.090496166711));
#1647 = DIRECTION ('', (0., -3.52109871729323, 2.29457582092839));
#1648 = VECTOR ('', #1647, 4.20276270742391);
#1649 = LINE ('', #1646, #1648);
#1650 = CARTESIAN_POINT ('', (0., -151.707172654891, 102.090496166711));
#1651 = CARTESIAN_POINT ('', (0., -155.228271372184, 104.385071987639));
#1652 = TRIMMED_CURVE ('', #1649, (#1650), (#1651), .T., .CARTESIAN.);
#1653 = CARTESIAN_POINT ('', (0., -155.228271372184, 104.385071987639));
#1654 = DIRECTION ('', (0., -31.6209689240768, 17.7648488437604));
#1655 = VECTOR ('', #1654, 36.2694848342113);
#1656 = LINE ('', #1653, #1655);
#1657 = CARTESIAN_POINT ('', (0., -155.228271372184, 104.385071987639));
#1658 = CARTESIAN_POINT ('', (0., -186.849240296261, 122.1499208314));
#1659 = TRIMMED_CURVE ('', #1656, (#1657), (#1658), .T., .CARTESIAN.);
#1660 = CARTESIAN_POINT ('', (0., 0., -67.42));
#1661 = DIRECTION ('', (0., 0., 49.2));
#1662 = VECTOR ('', #1661, 49.2);
#1663 = LINE ('', #1660, #1662);
#1664 = CARTESIAN_POINT ('', (0., 0., -67.42));
#1665 = CARTESIAN_POINT ('', (0., 0., -18.22));
#1666 = TRIMMED_CURVE ('', #1663, (#1664), (#1665), .T., .CARTESIAN.);
#1667 = CARTESIAN_POINT ('', (0., 0., -18.22));
#1668 = DIRECTION ('', (0., 0., 10.97));
#1669 = VECTOR ('', #1668, 10.97);
#1670 = LINE ('', #1667, #1669);
#1671 = CARTESIAN_POINT ('', (0., 0., -18.22));
#1672 = CARTESIAN_POINT ('', (0., 0., -7.25));
#1673 = TRIMMED_CURVE ('', #1670, (#1671), (#1672), .T., .CARTESIAN.);
#1674 = CARTESIAN_POINT ('', (0., 0., -7.25));
#1675 = DIRECTION ('', (0., 0., 1.15));
#1676 = VECTOR ('', #1675, 1.15);
#1677 = LINE ('', #1674, #1676);
#1678 = CARTESIAN_POINT ('', (0., 0., -7.25));
#1679 = CARTESIAN_POINT ('', (0., 0., -6.1));
#1680 = TRIMMED_CURVE ('', #1677, (#1678), (#1679), .T., .CARTESIAN.);
#1681 = CARTESIAN_POINT ('', (0., 0., -6.1));
#1682 = DIRECTION ('', (0., 0., 6.1));
#1683 = VECTOR ('', #1682, 6.1);
#1684 = LINE ('', #1681, #1683);
#1685 = CARTESIAN_POINT ('', (0., 0., -6.1));
#1686 = CARTESIAN_POINT ('', (0., 0., 0.));
#1687 = TRIMMED_CURVE ('', #1684, (#1685), (#1686), .T., .CARTESIAN.);
#1688 = CARTESIAN_POINT ('', (0., 0., 0.));
#1689 = DIRECTION ('', (0., 0., 20.));
#1690 = VECTOR ('', #1689, 20.);
#1691 = LINE ('', #1688, #1690);
#1692 = CARTESIAN_POINT ('', (0., 0., 0.));
#1693 = CARTESIAN_POINT ('', (0., 0., 20.));
#1694 = TRIMMED_CURVE ('', #1691, (#1692), (#1693), .T., .CARTESIAN.);
#1695 = CARTESIAN_POINT ('', (0., 0., 20.));
#1696 = DIRECTION ('', (0., -0.271326294820964, 1.57318765252977));
#1697 = VECTOR ('', #1696, 1.59641390257458);
#1698 = LINE ('', #1695, #1697);
#1699 = CARTESIAN_POINT ('', (0., 0., 20.));
#1700 = CARTESIAN_POINT ('', (0., -0.271326294820964, 21.5731876525298));
#1701 = TRIMMED_CURVE ('', #1698, (#1699), (#1700), .T., .CARTESIAN.);
#1702 = CARTESIAN_POINT ('', (0., -0.271326294820964, 21.5731876525298));
#1703 = DIRECTION ('', (0., -0.0101617932137162, 0.0517995423774131));
#1704 = VECTOR ('', #1703, 0.0527868793529959);
#1705 = LINE ('', #1702, #1704);
#1706 = CARTESIAN_POINT ('', (0., -0.271326294820964, 21.5731876525298));
#1707 = CARTESIAN_POINT ('', (0., -0.281488088034681, 21.6249871949072));
#1708 = TRIMMED_CURVE ('', #1705, (#1706), (#1707), .T., .CARTESIAN.);
#1709 = CARTESIAN_POINT ('', (0., -0.281488088034681, 21.6249871949072));
#1710 = DIRECTION ('', (0., -0.0437457048540201, 0.03256585482983));
#1711 = VECTOR ('', #1710, 0.0545364244700054);
#1712 = LINE ('', #1709, #1711);
#1713 = CARTESIAN_POINT ('', (0., -0.281488088034681, 21.6249871949072));
#1714 = CARTESIAN_POINT ('', (0., -0.325233792888701, 21.657553049737));
#1715 = TRIMMED_CURVE ('', #1712, (#1713), (#1714), .T., .CARTESIAN.);
#1716 = CARTESIAN_POINT ('', (0., -0.325233792888701, 21.657553049737));
#1717 = DIRECTION ('', (0., -1.288438562545, 0.990681964456897));
#1718 = VECTOR ('', #1717, 1.62527680231806);
#1719 = LINE ('', #1716, #1718);
#1720 = CARTESIAN_POINT ('', (0., -0.325233792888701, 21.657553049737));
#1721 = CARTESIAN_POINT ('', (0., -1.6136723554337, 22.6482350141939));
#1722 = TRIMMED_CURVE ('', #1719, (#1720), (#1721), .T., .CARTESIAN.);
#1723 = CARTESIAN_POINT ('', (0., -1.6136723554337, 22.6482350141939));
#1724 = DIRECTION ('', (0., -91.7975107725719, 45.1929260379545));
#1725 = VECTOR ('', #1724, 102.319028278774);
#1726 = LINE ('', #1723, #1725);
#1727 = CARTESIAN_POINT ('', (0., -1.6136723554337, 22.6482350141939));
#1728 = CARTESIAN_POINT ('', (0., -93.4111831280056, 67.8411610521484));
#1729 = TRIMMED_CURVE ('', #1726, (#1727), (#1728), .T., .CARTESIAN.);
#1730 = CARTESIAN_POINT ('', (0., -93.4111831280056, 67.8411610521484));
#1731 = DIRECTION ('', (0., -4.58598368197694, 2.50381301489273));
#1732 = VECTOR ('', #1731, 5.22497138220919);
#1733 = LINE ('', #1730, #1732);
#1734 = CARTESIAN_POINT ('', (0., -93.4111831280056, 67.8411610521484));
#1735 = CARTESIAN_POINT ('', (0., -97.9971668099826, 70.3449740670412));
#1736 = TRIMMED_CURVE ('', #1733, (#1734), (#1735), .T., .CARTESIAN.);
#1737 = CARTESIAN_POINT ('', (0., -97.9971668099826, 70.3449740670412));
#1738 = DIRECTION ('', (0., -6.71278540237513, 3.58269629400563));
#1739 = VECTOR ('', #1738, 7.60902100098445);
#1740 = LINE ('', #1737, #1739);
#1741 = CARTESIAN_POINT ('', (0., -97.9971668099826, 70.3449740670412));
#1742 = CARTESIAN_POINT ('', (0., -104.709952212358, 73.9276703610468));
#1743 = TRIMMED_CURVE ('', #1740, (#1741), (#1742), .T., .CARTESIAN.);
#1744 = CARTESIAN_POINT ('', (0., -104.709952212358, 73.9276703610468));
#1745 = DIRECTION ('', (0., -2.32390232207024, 1.30085604450379));
#1746 = VECTOR ('', #1745, 2.66322144235989);
#1747 = LINE ('', #1744, #1746);
#1748 = CARTESIAN_POINT ('', (0., -104.709952212358, 73.9276703610468));
#1749 = CARTESIAN_POINT ('', (0., -107.033854534428, 75.2285264055506));
#1750 = TRIMMED_CURVE ('', #1747, (#1748), (#1749), .T., .CARTESIAN.);
#1751 = CARTESIAN_POINT ('', (0., -107.033854534428, 75.2285264055506));
#1752 = DIRECTION ('', (0., -8.73417875688151, 5.41109586821462));
#1753 = VECTOR ('', #1752, 10.2745236897955);
#1754 = LINE ('', #1751, #1753);
#1755 = CARTESIAN_POINT ('', (0., -107.033854534428, 75.2285264055506));
#1756 = CARTESIAN_POINT ('', (0., -115.768033291309, 80.6396222737652));
#1757 = TRIMMED_CURVE ('', #1754, (#1755), (#1756), .T., .CARTESIAN.);
#1758 = CARTESIAN_POINT ('', (0., -115.768033291309, 80.6396222737652));
#1759 = DIRECTION ('', (0., -4.97488524863725, 3.02063163662153));
#1760 = VECTOR ('', #1759, 5.82011157292258);
#1761 = LINE ('', #1758, #1760);
#1762 = CARTESIAN_POINT ('', (0., -115.768033291309, 80.6396222737652));
#1763 = CARTESIAN_POINT ('', (0., -120.742918539947, 83.6602539103867));
#1764 = TRIMMED_CURVE ('', #1761, (#1762), (#1763), .T., .CARTESIAN.);
#1765 = CARTESIAN_POINT ('', (0., -120.742918539947, 83.6602539103867));
#1766 = DIRECTION ('', (0., -30.465876839815, 19.2797057559938));
#1767 = VECTOR ('', #1766, 36.0538029291845);
#1768 = LINE ('', #1765, #1767);
#1769 = CARTESIAN_POINT ('', (0., -120.742918539947, 83.6602539103867));
#1770 = CARTESIAN_POINT ('', (0., -151.208795379762, 102.939959666381));
#1771 = TRIMMED_CURVE ('', #1768, (#1769), (#1770), .T., .CARTESIAN.);
#1772 = CARTESIAN_POINT ('', (0., -151.208795379762, 102.939959666381));
#1773 = DIRECTION ('', (0., -3.43619357701155, 2.12446155697707));
#1774 = VECTOR ('', #1773, 4.03989643503009);
#1775 = LINE ('', #1772, #1774);
#1776 = CARTESIAN_POINT ('', (0., -151.208795379762, 102.939959666381));
#1777 = CARTESIAN_POINT ('', (0., -154.644988956773, 105.064421223358));
#1778 = TRIMMED_CURVE ('', #1775, (#1776), (#1777), .T., .CARTESIAN.);
#1779 = CARTESIAN_POINT ('', (0., -154.644988956773, 105.064421223358));
#1780 = DIRECTION ('', (0., -32.2043808483609, 17.0852788655122));
#1781 = VECTOR ('', #1780, 36.4558486355563);
#1782 = LINE ('', #1779, #1781);
#1783 = CARTESIAN_POINT ('', (0., -154.644988956773, 105.064421223358));
#1784 = CARTESIAN_POINT ('', (0., -186.849369805134, 122.14970008887));
#1785 = TRIMMED_CURVE ('', #1782, (#1783), (#1784), .T., .CARTESIAN.);
#1786 = CARTESIAN_POINT ('', (0., 0., -67.42));
#1787 = DIRECTION ('', (0., 2.2519306713646, 49.2180147637125));
#1788 = VECTOR ('', #1787, 49.269505467679);
#1789 = LINE ('', #1786, #1788);
#1790 = CARTESIAN_POINT ('', (0., 0., -67.42));
#1791 = CARTESIAN_POINT ('', (0., 2.2519306713646, -18.2019852362875));
#1792 = TRIMMED_CURVE ('', #1789, (#1790), (#1791), .T., .CARTESIAN.);
#1793 = CARTESIAN_POINT ('', (0., 2.2519306713646, -18.2019852362875));
#1794 = DIRECTION ('', (0., 0.198115379244938, 11.0528728867594));
#1795 = VECTOR ('', #1794, 11.0546482872299);
#1796 = LINE ('', #1793, #1795);
#1797 = CARTESIAN_POINT ('', (0., 2.2519306713646, -18.2019852362875));
#1798 = CARTESIAN_POINT ('', (0., 2.45004605060954, -7.1491123495281));
#1799 = TRIMMED_CURVE ('', #1796, (#1797), (#1798), .T., .CARTESIAN.);
#1800 = CARTESIAN_POINT ('', (0., 2.45004605060954, -7.1491123495281));
#1801 = DIRECTION ('', (0., 0.116229152945413, 1.15030917705622));
#1802 = VECTOR ('', #1801, 1.15616625915747);
#1803 = LINE ('', #1800, #1802);
#1804 = CARTESIAN_POINT ('', (0., 2.45004605060954, -7.1491123495281));
#1805 = CARTESIAN_POINT ('', (0., 2.56627520355495, -5.99880317247188));
#1806 = TRIMMED_CURVE ('', #1803, (#1804), (#1805), .T., .CARTESIAN.);
#1807 = CARTESIAN_POINT ('', (0., 2.56627520355495, -5.99880317247188));
#1808 = DIRECTION ('', (0., 0.18929851058281, 5.8820985627761));
#1809 = VECTOR ('', #1808, 5.88514378994443);
#1810 = LINE ('', #1807, #1809);
#1811 = CARTESIAN_POINT ('', (0., 2.56627520355495, -5.99880317247188));
#1812 = CARTESIAN_POINT ('', (0., 2.75557371413776, -0.116704609695784));
#1813 = TRIMMED_CURVE ('', #1810, (#1811), (#1812), .T., .CARTESIAN.);
#1814 = CARTESIAN_POINT ('', (0., 2.75557371413776, -0.116704609695784));
#1815 = DIRECTION ('', (0., -0.000245441391416801, 20.1167046096958));
#1816 = VECTOR ('', #1815, 20.1167046111931);
#1817 = LINE ('', #1814, #1816);
#1818 = CARTESIAN_POINT ('', (0., 2.75557371413776, -0.116704609695784));
#1819 = CARTESIAN_POINT ('', (0., 2.75532827274635, 20.));
#1820 = TRIMMED_CURVE ('', #1817, (#1818), (#1819), .T., .CARTESIAN.);
#1821 = CARTESIAN_POINT ('', (0., 2.75532827274635, 20.));
#1822 = DIRECTION ('', (0., -1.92527405107334E-5, 1.57798035426641));
#1823 = VECTOR ('', #1822, 1.57798035438386);
#1824 = LINE ('', #1821, #1823);
#1825 = CARTESIAN_POINT ('', (0., 2.75532827274635, 20.));
#1826 = CARTESIAN_POINT ('', (0., 2.75530902000583, 21.5779803542664));
#1827 = TRIMMED_CURVE ('', #1824, (#1825), (#1826), .T., .CARTESIAN.);
#1828 = CARTESIAN_POINT ('', (0., 2.75530902000583, 21.5779803542664));
#1829 = DIRECTION ('', (0., -0.27133773596728, 1.57318110012349));
#1830 = VECTOR ('', #1829, 1.59640939008314);
#1831 = LINE ('', #1828, #1830);
#1832 = CARTESIAN_POINT ('', (0., 2.75530902000583, 21.5779803542664));
#1833 = CARTESIAN_POINT ('', (0., 2.48397128403856, 23.1511614543899));
#1834 = TRIMMED_CURVE ('', #1831, (#1832), (#1833), .T., .CARTESIAN.);
#1835 = CARTESIAN_POINT ('', (0., 2.48397128403856, 23.1511614543899));
#1836 = DIRECTION ('', (0., -0.0101621419537965, 0.0517993426520853));
#1837 = VECTOR ('', #1836, 0.0527867504993181);
#1838 = LINE ('', #1835, #1837);
#1839 = CARTESIAN_POINT ('', (0., 2.48397128403856, 23.1511614543899));
#1840 = CARTESIAN_POINT ('', (0., 2.47380914208476, 23.202960797042));
#1841 = TRIMMED_CURVE ('', #1838, (#1839), (#1840), .T., .CARTESIAN.);
#1842 = CARTESIAN_POINT ('', (0., 2.47380914208476, 23.202960797042));
#1843 = DIRECTION ('', (0., -0.0437461306401161, 0.0325656109798338));
#1844 = VECTOR ('', #1843, 0.054536620398334);
#1845 = LINE ('', #1842, #1844);
#1846 = CARTESIAN_POINT ('', (0., 2.47380914208476, 23.202960797042));
#1847 = CARTESIAN_POINT ('', (0., 2.43006301144464, 23.2355264080218));
#1848 = TRIMMED_CURVE ('', #1845, (#1846), (#1847), .T., .CARTESIAN.);
#1849 = CARTESIAN_POINT ('', (0., 2.43006301144464, 23.2355264080218));
#1850 = DIRECTION ('', (0., -1.28845063565157, 0.990675050123571));
#1851 = VECTOR ('', #1850, 1.62528215871838);
#1852 = LINE ('', #1849, #1851);
#1853 = CARTESIAN_POINT ('', (0., 2.43006301144464, 23.2355264080218));
#1854 = CARTESIAN_POINT ('', (0., 1.14161237579307, 24.2262014581454));
#1855 = TRIMMED_CURVE ('', #1852, (#1853), (#1854), .T., .CARTESIAN.);
#1856 = CARTESIAN_POINT ('', (0., 1.14161237579307, 24.2262014581454));
#1857 = DIRECTION ('', (0., -93.1721584132601, 45.8682021380849));
#1858 = VECTOR ('', #1857, 103.850580502787);
#1859 = LINE ('', #1856, #1858);
#1860 = CARTESIAN_POINT ('', (0., 1.14161237579307, 24.2262014581454));
#1861 = CARTESIAN_POINT ('', (0., -92.0305460374671, 70.0944035962303));
#1862 = TRIMMED_CURVE ('', #1859, (#1860), (#1861), .T., .CARTESIAN.);
#1863 = CARTESIAN_POINT ('', (0., -92.0305460374671, 70.0944035962303));
#1864 = DIRECTION ('', (0., -4.48554652173731, 2.42815704164501));
#1865 = VECTOR ('', #1864, 5.1005954767615);
#1866 = LINE ('', #1863, #1865);
#1867 = CARTESIAN_POINT ('', (0., -92.0305460374671, 70.0944035962303));
#1868 = CARTESIAN_POINT ('', (0., -96.5160925592044, 72.5225606378753));
#1869 = TRIMMED_CURVE ('', #1866, (#1867), (#1868), .T., .CARTESIAN.);
#1870 = CARTESIAN_POINT ('', (0., -96.5160925592044, 72.5225606378753));
#1871 = DIRECTION ('', (0., -7.01188056006193, 3.72852735625604));
#1872 = VECTOR ('', #1871, 7.94156062968255);
#1873 = LINE ('', #1870, #1872);
#1874 = CARTESIAN_POINT ('', (0., -96.5160925592044, 72.5225606378753));
#1875 = CARTESIAN_POINT ('', (0., -103.527973119266, 76.2510879941314));
#1876 = TRIMMED_CURVE ('', #1873, (#1874), (#1875), .T., .CARTESIAN.);
#1877 = CARTESIAN_POINT ('', (0., -103.527973119266, 76.2510879941314));
#1878 = DIRECTION ('', (0., -2.03219003418181, 1.09145213176626));
#1879 = VECTOR ('', #1878, 2.30674317837183);
#1880 = LINE ('', #1877, #1879);
#1881 = CARTESIAN_POINT ('', (0., -103.527973119266, 76.2510879941314));
#1882 = CARTESIAN_POINT ('', (0., -105.560163153448, 77.3425401258976));
#1883 = TRIMMED_CURVE ('', #1880, (#1881), (#1882), .T., .CARTESIAN.);
#1884 = CARTESIAN_POINT ('', (0., -105.560163153448, 77.3425401258976));
#1885 = DIRECTION ('', (0., -9.1782301058393, 5.4074274902575));
#1886 = VECTOR ('', #1885, 10.6527076341242);
#1887 = LINE ('', #1884, #1886);
#1888 = CARTESIAN_POINT ('', (0., -105.560163153448, 77.3425401258976));
#1889 = CARTESIAN_POINT ('', (0., -114.738393259287, 82.7499676161551));
#1890 = TRIMMED_CURVE ('', #1887, (#1888), (#1889), .T., .CARTESIAN.);
#1891 = CARTESIAN_POINT ('', (0., -114.738393259287, 82.7499676161551));
#1892 = DIRECTION ('', (0., -4.88784053579911, 2.84628554569605));
#1893 = VECTOR ('', #1892, 5.65617596181724);
#1894 = LINE ('', #1891, #1893);
#1895 = CARTESIAN_POINT ('', (0., -114.738393259287, 82.7499676161551));
#1896 = CARTESIAN_POINT ('', (0., -119.626233795087, 85.5962531618512));
#1897 = TRIMMED_CURVE ('', #1894, (#1895), (#1896), .T., .CARTESIAN.);
#1898 = CARTESIAN_POINT ('', (0., -119.626233795087, 85.5962531618512));
#1899 = DIRECTION ('', (0., -31.0835333094164, 18.1942796070555));
#1900 = VECTOR ('', #1899, 36.0169106589852);
#1901 = LINE ('', #1898, #1900);
#1902 = CARTESIAN_POINT ('', (0., -119.626233795087, 85.5962531618512));
#1903 = CARTESIAN_POINT ('', (0., -150.709767104503, 103.790532768907));
#1904 = TRIMMED_CURVE ('', #1901, (#1902), (#1903), .T., .CARTESIAN.);
#1905 = CARTESIAN_POINT ('', (0., -150.709767104503, 103.790532768907));
#1906 = DIRECTION ('', (0., -3.36449618390182, 1.97078284277144));
#1907 = VECTOR ('', #1906, 3.89920755857549);
#1908 = LINE ('', #1905, #1907);
#1909 = CARTESIAN_POINT ('', (0., -150.709767104503, 103.790532768907));
#1910 = CARTESIAN_POINT ('', (0., -154.074263288405, 105.761315611678));
#1911 = TRIMMED_CURVE ('', #1908, (#1909), (#1910), .T., .CARTESIAN.);
#1912 = CARTESIAN_POINT ('', (0., -154.074263288405, 105.761315611678));
#1913 = DIRECTION ('', (0., -32.7750682207872, 16.3884497510448));
#1914 = VECTOR ('', #1913, 36.6440497505362);
#1915 = LINE ('', #1912, #1914);
#1916 = CARTESIAN_POINT ('', (0., -154.074263288405, 105.761315611678));
#1917 = CARTESIAN_POINT ('', (0., -186.849331509192, 122.149765362723));
#1918 = TRIMMED_CURVE ('', #1915, (#1916), (#1917), .T., .CARTESIAN.);
#1919 = CARTESIAN_POINT ('', (0., 0., -67.42));
#1920 = DIRECTION ('', (0., 6.47024876075266, 49.3487860767358));
#1921 = VECTOR ('', #1920, 49.771144313482);
#1922 = LINE ('', #1919, #1921);
#1923 = CARTESIAN_POINT ('', (0., 0., -67.42));
#1924 = CARTESIAN_POINT ('', (0., 6.47024876075266, -18.0712139232642));
#1925 = TRIMMED_CURVE ('', #1922, (#1923), (#1924), .T., .CARTESIAN.);
#1926 = CARTESIAN_POINT ('', (0., 6.47024876075266, -18.0712139232642));
#1927 = DIRECTION ('', (0., 0.591354923735769, 11.6699833206937));
#1928 = VECTOR ('', #1927, 11.6849566259826);
#1929 = LINE ('', #1926, #1928);
#1930 = CARTESIAN_POINT ('', (0., 6.47024876075266, -18.0712139232642));
#1931 = CARTESIAN_POINT ('', (0., 7.06160368448843, -6.40123060257058));
#1932 = TRIMMED_CURVE ('', #1929, (#1930), (#1931), .T., .CARTESIAN.);
#1933 = CARTESIAN_POINT ('', (0., 7.06160368448843, -6.40123060257058));
#1934 = DIRECTION ('', (0., 0.368113104478162, 1.15942623477977));
#1935 = VECTOR ('', #1934, 1.21646062475698);
#1936 = LINE ('', #1933, #1935);
#1937 = CARTESIAN_POINT ('', (0., 7.06160368448843, -6.40123060257058));
#1938 = CARTESIAN_POINT ('', (0., 7.42971678896659, -5.24180436779081));
#1939 = TRIMMED_CURVE ('', #1936, (#1937), (#1938), .T., .CARTESIAN.);
#1940 = CARTESIAN_POINT ('', (0., 7.42971678896659, -5.24180436779081));
#1941 = DIRECTION ('', (0., 0.400572854851138, 4.28714321683621));
#1942 = VECTOR ('', #1941, 4.30581648165691);
#1943 = LINE ('', #1940, #1942);
#1944 = CARTESIAN_POINT ('', (0., 7.42971678896659, -5.24180436779081));
#1945 = CARTESIAN_POINT ('', (0., 7.83028964381773, -0.954661150954605));
#1946 = TRIMMED_CURVE ('', #1943, (#1944), (#1945), .T., .CARTESIAN.);
#1947 = CARTESIAN_POINT ('', (0., 7.83028964381773, -0.954661150954605));
#1948 = DIRECTION ('', (0., 0.0044184051443148, 20.9546611509546));
#1949 = VECTOR ('', #1948, 20.9546616167771);
#1950 = LINE ('', #1947, #1949);
#1951 = CARTESIAN_POINT ('', (0., 7.83028964381773, -0.954661150954605));
#1952 = CARTESIAN_POINT ('', (0., 7.83470804896204, 20.));
#1953 = TRIMMED_CURVE ('', #1950, (#1951), (#1952), .T., .CARTESIAN.);
#1954 = CARTESIAN_POINT ('', (0., 7.83470804896204, 20.));
#1955 = DIRECTION ('', (0., 0.000946218504172869, 4.48752151105695));
#1956 = VECTOR ('', #1955, 4.48752161081463);
#1957 = LINE ('', #1954, #1956);
#1958 = CARTESIAN_POINT ('', (0., 7.83470804896204, 20.));
#1959 = CARTESIAN_POINT ('', (0., 7.83565426746622, 24.487521511057));
#1960 = TRIMMED_CURVE ('', #1957, (#1958), (#1959), .T., .CARTESIAN.);
#1961 = CARTESIAN_POINT ('', (0., 7.83565426746622, 24.487521511057));
#1962 = DIRECTION ('', (0., -0.271128566269083, 1.57330089273915));
#1963 = VECTOR ('', #1962, 1.59649190368788);
#1964 = LINE ('', #1961, #1963);
#1965 = CARTESIAN_POINT ('', (0., 7.83565426746622, 24.487521511057));
#1966 = CARTESIAN_POINT ('', (0., 7.56452570119713, 26.0608224037961));
#1967 = TRIMMED_CURVE ('', #1964, (#1965), (#1966), .T., .CARTESIAN.);
#1968 = CARTESIAN_POINT ('', (0., 7.56452570119713, 26.0608224037961));
#1969 = DIRECTION ('', (0., -0.0101557662702758, 0.0518029940404681));
#1970 = VECTOR ('', #1969, 0.0527891066423106);
#1971 = LINE ('', #1968, #1970);
#1972 = CARTESIAN_POINT ('', (0., 7.56452570119713, 26.0608224037961));
#1973 = CARTESIAN_POINT ('', (0., 7.55436993492686, 26.1126253978366));
#1974 = TRIMMED_CURVE ('', #1971, (#1972), (#1973), .T., .CARTESIAN.);
#1975 = CARTESIAN_POINT ('', (0., 7.55436993492686, 26.1126253978366));
#1976 = DIRECTION ('', (0., -0.0437383476148163, 0.0325700683604531));
#1977 = VECTOR ('', #1976, 0.0545330395730799);
#1978 = LINE ('', #1975, #1977);
#1979 = CARTESIAN_POINT ('', (0., 7.55436993492686, 26.1126253978366));
#1980 = CARTESIAN_POINT ('', (0., 7.51063158731204, 26.145195466197));
#1981 = TRIMMED_CURVE ('', #1978, (#1979), (#1980), .T., .CARTESIAN.);
#1982 = CARTESIAN_POINT ('', (0., 7.51063158731204, 26.145195466197));
#1983 = DIRECTION ('', (0., -1.28822994733437, 0.990801439514534));
#1984 = VECTOR ('', #1983, 1.62518426332314);
#1985 = LINE ('', #1982, #1984);
#1986 = CARTESIAN_POINT ('', (0., 7.51063158731204, 26.145195466197));
#1987 = CARTESIAN_POINT ('', (0., 6.22240163997767, 27.1359969057116));
#1988 = TRIMMED_CURVE ('', #1985, (#1986), (#1987), .T., .CARTESIAN.);
#1989 = CARTESIAN_POINT ('', (0., 6.22240163997767, 27.1359969057116));
#1990 = DIRECTION ('', (0., -95.7438319617441, 47.1619919465067));
#1991 = VECTOR ('', #1990, 106.729259545267);
#1992 = LINE ('', #1989, #1991);
#1993 = CARTESIAN_POINT ('', (0., 6.22240163997767, 27.1359969057116));
#1994 = CARTESIAN_POINT ('', (0., -89.5214303217664, 74.2979888522183));
#1995 = TRIMMED_CURVE ('', #1992, (#1993), (#1994), .T., .CARTESIAN.);
#1996 = CARTESIAN_POINT ('', (0., -89.5214303217664, 74.2979888522183));
#1997 = DIRECTION ('', (0., -4.41633368048531, 2.35377377815639));
#1998 = VECTOR ('', #1997, 5.00442346091191);
#1999 = LINE ('', #1996, #1998);
#2000 = CARTESIAN_POINT ('', (0., -89.5214303217664, 74.2979888522183));
#2001 = CARTESIAN_POINT ('', (0., -93.9377640022517, 76.6517626303747));
#2002 = TRIMMED_CURVE ('', #1999, (#2000), (#2001), .T., .CARTESIAN.);
#2003 = CARTESIAN_POINT ('', (0., -93.9377640022517, 76.6517626303747));
#2004 = DIRECTION ('', (0., -7.25614501836073, 3.83322583446615));
#2005 = VECTOR ('', #2004, 8.20641583308449);
#2006 = LINE ('', #2003, #2005);
#2007 = CARTESIAN_POINT ('', (0., -93.9377640022517, 76.6517626303747));
#2008 = CARTESIAN_POINT ('', (0., -101.193909020612, 80.4849884648408));
#2009 = TRIMMED_CURVE ('', #2006, (#2007), (#2008), .T., .CARTESIAN.);
#2010 = CARTESIAN_POINT ('', (0., -101.193909020612, 80.4849884648408));
#2011 = DIRECTION ('', (0., -1.79985034731598, 0.893378839567845));
#2012 = VECTOR ('', #2011, 2.00937478428516);
#2013 = LINE ('', #2010, #2012);
#2014 = CARTESIAN_POINT ('', (0., -101.193909020612, 80.4849884648408));
#2015 = CARTESIAN_POINT ('', (0., -102.993759367928, 81.3783673044087));
#2016 = TRIMMED_CURVE ('', #2013, (#2014), (#2015), .T., .CARTESIAN.);
#2017 = CARTESIAN_POINT ('', (0., -102.993759367928, 81.3783673044087));
#2018 = DIRECTION ('', (0., -9.69717905788617, 5.18826743035324));
#2019 = VECTOR ('', #2018, 10.997881641915);
#2020 = LINE ('', #2017, #2019);
#2021 = CARTESIAN_POINT ('', (0., -102.993759367928, 81.3783673044087));
#2022 = CARTESIAN_POINT ('', (0., -112.690938425815, 86.5666347347619));
#2023 = TRIMMED_CURVE ('', #2020, (#2021), (#2022), .T., .CARTESIAN.);
#2024 = CARTESIAN_POINT ('', (0., -112.690938425815, 86.5666347347619));
#2025 = DIRECTION ('', (0., -4.85340965875224, 2.60945545142647));
#2026 = VECTOR ('', #2025, 5.5104303886946);
#2027 = LINE ('', #2024, #2026);
#2028 = CARTESIAN_POINT ('', (0., -112.690938425815, 86.5666347347619));
#2029 = CARTESIAN_POINT ('', (0., -117.544348084567, 89.1760901861884));
#2030 = TRIMMED_CURVE ('', #2027, (#2028), (#2029), .T., .CARTESIAN.);
#2031 = CARTESIAN_POINT ('', (0., -117.544348084567, 89.1760901861884));
#2032 = DIRECTION ('', (0., -32.2405392063361, 16.1908620593699));
#2033 = VECTOR ('', #2032, 36.0776438052825);
#2034 = LINE ('', #2031, #2033);
#2035 = CARTESIAN_POINT ('', (0., -117.544348084567, 89.1760901861884));
#2036 = CARTESIAN_POINT ('', (0., -149.784887290903, 105.366952245558));
#2037 = TRIMMED_CURVE ('', #2034, (#2035), (#2036), .T., .CARTESIAN.);
#2038 = CARTESIAN_POINT ('', (0., -149.784887290903, 105.366952245558));
#2039 = DIRECTION ('', (0., -3.27072765066765, 1.7265713459763));
#2040 = VECTOR ('', #2039, 3.69847373623071);
#2041 = LINE ('', #2038, #2040);
#2042 = CARTESIAN_POINT ('', (0., -149.784887290903, 105.366952245558));
#2043 = CARTESIAN_POINT ('', (0., -153.055614941571, 107.093523591535));
#2044 = TRIMMED_CURVE ('', #2041, (#2042), (#2043), .T., .CARTESIAN.);
#2045 = CARTESIAN_POINT ('', (0., -153.055614941571, 107.093523591535));
#2046 = DIRECTION ('', (0., -33.7933347796801, 15.0568925129796));
#2047 = VECTOR ('', #2046, 36.9959387998056);
#2048 = LINE ('', #2045, #2047);
#2049 = CARTESIAN_POINT ('', (0., -153.055614941571, 107.093523591535));
#2050 = CARTESIAN_POINT ('', (0., -186.848949721251, 122.150416104514));
#2051 = TRIMMED_CURVE ('', #2048, (#2049), (#2050), .T., .CARTESIAN.);
#2052 = CARTESIAN_POINT ('', (0., 0., -67.42));
#2053 = DIRECTION ('', (0., -6.47024876075266, 49.3487860767358));
#2054 = VECTOR ('', #2053, 49.771144313482);
#2055 = LINE ('', #2052, #2054);
#2056 = CARTESIAN_POINT ('', (0., 0., -67.42));
#2057 = CARTESIAN_POINT ('', (0., -6.47024876075266, -18.0712139232642));
#2058 = TRIMMED_CURVE ('', #2055, (#2056), (#2057), .T., .CARTESIAN.);
#2059 = CARTESIAN_POINT ('', (0., -6.47024876075266, -18.0712139232642));
#2060 = DIRECTION ('', (0., -0.587964447553301, 11.6691565472142));
#2061 = VECTOR ('', #2060, 11.6839598045773);
#2062 = LINE ('', #2059, #2061);
#2063 = CARTESIAN_POINT ('', (0., -6.47024876075266, -18.0712139232642));
#2064 = CARTESIAN_POINT ('', (0., -7.05821320830596, -6.40205737605007));
#2065 = TRIMMED_CURVE ('', #2062, (#2063), (#2064), .T., .CARTESIAN.);
#2066 = CARTESIAN_POINT ('', (0., -7.05821320830596, -6.40205737605007));
#2067 = DIRECTION ('', (0., -0.369634736747785, 1.1598154933031));
#2068 = VECTOR ('', #2067, 1.21729282307772);
#2069 = LINE ('', #2066, #2068);
#2070 = CARTESIAN_POINT ('', (0., -7.05821320830596, -6.40205737605007));
#2071 = CARTESIAN_POINT ('', (0., -7.42784794505375, -5.24224188274697));
#2072 = TRIMMED_CURVE ('', #2069, (#2070), (#2071), .T., .CARTESIAN.);
#2073 = CARTESIAN_POINT ('', (0., -7.42784794505375, -5.24224188274697));
#2074 = DIRECTION ('', (0., -0.401469962476972, 4.28782123737265));
#2075 = VECTOR ('', #2074, 4.3065751002897);
#2076 = LINE ('', #2073, #2075);
#2077 = CARTESIAN_POINT ('', (0., -7.42784794505375, -5.24224188274697));
#2078 = CARTESIAN_POINT ('', (0., -7.82931790753072, -0.954420645374316));
#2079 = TRIMMED_CURVE ('', #2076, (#2077), (#2078), .T., .CARTESIAN.);
#2080 = CARTESIAN_POINT ('', (0., -7.82931790753072, -0.954420645374316));
#2081 = DIRECTION ('', (0., -0.00454531883589304, 20.9544206453743));
#2082 = VECTOR ('', #2081, 20.9544211383472);
#2083 = LINE ('', #2080, #2082);
#2084 = CARTESIAN_POINT ('', (0., -7.82931790753072, -0.954420645374316));
#2085 = CARTESIAN_POINT ('', (0., -7.83386322636661, 20.));
#2086 = TRIMMED_CURVE ('', #2083, (#2084), (#2085), .T., .CARTESIAN.);
#2087 = CARTESIAN_POINT ('', (0., -7.83386322636661, 20.));
#2088 = DIRECTION ('', (0., 0.000973065353181646, -4.48593849236542));
#2089 = VECTOR ('', #2088, 4.48593859790144);
#2090 = LINE ('', #2087, #2089);
#2091 = CARTESIAN_POINT ('', (0., -7.83386322636661, 20.));
#2092 = CARTESIAN_POINT ('', (0., -7.83289016101343, 15.5140615076346));
#2093 = TRIMMED_CURVE ('', #2090, (#2091), (#2092), .T., .CARTESIAN.);
#2094 = CARTESIAN_POINT ('', (0., -7.83289016101343, 15.5140615076346));
#2095 = DIRECTION ('', (0., -0.272064345953283, 1.57276496666085));
#2096 = VECTOR ('', #2095, 1.59612300550261);
#2097 = LINE ('', #2094, #2096);
#2098 = CARTESIAN_POINT ('', (0., -7.83289016101343, 15.5140615076346));
#2099 = CARTESIAN_POINT ('', (0., -8.10495450696671, 17.0868264742954));
#2100 = TRIMMED_CURVE ('', #2097, (#2098), (#2099), .T., .CARTESIAN.);
#2101 = CARTESIAN_POINT ('', (0., -8.10495450696671, 17.0868264742954));
#2102 = DIRECTION ('', (0., -0.0101679933089684, 0.0517959915493833));
#2103 = VECTOR ('', #2102, 0.0527845889300562);
#2104 = LINE ('', #2101, #2103);
#2105 = CARTESIAN_POINT ('', (0., -8.10495450696671, 17.0868264742954));
#2106 = CARTESIAN_POINT ('', (0., -8.11512250027568, 17.1386224658448));
#2107 = TRIMMED_CURVE ('', #2104, (#2105), (#2106), .T., .CARTESIAN.);
#2108 = CARTESIAN_POINT ('', (0., -8.11512250027568, 17.1386224658448));
#2109 = DIRECTION ('', (0., -0.0396208165421292, 0.0349282006402092));
#2110 = VECTOR ('', #2109, 0.0528184466207382);
#2111 = LINE ('', #2108, #2110);
#2112 = CARTESIAN_POINT ('', (0., -8.11512250027568, 17.1386224658448));
#2113 = CARTESIAN_POINT ('', (0., -8.15474331681781, 17.173550666485));
#2114 = TRIMMED_CURVE ('', #2111, (#2112), (#2113), .T., .CARTESIAN.);
#2115 = CARTESIAN_POINT ('', (0., -8.15474331681781, 17.173550666485));
#2116 = DIRECTION ('', (0., -1.17053868246003, 1.05820386243408));
#2117 = VECTOR ('', #2116, 1.57795951202991);
#2118 = LINE ('', #2115, #2117);
#2119 = CARTESIAN_POINT ('', (0., -8.15474331681781, 17.173550666485));
#2120 = CARTESIAN_POINT ('', (0., -9.32528199927784, 18.2317545289191));
#2121 = TRIMMED_CURVE ('', #2118, (#2119), (#2120), .T., .CARTESIAN.);
#2122 = CARTESIAN_POINT ('', (0., -9.32528199927784, 18.2317545289191));
#2123 = DIRECTION ('', (0., -81.5723303671202, 53.7428940072815));
#2124 = VECTOR ('', #2123, 97.6849207288437);
#2125 = LINE ('', #2122, #2124);
#2126 = CARTESIAN_POINT ('', (0., -9.32528199927784, 18.2317545289191));
#2127 = CARTESIAN_POINT ('', (0., -90.897612366398, 71.9746485362006));
#2128 = TRIMMED_CURVE ('', #2125, (#2126), (#2127), .T., .CARTESIAN.);
#2129 = CARTESIAN_POINT ('', (0., -90.897612366398, 71.9746485362006));
#2130 = DIRECTION ('', (0., -4.24859217721169, 2.68359110345013));
#2131 = VECTOR ('', #2130, 5.02515638550494);
#2132 = LINE ('', #2129, #2131);
#2133 = CARTESIAN_POINT ('', (0., -90.897612366398, 71.9746485362006));
#2134 = CARTESIAN_POINT ('', (0., -95.1462045436097, 74.6582396396507));
#2135 = TRIMMED_CURVE ('', #2132, (#2133), (#2134), .T., .CARTESIAN.);
#2136 = CARTESIAN_POINT ('', (0., -95.1462045436097, 74.6582396396507));
#2137 = DIRECTION ('', (0., -6.88625008454957, 4.35486064692824));
#2138 = VECTOR ('', #2137, 8.1477144943305);
#2139 = LINE ('', #2136, #2138);
#2140 = CARTESIAN_POINT ('', (0., -95.1462045436097, 74.6582396396507));
#2141 = CARTESIAN_POINT ('', (0., -102.032454628159, 79.0131002865789));
#2142 = TRIMMED_CURVE ('', #2139, (#2140), (#2141), .T., .CARTESIAN.);
#2143 = CARTESIAN_POINT ('', (0., -102.032454628159, 79.0131002865789));
#2144 = DIRECTION ('', (0., -1.69704186291739, 1.15714913113747));
#2145 = VECTOR ('', #2144, 2.05400710714114);
#2146 = LINE ('', #2143, #2145);
#2147 = CARTESIAN_POINT ('', (0., -102.032454628159, 79.0131002865789));
#2148 = CARTESIAN_POINT ('', (0., -103.729496491077, 80.1702494177164));
#2149 = TRIMMED_CURVE ('', #2146, (#2147), (#2148), .T., .CARTESIAN.);
#2150 = CARTESIAN_POINT ('', (0., -103.729496491077, 80.1702494177164));
#2151 = DIRECTION ('', (0., -9.17008376259461, 6.02762027802491));
#2152 = VECTOR ('', #2151, 10.9737250935614);
#2153 = LINE ('', #2150, #2152);
#2154 = CARTESIAN_POINT ('', (0., -103.729496491077, 80.1702494177164));
#2155 = CARTESIAN_POINT ('', (0., -112.899580253671, 86.1978696957413));
#2156 = TRIMMED_CURVE ('', #2153, (#2154), (#2155), .T., .CARTESIAN.);
#2157 = CARTESIAN_POINT ('', (0., -112.899580253671, 86.1978696957413));
#2158 = DIRECTION ('', (0., -4.6285012488799, 3.00604163436049));
#2159 = VECTOR ('', #2158, 5.51899539032163);
#2160 = LINE ('', #2157, #2159);
#2161 = CARTESIAN_POINT ('', (0., -112.899580253671, 86.1978696957413));
#2162 = CARTESIAN_POINT ('', (0., -117.528081502551, 89.2039113301018));
#2163 = TRIMMED_CURVE ('', #2160, (#2161), (#2162), .T., .CARTESIAN.);
#2164 = CARTESIAN_POINT ('', (0., -117.528081502551, 89.2039113301018));
#2165 = DIRECTION ('', (0., -29.5486455747288, 20.7789882459863));
#2166 = VECTOR ('', #2165, 36.1232447023766);
#2167 = LINE ('', #2164, #2166);
#2168 = CARTESIAN_POINT ('', (0., -117.528081502551, 89.2039113301018));
#2169 = CARTESIAN_POINT ('', (0., -147.07672707728, 109.982899576088));
#2170 = TRIMMED_CURVE ('', #2167, (#2168), (#2169), .T., .CARTESIAN.);
#2171 = CARTESIAN_POINT ('', (0., -147.07672707728, 109.982899576088));
#2172 = DIRECTION ('', (0., -2.95528901187629, 1.96663151640978));
#2173 = VECTOR ('', #2172, 3.549841216879);
#2174 = LINE ('', #2171, #2173);
#2175 = CARTESIAN_POINT ('', (0., -147.07672707728, 109.982899576088));
#2176 = CARTESIAN_POINT ('', (0., -150.032016089156, 111.949531092498));
#2177 = TRIMMED_CURVE ('', #2174, (#2175), (#2176), .T., .CARTESIAN.);
#2178 = CARTESIAN_POINT ('', (0., -150.032016089156, 111.949531092498));
#2179 = DIRECTION ('', (0., -29.8868156569182, 22.0129851259076));
#2180 = VECTOR ('', #2179, 37.1186376940755);
#2181 = LINE ('', #2178, #2180);
#2182 = CARTESIAN_POINT ('', (0., -150.032016089156, 111.949531092498));
#2183 = CARTESIAN_POINT ('', (0., -179.918831746074, 133.962516218406));
#2184 = TRIMMED_CURVE ('', #2181, (#2182), (#2183), .T., .CARTESIAN.);
#2185 = CARTESIAN_POINT ('', (0., 0., -67.42));
#2186 = DIRECTION ('', (0., -2.2519306713646, 49.2180147637125));
#2187 = VECTOR ('', #2186, 49.269505467679);
#2188 = LINE ('', #2185, #2187);
#2189 = CARTESIAN_POINT ('', (0., 0., -67.42));
#2190 = CARTESIAN_POINT ('', (0., -2.2519306713646, -18.2019852362875));
#2191 = TRIMMED_CURVE ('', #2188, (#2189), (#2190), .T., .CARTESIAN.);
#2192 = CARTESIAN_POINT ('', (0., -2.2519306713646, -18.2019852362875));
#2193 = DIRECTION ('', (0., -0.197005628754096, 11.0527813581031));
#2194 = VECTOR ('', #2193, 11.0545369404509);
#2195 = LINE ('', #2192, #2194);
#2196 = CARTESIAN_POINT ('', (0., -2.2519306713646, -18.2019852362875));
#2197 = CARTESIAN_POINT ('', (0., -2.4489363001187, -7.14920387818436));
#2198 = TRIMMED_CURVE ('', #2195, (#2196), (#2197), .T., .CARTESIAN.);
#2199 = CARTESIAN_POINT ('', (0., -2.4489363001187, -7.14920387818436));
#2200 = DIRECTION ('', (0., -0.116618075958709, 1.15034377593716));
#2201 = VECTOR ('', #2200, 1.1562398447025);
#2202 = LINE ('', #2199, #2201);
#2203 = CARTESIAN_POINT ('', (0., -2.4489363001187, -7.14920387818436));
#2204 = CARTESIAN_POINT ('', (0., -2.56555437607741, -5.9988601022472));
#2205 = TRIMMED_CURVE ('', #2202, (#2203), (#2204), .T., .CARTESIAN.);
#2206 = CARTESIAN_POINT ('', (0., -2.56555437607741, -5.9988601022472));
#2207 = DIRECTION ('', (0., -0.189673108710082, 5.88218487054082));
#2208 = VECTOR ('', #2207, 5.88524211391401);
#2209 = LINE ('', #2206, #2208);
#2210 = CARTESIAN_POINT ('', (0., -2.56555437607741, -5.9988601022472));
#2211 = CARTESIAN_POINT ('', (0., -2.75522748478749, -0.116675231706384));
#2212 = TRIMMED_CURVE ('', #2209, (#2210), (#2211), .T., .CARTESIAN.);
#2213 = CARTESIAN_POINT ('', (0., -2.75522748478749, -0.116675231706384));
#2214 = DIRECTION ('', (0., 0.000340951473544848, 20.1166752317064));
#2215 = VECTOR ('', #2214, 20.1166752345957);
#2216 = LINE ('', #2213, #2215);
#2217 = CARTESIAN_POINT ('', (0., -2.75522748478749, -0.116675231706384));
#2218 = CARTESIAN_POINT ('', (0., -2.75488653331394, 20.));
#2219 = TRIMMED_CURVE ('', #2216, (#2217), (#2218), .T., .CARTESIAN.);
#2220 = CARTESIAN_POINT ('', (0., -2.75488653331394, 20.));
#2221 = DIRECTION ('', (0., -2.67408727143703E-5, -1.57775370849876));
#2222 = VECTOR ('', #2221, 1.57775370872537);
#2223 = LINE ('', #2220, #2222);
#2224 = CARTESIAN_POINT ('', (0., -2.75488653331394, 20.));
#2225 = CARTESIAN_POINT ('', (0., -2.75491327418666, 18.4222462915012));
#2226 = TRIMMED_CURVE ('', #2223, (#2224), (#2225), .T., .CARTESIAN.);
#2227 = CARTESIAN_POINT ('', (0., -2.75491327418666, 18.4222462915012));
#2228 = DIRECTION ('', (0., -0.271845352750347, 1.57289038525073));
#2229 = VECTOR ('', #2228, 1.59620927820451);
#2230 = LINE ('', #2227, #2229);
#2231 = CARTESIAN_POINT ('', (0., -2.75491327418666, 18.4222462915012));
#2232 = CARTESIAN_POINT ('', (0., -3.026758626937, 19.995136676752));
#2233 = TRIMMED_CURVE ('', #2230, (#2231), (#2232), .T., .CARTESIAN.);
#2234 = CARTESIAN_POINT ('', (0., -3.026758626937, 19.995136676752));
#2235 = DIRECTION ('', (0., -0.0101613087654129, 0.0517998198235716));
#2236 = VECTOR ('', #2235, 0.0527870583531659);
#2237 = LINE ('', #2234, #2236);
#2238 = CARTESIAN_POINT ('', (0., -3.026758626937, 19.995136676752));
#2239 = CARTESIAN_POINT ('', (0., -3.03691993570242, 20.0469364965755));
#2240 = TRIMMED_CURVE ('', #2237, (#2238), (#2239), .T., .CARTESIAN.);
#2241 = CARTESIAN_POINT ('', (0., -3.03691993570242, 20.0469364965755));
#2242 = DIRECTION ('', (0., -0.0396134026471238, 0.0349324466179119));
#2243 = VECTOR ('', #2242, 0.052815693652516);
#2244 = LINE ('', #2241, #2243);
#2245 = CARTESIAN_POINT ('', (0., -3.03691993570242, 20.0469364965755));
#2246 = CARTESIAN_POINT ('', (0., -3.07653333834954, 20.0818689431935));
#2247 = TRIMMED_CURVE ('', #2244, (#2245), (#2246), .T., .CARTESIAN.);
#2248 = CARTESIAN_POINT ('', (0., -3.07653333834954, 20.0818689431935));
#2249 = DIRECTION ('', (0., -1.17032711314484, 1.05832502932335));
#2250 = VECTOR ('', #2249, 1.57788384219315);
#2251 = LINE ('', #2248, #2250);
#2252 = CARTESIAN_POINT ('', (0., -3.07653333834954, 20.0818689431935));
#2253 = CARTESIAN_POINT ('', (0., -4.24686045149438, 21.1401939725168));
#2254 = TRIMMED_CURVE ('', #2251, (#2252), (#2253), .T., .CARTESIAN.);
#2255 = CARTESIAN_POINT ('', (0., -4.24686045149438, 21.1401939725168));
#2256 = DIRECTION ('', (0., -83.9916141671239, 55.3642031706274));
#2257 = VECTOR ('', #2256, 100.597148285215);
#2258 = LINE ('', #2255, #2257);
#2259 = CARTESIAN_POINT ('', (0., -4.24686045149438, 21.1401939725168));
#2260 = CARTESIAN_POINT ('', (0., -88.2384746186183, 76.5043971431442));
#2261 = TRIMMED_CURVE ('', #2258, (#2259), (#2260), .T., .CARTESIAN.);
#2262 = CARTESIAN_POINT ('', (0., -88.2384746186183, 76.5043971431442));
#2263 = DIRECTION ('', (0., -4.27047854866994, 2.65585899194495));
#2264 = VECTOR ('', #2263, 5.02897345586005);
#2265 = LINE ('', #2262, #2264);
#2266 = CARTESIAN_POINT ('', (0., -88.2384746186183, 76.5043971431442));
#2267 = CARTESIAN_POINT ('', (0., -92.5089531672882, 79.1602561350891));
#2268 = TRIMMED_CURVE ('', #2265, (#2266), (#2267), .T., .CARTESIAN.);
#2269 = CARTESIAN_POINT ('', (0., -92.5089531672882, 79.1602561350891));
#2270 = DIRECTION ('', (0., -6.88245105350738, 4.32471892330499));
#2271 = VECTOR ('', #2270, 8.12842704768377);
#2272 = LINE ('', #2269, #2271);
#2273 = CARTESIAN_POINT ('', (0., -92.5089531672882, 79.1602561350891));
#2274 = CARTESIAN_POINT ('', (0., -99.3914042207956, 83.4849750583941));
#2275 = TRIMMED_CURVE ('', #2272, (#2273), (#2274), .T., .CARTESIAN.);
#2276 = CARTESIAN_POINT ('', (0., -99.3914042207956, 83.4849750583941));
#2277 = DIRECTION ('', (0., -1.76712993570298, 1.11732902644511));
#2278 = VECTOR ('', #2277, 2.09073488587013);
#2279 = LINE ('', #2276, #2278);
#2280 = CARTESIAN_POINT ('', (0., -99.3914042207956, 83.4849750583941));
#2281 = CARTESIAN_POINT ('', (0., -101.158534156499, 84.6023040848392));
#2282 = TRIMMED_CURVE ('', #2279, (#2280), (#2281), .T., .CARTESIAN.);
#2283 = CARTESIAN_POINT ('', (0., -101.158534156499, 84.6023040848392));
#2284 = DIRECTION ('', (0., -9.35948857211146, 5.57624644048904));
#2285 = VECTOR ('', #2284, 10.8947028732569);
#2286 = LINE ('', #2283, #2285);
#2287 = CARTESIAN_POINT ('', (0., -101.158534156499, 84.6023040848392));
#2288 = CARTESIAN_POINT ('', (0., -110.51802272861, 90.1785505253282));
#2289 = TRIMMED_CURVE ('', #2286, (#2287), (#2288), .T., .CARTESIAN.);
#2290 = CARTESIAN_POINT ('', (0., -110.51802272861, 90.1785505253282));
#2291 = DIRECTION ('', (0., -4.76048397739285, 2.85090016334004));
#2292 = VECTOR ('', #2291, 5.54885929181362);
#2293 = LINE ('', #2290, #2292);
#2294 = CARTESIAN_POINT ('', (0., -110.51802272861, 90.1785505253282));
#2295 = CARTESIAN_POINT ('', (0., -115.278506706003, 93.0294506886683));
#2296 = TRIMMED_CURVE ('', #2293, (#2294), (#2295), .T., .CARTESIAN.);
#2297 = CARTESIAN_POINT ('', (0., -115.278506706003, 93.0294506886683));
#2298 = DIRECTION ('', (0., -30.8120097081446, 18.6344042662512));
#2299 = VECTOR ('', #2298, 36.0086234756742);
#2300 = LINE ('', #2297, #2299);
#2301 = CARTESIAN_POINT ('', (0., -115.278506706003, 93.0294506886683));
#2302 = CARTESIAN_POINT ('', (0., -146.090516414147, 111.66385495492));
#2303 = TRIMMED_CURVE ('', #2300, (#2301), (#2302), .T., .CARTESIAN.);
#2304 = CARTESIAN_POINT ('', (0., -146.090516414147, 111.66385495492));
#2305 = DIRECTION ('', (0., -3.14909912437673, 1.88664080975973));
#2306 = VECTOR ('', #2305, 3.67099970582962);
#2307 = LINE ('', #2304, #2306);
#2308 = CARTESIAN_POINT ('', (0., -146.090516414147, 111.66385495492));
#2309 = CARTESIAN_POINT ('', (0., -149.239615538524, 113.550495764679));
#2310 = TRIMMED_CURVE ('', #2307, (#2308), (#2309), .T., .CARTESIAN.);
#2311 = CARTESIAN_POINT ('', (0., -149.239615538524, 113.550495764679));
#2312 = DIRECTION ('', (0., -30.6824691790598, 20.4064758980238));
#2313 = VECTOR ('', #2312, 36.8488557963552);
#2314 = LINE ('', #2311, #2313);
#2315 = CARTESIAN_POINT ('', (0., -149.239615538524, 113.550495764679));
#2316 = CARTESIAN_POINT ('', (0., -179.922084717584, 133.956971662703));
#2317 = TRIMMED_CURVE ('', #2314, (#2315), (#2316), .T., .CARTESIAN.);
#2318 = CARTESIAN_POINT ('', (0., 0., -67.42));
#2319 = DIRECTION ('', (0., 0., 49.2));
#2320 = VECTOR ('', #2319, 49.2);
#2321 = LINE ('', #2318, #2320);
#2322 = CARTESIAN_POINT ('', (0., 0., -67.42));
#2323 = CARTESIAN_POINT ('', (0., 0., -18.22));
#2324 = TRIMMED_CURVE ('', #2321, (#2322), (#2323), .T., .CARTESIAN.);
#2325 = CARTESIAN_POINT ('', (0., 0., -18.22));
#2326 = DIRECTION ('', (0., 0., 10.97));
#2327 = VECTOR ('', #2326, 10.97);
#2328 = LINE ('', #2325, #2327);
#2329 = CARTESIAN_POINT ('', (0., 0., -18.22));
#2330 = CARTESIAN_POINT ('', (0., 0., -7.25));
#2331 = TRIMMED_CURVE ('', #2328, (#2329), (#2330), .T., .CARTESIAN.);
#2332 = CARTESIAN_POINT ('', (0., 0., -7.25));
#2333 = DIRECTION ('', (0., 0., 1.15));
#2334 = VECTOR ('', #2333, 1.15);
#2335 = LINE ('', #2332, #2334);
#2336 = CARTESIAN_POINT ('', (0., 0., -7.25));
#2337 = CARTESIAN_POINT ('', (0., 0., -6.1));
#2338 = TRIMMED_CURVE ('', #2335, (#2336), (#2337), .T., .CARTESIAN.);
#2339 = CARTESIAN_POINT ('', (0., 0., -6.1));
#2340 = DIRECTION ('', (0., 0., 6.1));
#2341 = VECTOR ('', #2340, 6.1);
#2342 = LINE ('', #2339, #2341);
#2343 = CARTESIAN_POINT ('', (0., 0., -6.1));
#2344 = CARTESIAN_POINT ('', (0., 0., 0.));
#2345 = TRIMMED_CURVE ('', #2342, (#2343), (#2344), .T., .CARTESIAN.);
#2346 = CARTESIAN_POINT ('', (0., 0., 0.));
#2347 = DIRECTION ('', (0., 0., 20.));
#2348 = VECTOR ('', #2347, 20.);
#2349 = LINE ('', #2346, #2348);
#2350 = CARTESIAN_POINT ('', (0., 0., 0.));
#2351 = CARTESIAN_POINT ('', (0., 0., 20.));
#2352 = TRIMMED_CURVE ('', #2349, (#2350), (#2351), .T., .CARTESIAN.);
#2353 = CARTESIAN_POINT ('', (0., 0., 20.));
#2354 = DIRECTION ('', (0., -0.271861223984861, 1.57288129570902));
#2355 = VECTOR ('', #2354, 1.59620302452345);
#2356 = LINE ('', #2353, #2355);
#2357 = CARTESIAN_POINT ('', (0., 0., 20.));
#2358 = CARTESIAN_POINT ('', (0., -0.271861223984861, 21.572881295709));
#2359 = TRIMMED_CURVE ('', #2356, (#2357), (#2358), .T., .CARTESIAN.);
#2360 = CARTESIAN_POINT ('', (0., -0.271861223984861, 21.572881295709));
#2361 = DIRECTION ('', (0., -0.0101617932137162, 0.0517995423774131));
#2362 = VECTOR ('', #2361, 0.0527868793529959);
#2363 = LINE ('', #2360, #2362);
#2364 = CARTESIAN_POINT ('', (0., -0.271861223984861, 21.572881295709));
#2365 = CARTESIAN_POINT ('', (0., -0.282023017198577, 21.6246808380864));
#2366 = TRIMMED_CURVE ('', #2363, (#2364), (#2365), .T., .CARTESIAN.);
#2367 = CARTESIAN_POINT ('', (0., -0.282023017198577, 21.6246808380864));
#2368 = DIRECTION ('', (0., -0.0396139398797157, 0.0349321389419082));
#2369 = VECTOR ('', #2368, 0.0528158930990522);
#2370 = LINE ('', #2367, #2369);
#2371 = CARTESIAN_POINT ('', (0., -0.282023017198577, 21.6246808380864));
#2372 = CARTESIAN_POINT ('', (0., -0.321636957078293, 21.6596129770283));
#2373 = TRIMMED_CURVE ('', #2370, (#2371), (#2372), .T., .CARTESIAN.);
#2374 = CARTESIAN_POINT ('', (0., -0.321636957078293, 21.6596129770283));
#2375 = DIRECTION ('', (0., -1.17034244416726, 1.05831624916403));
#2376 = VECTOR ('', #2375, 1.57788932433932);
#2377 = LINE ('', #2374, #2376);
#2378 = CARTESIAN_POINT ('', (0., -0.321636957078293, 21.6596129770283));
#2379 = CARTESIAN_POINT ('', (0., -1.49197940124555, 22.7179292261924));
#2380 = TRIMMED_CURVE ('', #2377, (#2378), (#2379), .T., .CARTESIAN.);
#2381 = CARTESIAN_POINT ('', (0., -1.49197940124555, 22.7179292261924));
#2382 = DIRECTION ('', (0., -85.3404799231616, 56.2513088888989));
#2383 = VECTOR ('', #2382, 102.211580876288);
#2384 = LINE ('', #2381, #2383);
#2385 = CARTESIAN_POINT ('', (0., -1.49197940124555, 22.7179292261924));
#2386 = CARTESIAN_POINT ('', (0., -86.8324593244072, 78.9692381150913));
#2387 = TRIMMED_CURVE ('', #2384, (#2385), (#2386), .T., .CARTESIAN.);
#2388 = CARTESIAN_POINT ('', (0., -86.8324593244072, 78.9692381150913));
#2389 = DIRECTION ('', (0., -4.35313173599995, 2.6840470631098));
#2390 = VECTOR ('', #2389, 5.11408491794557);
#2391 = LINE ('', #2388, #2390);
#2392 = CARTESIAN_POINT ('', (0., -86.8324593244072, 78.9692381150913));
#2393 = CARTESIAN_POINT ('', (0., -91.1855910604071, 81.6532851782011));
#2394 = TRIMMED_CURVE ('', #2391, (#2392), (#2393), .T., .CARTESIAN.);
#2395 = CARTESIAN_POINT ('', (0., -91.1855910604071, 81.6532851782011));
#2396 = DIRECTION ('', (0., -6.69563554295026, 4.19208621333091));
#2397 = VECTOR ('', #2396, 7.89969126890525);
#2398 = LINE ('', #2395, #2397);
#2399 = CARTESIAN_POINT ('', (0., -91.1855910604071, 81.6532851782011));
#2400 = CARTESIAN_POINT ('', (0., -97.8812266033574, 85.845371391532));
#2401 = TRIMMED_CURVE ('', #2398, (#2399), (#2400), .T., .CARTESIAN.);
#2402 = CARTESIAN_POINT ('', (0., -97.8812266033574, 85.845371391532));
#2403 = DIRECTION ('', (0., -1.99864374835583, 1.21179083950672));
#2404 = VECTOR ('', #2403, 2.33730910911549);
#2405 = LINE ('', #2402, #2404);
#2406 = CARTESIAN_POINT ('', (0., -97.8812266033574, 85.845371391532));
#2407 = CARTESIAN_POINT ('', (0., -99.8798703517132, 87.0571622310387));
#2408 = TRIMMED_CURVE ('', #2405, (#2406), (#2407), .T., .CARTESIAN.);
#2409 = CARTESIAN_POINT ('', (0., -99.8798703517132, 87.0571622310387));
#2410 = DIRECTION ('', (0., -9.26112583823675, 5.22169131624952));
#2411 = VECTOR ('', #2410, 10.6317689964489);
#2412 = LINE ('', #2409, #2411);
#2413 = CARTESIAN_POINT ('', (0., -99.8798703517132, 87.0571622310387));
#2414 = CARTESIAN_POINT ('', (0., -109.14099618995, 92.2788535472882));
#2415 = TRIMMED_CURVE ('', #2412, (#2413), (#2414), .T., .CARTESIAN.);
#2416 = CARTESIAN_POINT ('', (0., -109.14099618995, 92.2788535472882));
#2417 = DIRECTION ('', (0., -4.91415689247384, 2.81291350681445));
#2418 = VECTOR ('', #2417, 5.6622804911685);
#2419 = LINE ('', #2416, #2418);
#2420 = CARTESIAN_POINT ('', (0., -109.14099618995, 92.2788535472882));
#2421 = CARTESIAN_POINT ('', (0., -114.055153082424, 95.0917670541027));
#2422 = TRIMMED_CURVE ('', #2419, (#2420), (#2421), .T., .CARTESIAN.);
#2423 = CARTESIAN_POINT ('', (0., -114.055153082424, 95.0917670541027));
#2424 = DIRECTION ('', (0., -31.5013164921503, 17.4823487011587));
#2425 = VECTOR ('', #2424, 36.0272876698694);
#2426 = LINE ('', #2423, #2425);
#2427 = CARTESIAN_POINT ('', (0., -114.055153082424, 95.0917670541027));
#2428 = CARTESIAN_POINT ('', (0., -145.556469574574, 112.574115755261));
#2429 = TRIMMED_CURVE ('', #2426, (#2427), (#2428), .T., .CARTESIAN.);
#2430 = CARTESIAN_POINT ('', (0., -145.556469574574, 112.574115755261));
#2431 = DIRECTION ('', (0., -3.2861665486848, 1.85595680137612));
#2432 = VECTOR ('', #2431, 3.77405169999952);
#2433 = LINE ('', #2430, #2432);
#2434 = CARTESIAN_POINT ('', (0., -145.556469574574, 112.574115755261));
#2435 = CARTESIAN_POINT ('', (0., -148.842636123259, 114.430072556638));
#2436 = TRIMMED_CURVE ('', #2433, (#2434), (#2435), .T., .CARTESIAN.);
#2437 = CARTESIAN_POINT ('', (0., -148.842636123259, 114.430072556638));
#2438 = DIRECTION ('', (0., -31.0793164159912, 19.5271243985811));
#2439 = VECTOR ('', #2438, 36.7046658636605);
#2440 = LINE ('', #2437, #2439);
#2441 = CARTESIAN_POINT ('', (0., -148.842636123259, 114.430072556638));
#2442 = CARTESIAN_POINT ('', (0., -179.92195253925, 133.957196955219));
#2443 = TRIMMED_CURVE ('', #2440, (#2441), (#2442), .T., .CARTESIAN.);
#2444 = CARTESIAN_POINT ('', (0., 0., -67.42));
#2445 = DIRECTION ('', (0., 2.2519306713646, 49.2180147637125));
#2446 = VECTOR ('', #2445, 49.269505467679);
#2447 = LINE ('', #2444, #2446);
#2448 = CARTESIAN_POINT ('', (0., 0., -67.42));
#2449 = CARTESIAN_POINT ('', (0., 2.2519306713646, -18.2019852362875));
#2450 = TRIMMED_CURVE ('', #2447, (#2448), (#2449), .T., .CARTESIAN.);
#2451 = CARTESIAN_POINT ('', (0., 2.2519306713646, -18.2019852362875));
#2452 = DIRECTION ('', (0., 0.197005628754096, 11.0527813581031));
#2453 = VECTOR ('', #2452, 11.0545369404509);
#2454 = LINE ('', #2451, #2453);
#2455 = CARTESIAN_POINT ('', (0., 2.2519306713646, -18.2019852362875));
#2456 = CARTESIAN_POINT ('', (0., 2.4489363001187, -7.14920387818436));
#2457 = TRIMMED_CURVE ('', #2454, (#2455), (#2456), .T., .CARTESIAN.);
#2458 = CARTESIAN_POINT ('', (0., 2.4489363001187, -7.14920387818436));
#2459 = DIRECTION ('', (0., 0.116618075958709, 1.15034377593716));
#2460 = VECTOR ('', #2459, 1.1562398447025);
#2461 = LINE ('', #2458, #2460);
#2462 = CARTESIAN_POINT ('', (0., 2.4489363001187, -7.14920387818436));
#2463 = CARTESIAN_POINT ('', (0., 2.56555437607741, -5.9988601022472));
#2464 = TRIMMED_CURVE ('', #2461, (#2462), (#2463), .T., .CARTESIAN.);
#2465 = CARTESIAN_POINT ('', (0., 2.56555437607741, -5.9988601022472));
#2466 = DIRECTION ('', (0., 0.189673108710082, 5.88218487054082));
#2467 = VECTOR ('', #2466, 5.88524211391401);
#2468 = LINE ('', #2465, #2467);
#2469 = CARTESIAN_POINT ('', (0., 2.56555437607741, -5.9988601022472));
#2470 = CARTESIAN_POINT ('', (0., 2.75522748478749, -0.116675231706384));
#2471 = TRIMMED_CURVE ('', #2468, (#2469), (#2470), .T., .CARTESIAN.);
#2472 = CARTESIAN_POINT ('', (0., 2.75522748478749, -0.116675231706384));
#2473 = DIRECTION ('', (0., -0.000340951473544848, 20.1166752317064));
#2474 = VECTOR ('', #2473, 20.1166752345957);
#2475 = LINE ('', #2472, #2474);
#2476 = CARTESIAN_POINT ('', (0., 2.75522748478749, -0.116675231706384));
#2477 = CARTESIAN_POINT ('', (0., 2.75488653331394, 20.));
#2478 = TRIMMED_CURVE ('', #2475, (#2476), (#2477), .T., .CARTESIAN.);
#2479 = CARTESIAN_POINT ('', (0., 2.75488653331394, 20.));
#2480 = DIRECTION ('', (0., -2.67403535922917E-5, 1.57772307951166));
#2481 = VECTOR ('', #2480, 1.57772307973827);
#2482 = LINE ('', #2479, #2481);
#2483 = CARTESIAN_POINT ('', (0., 2.75488653331394, 20.));
#2484 = CARTESIAN_POINT ('', (0., 2.75485979296035, 21.5777230795117));
#2485 = TRIMMED_CURVE ('', #2482, (#2483), (#2484), .T., .CARTESIAN.);
#2486 = CARTESIAN_POINT ('', (0., 2.75485979296035, 21.5777230795117));
#2487 = DIRECTION ('', (0., -0.271877095186892, 1.57287220618591));
#2488 = VECTOR ('', #2487, 1.59619677104027);
#2489 = LINE ('', #2486, #2488);
#2490 = CARTESIAN_POINT ('', (0., 2.75485979296035, 21.5777230795117));
#2491 = CARTESIAN_POINT ('', (0., 2.48298269777346, 23.1505952856976));
#2492 = TRIMMED_CURVE ('', #2489, (#2490), (#2491), .T., .CARTESIAN.);
#2493 = CARTESIAN_POINT ('', (0., 2.48298269777346, 23.1505952856976));
#2494 = DIRECTION ('', (0., -0.0101622776617933, 0.0517992649313825));
#2495 = VECTOR ('', #2494, 0.0527867003582052);
#2496 = LINE ('', #2493, #2495);
#2497 = CARTESIAN_POINT ('', (0., 2.48298269777346, 23.1505952856976));
#2498 = CARTESIAN_POINT ('', (0., 2.47282042011167, 23.202394550629));
#2499 = TRIMMED_CURVE ('', #2496, (#2497), (#2498), .T., .CARTESIAN.);
#2500 = CARTESIAN_POINT ('', (0., 2.47282042011167, 23.202394550629));
#2501 = DIRECTION ('', (0., -0.0396144771236089, 0.0349318312594278));
#2502 = VECTOR ('', #2501, 0.052816092556285);
#2503 = LINE ('', #2500, #2502);
#2504 = CARTESIAN_POINT ('', (0., 2.47282042011167, 23.202394550629));
#2505 = CARTESIAN_POINT ('', (0., 2.43320594298806, 23.2373263818884));
#2506 = TRIMMED_CURVE ('', #2503, (#2504), (#2505), .T., .CARTESIAN.);
#2507 = CARTESIAN_POINT ('', (0., 2.43320594298806, 23.2373263818884));
#2508 = DIRECTION ('', (0., -1.17035777549829, 1.05830746882796));
#2509 = VECTOR ('', #2508, 1.57789480677463);
#2510 = LINE ('', #2507, #2509);
#2511 = CARTESIAN_POINT ('', (0., 2.43320594298806, 23.2373263818884));
#2512 = CARTESIAN_POINT ('', (0., 1.26284816748976, 24.2956338507163));
#2513 = TRIMMED_CURVE ('', #2510, (#2511), (#2512), .T., .CARTESIAN.);
#2514 = CARTESIAN_POINT ('', (0., 1.26284816748976, 24.2956338507163));
#2515 = DIRECTION ('', (0., -86.7100867904118, 57.15202164707));
#2516 = VECTOR ('', #2515, 103.85081959016);
#2517 = LINE ('', #2514, #2516);
#2518 = CARTESIAN_POINT ('', (0., 1.26284816748976, 24.2956338507163));
#2519 = CARTESIAN_POINT ('', (0., -85.4472386229221, 81.4476554977863));
#2520 = TRIMMED_CURVE ('', #2517, (#2518), (#2519), .T., .CARTESIAN.);
#2521 = CARTESIAN_POINT ('', (0., -85.4472386229221, 81.4476554977863));
#2522 = DIRECTION ('', (0., -4.48617277718547, 2.74224064274965));
#2523 = VECTOR ('', #2522, 5.25791117550573);
#2524 = LINE ('', #2521, #2523);
#2525 = CARTESIAN_POINT ('', (0., -85.4472386229221, 81.4476554977863));
#2526 = CARTESIAN_POINT ('', (0., -89.9334114001075, 84.189896140536));
#2527 = TRIMMED_CURVE ('', #2524, (#2525), (#2526), .T., .CARTESIAN.);
#2528 = CARTESIAN_POINT ('', (0., -89.9334114001075, 84.189896140536));
#2529 = DIRECTION ('', (0., -6.37802447051996, 3.97884340027858));
#2530 = VECTOR ('', #2529, 7.51733935315493);
#2531 = LINE ('', #2528, #2530);
#2532 = CARTESIAN_POINT ('', (0., -89.9334114001075, 84.189896140536));
#2533 = CARTESIAN_POINT ('', (0., -96.3114358706275, 88.1687395408145));
#2534 = TRIMMED_CURVE ('', #2531, (#2532), (#2533), .T., .CARTESIAN.);
#2535 = CARTESIAN_POINT ('', (0., -96.3114358706275, 88.1687395408145));
#2536 = DIRECTION ('', (0., -2.37117039136449, 1.3773309119232));
#2537 = VECTOR ('', #2536, 2.74216875225118);
#2538 = LINE ('', #2535, #2537);
#2539 = CARTESIAN_POINT ('', (0., -96.3114358706275, 88.1687395408145));
#2540 = CARTESIAN_POINT ('', (0., -98.682606261992, 89.5460704527377));
#2541 = TRIMMED_CURVE ('', #2538, (#2539), (#2540), .T., .CARTESIAN.);
#2542 = CARTESIAN_POINT ('', (0., -98.682606261992, 89.5460704527377));
#2543 = DIRECTION ('', (0., -9.01422532067488, 4.80208729347565));
#2544 = VECTOR ('', #2543, 10.2135351620316);
#2545 = LINE ('', #2542, #2544);
#2546 = CARTESIAN_POINT ('', (0., -98.682606261992, 89.5460704527377));
#2547 = CARTESIAN_POINT ('', (0., -107.696831582667, 94.3481577462134));
#2548 = TRIMMED_CURVE ('', #2545, (#2546), (#2547), .T., .CARTESIAN.);
#2549 = CARTESIAN_POINT ('', (0., -107.696831582667, 94.3481577462134));
#2550 = DIRECTION ('', (0., -5.12894399395486, 2.80347668620406));
#2551 = VECTOR ('', #2550, 5.8451302828265);
#2552 = LINE ('', #2549, #2551);
#2553 = CARTESIAN_POINT ('', (0., -107.696831582667, 94.3481577462134));
#2554 = CARTESIAN_POINT ('', (0., -112.825775576622, 97.1516344324174));
#2555 = TRIMMED_CURVE ('', #2552, (#2553), (#2554), .T., .CARTESIAN.);
#2556 = CARTESIAN_POINT ('', (0., -112.825775576622, 97.1516344324174));
#2557 = DIRECTION ('', (0., -32.1972225633994, 16.331761369073));
#2558 = VECTOR ('', #2557, 36.1024593374665);
#2559 = LINE ('', #2556, #2558);
#2560 = CARTESIAN_POINT ('', (0., -112.825775576622, 97.1516344324174));
#2561 = CARTESIAN_POINT ('', (0., -145.022998140021, 113.48339580149));
#2562 = TRIMMED_CURVE ('', #2559, (#2560), (#2561), .T., .CARTESIAN.);
#2563 = CARTESIAN_POINT ('', (0., -145.022998140021, 113.48339580149));
#2564 = DIRECTION ('', (0., -3.44646129221647, 1.83174834973215));
#2565 = VECTOR ('', #2564, 3.90299852107234);
#2566 = LINE ('', #2563, #2565);
#2567 = CARTESIAN_POINT ('', (0., -145.022998140021, 113.48339580149));
#2568 = CARTESIAN_POINT ('', (0., -148.469459432238, 115.315144151223));
#2569 = TRIMMED_CURVE ('', #2566, (#2567), (#2568), .T., .CARTESIAN.);
#2570 = CARTESIAN_POINT ('', (0., -148.469459432238, 115.315144151223));
#2571 = DIRECTION ('', (0., -31.4525034870701, 18.6420351116162));
#2572 = VECTOR ('', #2571, 36.5620766465321);
#2573 = LINE ('', #2570, #2572);
#2574 = CARTESIAN_POINT ('', (0., -148.469459432238, 115.315144151223));
#2575 = CARTESIAN_POINT ('', (0., -179.921962919308, 133.957179262839));
#2576 = TRIMMED_CURVE ('', #2573, (#2574), (#2575), .T., .CARTESIAN.);
#2577 = CARTESIAN_POINT ('', (0., 0., -67.42));
#2578 = DIRECTION ('', (0., 6.47024876075266, 49.3487860767358));
#2579 = VECTOR ('', #2578, 49.771144313482);
#2580 = LINE ('', #2577, #2579);
#2581 = CARTESIAN_POINT ('', (0., 0., -67.42));
#2582 = CARTESIAN_POINT ('', (0., 6.47024876075266, -18.0712139232642));
#2583 = TRIMMED_CURVE ('', #2580, (#2581), (#2582), .T., .CARTESIAN.);
#2584 = CARTESIAN_POINT ('', (0., 6.47024876075266, -18.0712139232642));
#2585 = DIRECTION ('', (0., 0.587964447553301, 11.6691565472142));
#2586 = VECTOR ('', #2585, 11.6839598045773);
#2587 = LINE ('', #2584, #2586);
#2588 = CARTESIAN_POINT ('', (0., 6.47024876075266, -18.0712139232642));
#2589 = CARTESIAN_POINT ('', (0., 7.05821320830596, -6.40205737605007));
#2590 = TRIMMED_CURVE ('', #2587, (#2588), (#2589), .T., .CARTESIAN.);
#2591 = CARTESIAN_POINT ('', (0., 7.05821320830596, -6.40205737605007));
#2592 = DIRECTION ('', (0., 0.369634736747785, 1.1598154933031));
#2593 = VECTOR ('', #2592, 1.21729282307772);
#2594 = LINE ('', #2591, #2593);
#2595 = CARTESIAN_POINT ('', (0., 7.05821320830596, -6.40205737605007));
#2596 = CARTESIAN_POINT ('', (0., 7.42784794505375, -5.24224188274697));
#2597 = TRIMMED_CURVE ('', #2594, (#2595), (#2596), .T., .CARTESIAN.);
#2598 = CARTESIAN_POINT ('', (0., 7.42784794505375, -5.24224188274697));
#2599 = DIRECTION ('', (0., 0.401469962476972, 4.28782123737265));
#2600 = VECTOR ('', #2599, 4.3065751002897);
#2601 = LINE ('', #2598, #2600);
#2602 = CARTESIAN_POINT ('', (0., 7.42784794505375, -5.24224188274697));
#2603 = CARTESIAN_POINT ('', (0., 7.82931790753072, -0.954420645374316));
#2604 = TRIMMED_CURVE ('', #2601, (#2602), (#2603), .T., .CARTESIAN.);
#2605 = CARTESIAN_POINT ('', (0., 7.82931790753072, -0.954420645374316));
#2606 = DIRECTION ('', (0., 0.00454531883589304, 20.9544206453743));
#2607 = VECTOR ('', #2606, 20.9544211383472);
#2608 = LINE ('', #2605, #2607);
#2609 = CARTESIAN_POINT ('', (0., 7.82931790753072, -0.954420645374316));
#2610 = CARTESIAN_POINT ('', (0., 7.83386322636661, 20.));
#2611 = TRIMMED_CURVE ('', #2608, (#2609), (#2610), .T., .CARTESIAN.);
#2612 = CARTESIAN_POINT ('', (0., 7.83386322636661, 20.));
#2613 = DIRECTION ('', (0., 0.000973307147412505, 4.48705319040682));
#2614 = VECTOR ('', #2613, 4.48705329596906);
#2615 = LINE ('', #2612, #2614);
#2616 = CARTESIAN_POINT ('', (0., 7.83386322636661, 20.));
#2617 = CARTESIAN_POINT ('', (0., 7.83483653351402, 24.4870531904068));
#2618 = TRIMMED_CURVE ('', #2615, (#2616), (#2617), .T., .CARTESIAN.);
#2619 = CARTESIAN_POINT ('', (0., 7.83483653351402, 24.4870531904068));
#2620 = DIRECTION ('', (0., -0.271658096695613, 1.57299762780444));
#2621 = VECTOR ('', #2620, 1.59628307595448);
#2622 = LINE ('', #2619, #2621);
#2623 = CARTESIAN_POINT ('', (0., 7.83483653351402, 24.4870531904068));
#2624 = CARTESIAN_POINT ('', (0., 7.56317843681841, 26.0600508182113));
#2625 = TRIMMED_CURVE ('', #2622, (#2623), (#2624), .T., .CARTESIAN.);
#2626 = CARTESIAN_POINT ('', (0., 7.56317843681841, 26.0600508182113));
#2627 = DIRECTION ('', (0., -0.0101555930814685, 0.0518030932266313));
#2628 = VECTOR ('', #2627, 0.05278917065728);
#2629 = LINE ('', #2626, #2628);
#2630 = CARTESIAN_POINT ('', (0., 7.56317843681841, 26.0600508182113));
#2631 = CARTESIAN_POINT ('', (0., 7.55302284373694, 26.1118539114379));
#2632 = TRIMMED_CURVE ('', #2629, (#2630), (#2631), .T., .CARTESIAN.);
#2633 = CARTESIAN_POINT ('', (0., 7.55302284373694, 26.1118539114379));
#2634 = DIRECTION ('', (0., -0.0396070650683971, 0.0349360761834738));
#2635 = VECTOR ('', #2634, 0.0528133413299114);
#2636 = LINE ('', #2633, #2635);
#2637 = CARTESIAN_POINT ('', (0., 7.55302284373694, 26.1118539114379));
#2638 = CARTESIAN_POINT ('', (0., 7.51341577866854, 26.1467899876214));
#2639 = TRIMMED_CURVE ('', #2636, (#2637), (#2638), .T., .CARTESIAN.);
#2640 = CARTESIAN_POINT ('', (0., 7.51341577866854, 26.1467899876214));
#2641 = DIRECTION ('', (0., -1.17014625642468, 1.0584286069436));
#2642 = VECTOR ('', #2641, 1.57781918400724);
#2643 = LINE ('', #2640, #2642);
#2644 = CARTESIAN_POINT ('', (0., 7.51341577866854, 26.1467899876214));
#2645 = CARTESIAN_POINT ('', (0., 6.34326952224386, 27.205218594565));
#2646 = TRIMMED_CURVE ('', #2643, (#2644), (#2645), .T., .CARTESIAN.);
#2647 = CARTESIAN_POINT ('', (0., 6.34326952224386, 27.205218594565));
#2648 = DIRECTION ('', (0., -89.2774913321962, 58.8733596007864));
#2649 = VECTOR ('', #2648, 106.94177354642);
#2650 = LINE ('', #2647, #2649);
#2651 = CARTESIAN_POINT ('', (0., 6.34326952224386, 27.205218594565));
#2652 = CARTESIAN_POINT ('', (0., -82.9342218099523, 86.0785781953514));
#2653 = TRIMMED_CURVE ('', #2650, (#2651), (#2652), .T., .CARTESIAN.);
#2654 = CARTESIAN_POINT ('', (0., -82.9342218099523, 86.0785781953514));
#2655 = DIRECTION ('', (0., -4.86868898645572, 2.92928902563229));
#2656 = VECTOR ('', #2655, 5.68197735322176);
#2657 = LINE ('', #2654, #2656);
#2658 = CARTESIAN_POINT ('', (0., -82.9342218099523, 86.0785781953514));
#2659 = CARTESIAN_POINT ('', (0., -87.802910796408, 89.0078672209837));
#2660 = TRIMMED_CURVE ('', #2657, (#2658), (#2659), .T., .CARTESIAN.);
#2661 = CARTESIAN_POINT ('', (0., -87.802910796408, 89.0078672209837));
#2662 = DIRECTION ('', (0., -5.43853254868442, 3.37160698122945));
#2663 = VECTOR ('', #2662, 6.39885692283981);
#2664 = LINE ('', #2661, #2663);
#2665 = CARTESIAN_POINT ('', (0., -87.802910796408, 89.0078672209837));
#2666 = CARTESIAN_POINT ('', (0., -93.2414433450925, 92.3794742022131));
#2667 = TRIMMED_CURVE ('', #2664, (#2665), (#2666), .T., .CARTESIAN.);
#2668 = CARTESIAN_POINT ('', (0., -93.2414433450925, 92.3794742022131));
#2669 = DIRECTION ('', (0., -3.44606733157492, 1.84391022883096));
#2670 = VECTOR ('', #2669, 3.90837370088063);
#2671 = LINE ('', #2668, #2670);
#2672 = CARTESIAN_POINT ('', (0., -93.2414433450925, 92.3794742022131));
#2673 = CARTESIAN_POINT ('', (0., -96.6875106766674, 94.2233844310441));
#2674 = TRIMMED_CURVE ('', #2671, (#2672), (#2673), .T., .CARTESIAN.);
#2675 = CARTESIAN_POINT ('', (0., -96.6875106766674, 94.2233844310441));
#2676 = DIRECTION ('', (0., -8.14345935730594, 3.88624143433346));
#2677 = VECTOR ('', #2676, 9.0232368244452);
#2678 = LINE ('', #2675, #2677);
#2679 = CARTESIAN_POINT ('', (0., -96.6875106766674, 94.2233844310441));
#2680 = CARTESIAN_POINT ('', (0., -104.830970033973, 98.1096258653775));
#2681 = TRIMMED_CURVE ('', #2678, (#2679), (#2680), .T., .CARTESIAN.);
#2682 = CARTESIAN_POINT ('', (0., -104.830970033973, 98.1096258653775));
#2683 = DIRECTION ('', (0., -5.70026841430852, 2.85337145143539));
#2684 = VECTOR ('', #2683, 6.3745422294491);
#2685 = LINE ('', #2682, #2684);
#2686 = CARTESIAN_POINT ('', (0., -104.830970033973, 98.1096258653775));
#2687 = CARTESIAN_POINT ('', (0., -110.531238448282, 100.962997316813));
#2688 = TRIMMED_CURVE ('', #2685, (#2686), (#2687), .T., .CARTESIAN.);
#2689 = CARTESIAN_POINT ('', (0., -110.531238448282, 100.962997316813));
#2690 = DIRECTION ('', (0., -33.5085544970199, 14.1962311666208));
#2691 = VECTOR ('', #2690, 36.3917051512551);
#2692 = LINE ('', #2689, #2691);
#2693 = CARTESIAN_POINT ('', (0., -110.531238448282, 100.962997316813));
#2694 = CARTESIAN_POINT ('', (0., -144.039792945302, 115.159228483434));
#2695 = TRIMMED_CURVE ('', #2692, (#2693), (#2694), .T., .CARTESIAN.);
#2696 = CARTESIAN_POINT ('', (0., -144.039792945302, 115.159228483434));
#2697 = DIRECTION ('', (0., -3.80458730631563, 1.79754139470167));
#2698 = VECTOR ('', #2697, 4.20785451709586);
#2699 = LINE ('', #2696, #2698);
#2700 = CARTESIAN_POINT ('', (0., -144.039792945302, 115.159228483434));
#2701 = CARTESIAN_POINT ('', (0., -147.844380251617, 116.956769878135));
#2702 = TRIMMED_CURVE ('', #2699, (#2700), (#2701), .T., .CARTESIAN.);
#2703 = CARTESIAN_POINT ('', (0., -147.844380251617, 116.956769878135));
#2704 = DIRECTION ('', (0., -32.0811536456505, 16.9943228001286));
#2705 = VECTOR ('', #2704, 36.3043720049088);
#2706 = LINE ('', #2703, #2705);
#2707 = CARTESIAN_POINT ('', (0., -147.844380251617, 116.956769878135));
#2708 = CARTESIAN_POINT ('', (0., -179.925533897268, 133.951092678264));
#2709 = TRIMMED_CURVE ('', #2706, (#2707), (#2708), .T., .CARTESIAN.);
#2710 = CARTESIAN_POINT ('', (0., 0., -67.42));
#2711 = DIRECTION ('', (-6.47024876075266, 0., 49.3487860767358));
#2712 = VECTOR ('', #2711, 49.771144313482);
#2713 = LINE ('', #2710, #2712);
#2714 = CARTESIAN_POINT ('', (0., 0., -67.42));
#2715 = CARTESIAN_POINT ('', (-6.47024876075266, 0., -18.0712139232642));
#2716 = TRIMMED_CURVE ('', #2713, (#2714), (#2715), .T., .CARTESIAN.);
#2717 = CARTESIAN_POINT ('', (-6.47024876075266, 0., -18.0712139232642));
#2718 = DIRECTION ('', (-0.589970323240811, 0., 11.6696456326515));
#2719 = VECTOR ('', #2718, 11.6845493783015);
#2720 = LINE ('', #2717, #2719);
#2721 = CARTESIAN_POINT ('', (-6.47024876075266, 0., -18.0712139232642));
#2722 = CARTESIAN_POINT ('', (-7.06021908399347, 0., -6.40156829061276));
#2723 = TRIMMED_CURVE ('', #2720, (#2721), (#2722), .T., .CARTESIAN.);
#2724 = CARTESIAN_POINT ('', (-7.06021908399347, 0., -6.40156829061276));
#2725 = DIRECTION ('', (-0.368733182163103, 0., 1.15958492639225));
#2726 = VECTOR ('', #2725, 1.21679963886593);
#2727 = LINE ('', #2724, #2726);
#2728 = CARTESIAN_POINT ('', (-7.06021908399347, 0., -6.40156829061276));
#2729 = CARTESIAN_POINT ('', (-7.42895226615657, 0., -5.24198336422051));
#2730 = TRIMMED_CURVE ('', #2727, (#2728), (#2729), .T., .CARTESIAN.);
#2731 = CARTESIAN_POINT ('', (-7.42895226615657, 0., -5.24198336422051));
#2732 = DIRECTION ('', (-0.400925093334214, 0., 4.28742425786594));
#2733 = VECTOR ('', #2732, 4.30612908508353);
#2734 = LINE ('', #2731, #2733);
#2735 = CARTESIAN_POINT ('', (-7.42895226615657, 0., -5.24198336422051));
#2736 = CARTESIAN_POINT ('', (-7.82987735949079, 0., -0.95455910635457));
#2737 = TRIMMED_CURVE ('', #2734, (#2735), (#2736), .T., .CARTESIAN.);
#2738 = CARTESIAN_POINT ('', (-7.82987735949079, 0., -0.95455910635457));
#2739 = DIRECTION ('', (-0.00431254447094087, 0., 20.9545591063546));
#2740 = VECTOR ('', #2739, 20.9545595501253);
#2741 = LINE ('', #2738, #2740);
#2742 = CARTESIAN_POINT ('', (-7.82987735949079, 0., -0.95455910635457));
#2743 = CARTESIAN_POINT ('', (-7.83418990396173, 0., 20.));
#2744 = TRIMMED_CURVE ('', #2741, (#2742), (#2743), .T., .CARTESIAN.);
#2745 = CARTESIAN_POINT ('', (-7.83418990396173, 0., 20.));
#2746 = DIRECTION ('', (-0.000226158914411911, -0.271552283957081, 1.57305822733118));
#2747 = VECTOR ('', #2746, 1.59632480424395);
#2748 = LINE ('', #2745, #2747);
#2749 = CARTESIAN_POINT ('', (-7.83418990396173, 0., 20.));
#2750 = CARTESIAN_POINT ('', (-7.83441606287614, -0.271552283957081, 21.5730582273312));
#2751 = TRIMMED_CURVE ('', #2748, (#2749), (#2750), .T., .CARTESIAN.);
#2752 = CARTESIAN_POINT ('', (-7.83441606287614, -0.271552283957081, 21.5730582273312));
#2753 = DIRECTION ('', (-7.00889159777063E-6, -0.0101617934160934, 0.0517995422615094));
#2754 = VECTOR ('', #2753, 0.0527868797435293);
#2755 = LINE ('', #2752, #2754);
#2756 = CARTESIAN_POINT ('', (-7.83441606287614, -0.271552283957081, 21.5730582273312));
#2757 = CARTESIAN_POINT ('', (-7.83442307176774, -0.281714077373174, 21.6248577695927));
#2758 = TRIMMED_CURVE ('', #2755, (#2756), (#2757), .T., .CARTESIAN.);
#2759 = CARTESIAN_POINT ('', (-7.83442307176774, -0.281714077373174, 21.6248577695927));
#2760 = DIRECTION ('', (-7.89491099961737E-6, -0.0418600011991943, 0.0336458074956418));
#2761 = VECTOR ('', #2760, 0.0537056805632324);
#2762 = LINE ('', #2759, #2761);
#2763 = CARTESIAN_POINT ('', (-7.83442307176774, -0.281714077373174, 21.6248577695927));
#2764 = CARTESIAN_POINT ('', (-7.83443096667874, -0.323574078572369, 21.6585035770883));
#2765 = TRIMMED_CURVE ('', #2762, (#2763), (#2764), .T., .CARTESIAN.);
#2766 = CARTESIAN_POINT ('', (-7.83443096667874, -0.323574078572369, 21.6585035770883));
#2767 = DIRECTION ('', (-0.000227023494244527, -1.23463244483563, 1.02149701861897));
#2768 = VECTOR ('', #2767, 1.60242737259069);
#2769 = LINE ('', #2766, #2768);
#2770 = CARTESIAN_POINT ('', (-7.83443096667874, -0.323574078572369, 21.6585035770883));
#2771 = CARTESIAN_POINT ('', (-7.83465799017298, -1.558206523408, 22.6800005957073));
#2772 = TRIMMED_CURVE ('', #2769, (#2770), (#2771), .T., .CARTESIAN.);
#2773 = CARTESIAN_POINT ('', (-7.83465799017298, -1.558206523408, 22.6800005957073));
#2774 = DIRECTION ('', (-0.0210132049057021, -88.8939097668862, 50.2278271519756));
#2775 = VECTOR ('', #2774, 102.102704448055);
#2776 = LINE ('', #2773, #2775);
#2777 = CARTESIAN_POINT ('', (-7.83465799017298, -1.558206523408, 22.6800005957073));
#2778 = CARTESIAN_POINT ('', (-7.85567119507868, -90.4521162902942, 72.907827747683));
#2779 = TRIMMED_CURVE ('', #2776, (#2777), (#2778), .T., .CARTESIAN.);
#2780 = CARTESIAN_POINT ('', (-7.85567119507868, -90.4521162902942, 72.907827747683));
#2781 = DIRECTION ('', (0.0549186454653361, -4.53237736188611, 2.61748527672017));
#2782 = VECTOR ('', #2781, 5.23418472944969);
#2783 = LINE ('', #2780, #2782);
#2784 = CARTESIAN_POINT ('', (-7.85567119507868, -90.4521162902942, 72.907827747683));
#2785 = CARTESIAN_POINT ('', (-7.80075254961335, -94.9844936521803, 75.5253130244031));
#2786 = TRIMMED_CURVE ('', #2783, (#2784), (#2785), .T., .CARTESIAN.);
#2787 = CARTESIAN_POINT ('', (-7.80075254961335, -94.9844936521803, 75.5253130244031));
#2788 = DIRECTION ('', (0.0334762859395372, -6.57498426470028, 3.7785435071834));
#2789 = VECTOR ('', #2788, 7.58346423334708);
#2790 = LINE ('', #2787, #2789);
#2791 = CARTESIAN_POINT ('', (-7.80075254961335, -94.9844936521803, 75.5253130244031));
#2792 = CARTESIAN_POINT ('', (-7.76727626367381, -101.559477916881, 79.3038565315865));
#2793 = TRIMMED_CURVE ('', #2790, (#2791), (#2792), .T., .CARTESIAN.);
#2794 = CARTESIAN_POINT ('', (-7.76727626367381, -101.559477916881, 79.3038565315865));
#2795 = DIRECTION ('', (0.13725077222189, -2.28160041204842, 1.32486596515227));
#2796 = VECTOR ('', #2795, 2.64193263357601);
#2797 = LINE ('', #2794, #2796);
#2798 = CARTESIAN_POINT ('', (-7.76727626367381, -101.559477916881, 79.3038565315865));
#2799 = CARTESIAN_POINT ('', (-7.63002549145192, -103.841078328929, 80.6287224967388));
#2800 = TRIMMED_CURVE ('', #2797, (#2798), (#2799), .T., .CARTESIAN.);
#2801 = CARTESIAN_POINT ('', (-7.63002549145192, -103.841078328929, 80.6287224967388));
#2802 = DIRECTION ('', (0.684672207761389, -8.89884310698523, 5.28525558665137));
#2803 = VECTOR ('', #2802, 10.372661726435);
#2804 = LINE ('', #2801, #2803);
#2805 = CARTESIAN_POINT ('', (-7.63002549145192, -103.841078328929, 80.6287224967388));
#2806 = CARTESIAN_POINT ('', (-6.94535328369053, -112.739921435914, 85.9139780833902));
#2807 = TRIMMED_CURVE ('', #2804, (#2805), (#2806), .T., .CARTESIAN.);
#2808 = CARTESIAN_POINT ('', (-6.94535328369053, -112.739921435914, 85.9139780833902));
#2809 = DIRECTION ('', (0.314563874610942, -4.96646050165843, 2.93614140563676));
#2810 = VECTOR ('', #2809, 5.77802792478872);
#2811 = LINE ('', #2808, #2810);
#2812 = CARTESIAN_POINT ('', (-6.94535328369053, -112.739921435914, 85.9139780833902));
#2813 = CARTESIAN_POINT ('', (-6.63078940907959, -117.706381937573, 88.8501194890269));
#2814 = TRIMMED_CURVE ('', #2811, (#2812), (#2813), .T., .CARTESIAN.);
#2815 = CARTESIAN_POINT ('', (-6.63078940907959, -117.706381937573, 88.8501194890269));
#2816 = DIRECTION ('', (3.72465354706566, -30.9365558478298, 18.4632385655375));
#2817 = VECTOR ('', #2816, 36.2192588286882);
#2818 = LINE ('', #2815, #2817);
#2819 = CARTESIAN_POINT ('', (-6.63078940907959, -117.706381937573, 88.8501194890269));
#2820 = CARTESIAN_POINT ('', (-2.90613586201393, -148.642937785402, 107.313358054564));
#2821 = TRIMMED_CURVE ('', #2818, (#2819), (#2820), .T., .CARTESIAN.);
#2822 = CARTESIAN_POINT ('', (-2.90613586201393, -148.642937785402, 107.313358054564));
#2823 = DIRECTION ('', (0.256747413964588, -3.11085308831912, 1.84669332220734));
#2824 = VECTOR ('', #2823, 3.62678954420673);
#2825 = LINE ('', #2822, #2824);
#2826 = CARTESIAN_POINT ('', (-2.90613586201393, -148.642937785402, 107.313358054564));
#2827 = CARTESIAN_POINT ('', (-2.64938844804934, -151.753790873722, 109.160051376772));
#2828 = TRIMMED_CURVE ('', #2825, (#2826), (#2827), .T., .CARTESIAN.);
#2829 = CARTESIAN_POINT ('', (-2.64938844804934, -151.753790873722, 109.160051376772));
#2830 = DIRECTION ('', (2.65026102418786, -31.952861387855, 18.3462810792753));
#2831 = VECTOR ('', #2830, 36.9404285818069);
#2832 = LINE ('', #2829, #2831);
#2833 = CARTESIAN_POINT ('', (-2.64938844804934, -151.753790873722, 109.160051376772));
#2834 = CARTESIAN_POINT ('', (0.000872576138524206, -183.706652261576, 127.506332456047));
#2835 = TRIMMED_CURVE ('', #2832, (#2833), (#2834), .T., .CARTESIAN.);
#2836 = CARTESIAN_POINT ('', (0., 0., -67.42));
#2837 = DIRECTION ('', (-2.2519306713646, 0., 49.2180147637125));
#2838 = VECTOR ('', #2837, 49.269505467679);
#2839 = LINE ('', #2836, #2838);
#2840 = CARTESIAN_POINT ('', (0., 0., -67.42));
#2841 = CARTESIAN_POINT ('', (-2.2519306713646, 0., -18.2019852362875));
#2842 = TRIMMED_CURVE ('', #2839, (#2840), (#2841), .T., .CARTESIAN.);
#2843 = CARTESIAN_POINT ('', (-2.2519306713646, 0., -18.2019852362875));
#2844 = DIRECTION ('', (-0.197662204242318, 0., 11.0528355052973));
#2845 = VECTOR ('', #2844, 11.0546027994744);
#2846 = LINE ('', #2843, #2845);
#2847 = CARTESIAN_POINT ('', (-2.2519306713646, 0., -18.2019852362875));
#2848 = CARTESIAN_POINT ('', (-2.44959287560692, 0., -7.14914973099021));
#2849 = TRIMMED_CURVE ('', #2846, (#2847), (#2848), .T., .CARTESIAN.);
#2850 = CARTESIAN_POINT ('', (-2.44959287560692, 0., -7.14914973099021));
#2851 = DIRECTION ('', (-0.116387717524134, 0., 1.15032328872433));
#2852 = VECTOR ('', #2851, 1.15619625037103);
#2853 = LINE ('', #2850, #2852);
#2854 = CARTESIAN_POINT ('', (-2.44959287560692, 0., -7.14914973099021));
#2855 = CARTESIAN_POINT ('', (-2.56598059313105, 0., -5.99882644226588));
#2856 = TRIMMED_CURVE ('', #2853, (#2854), (#2855), .T., .CARTESIAN.);
#2857 = CARTESIAN_POINT ('', (-2.56598059313105, 0., -5.99882644226588));
#2858 = DIRECTION ('', (-0.189444918904968, 0., 5.88213440815721));
#2859 = VECTOR ('', #2858, 5.88518432786313);
#2860 = LINE ('', #2857, #2859);
#2861 = CARTESIAN_POINT ('', (-2.56598059313105, 0., -5.99882644226588));
#2862 = CARTESIAN_POINT ('', (-2.75542551203602, 0., -0.116692034108674));
#2863 = TRIMMED_CURVE ('', #2860, (#2861), (#2862), .T., .CARTESIAN.);
#2864 = CARTESIAN_POINT ('', (-2.75542551203602, 0., -0.116692034108674));
#2865 = DIRECTION ('', (0.00033433307632702, 0., 20.1166920341087));
#2866 = VECTOR ('', #2865, 20.1166920368869);
#2867 = LINE ('', #2864, #2866);
#2868 = CARTESIAN_POINT ('', (-2.75542551203602, 0., -0.116692034108674));
#2869 = CARTESIAN_POINT ('', (-2.75509117895969, 0., 20.));
#2870 = TRIMMED_CURVE ('', #2867, (#2868), (#2869), .T., .CARTESIAN.);
#2871 = CARTESIAN_POINT ('', (-2.75509117895969, 0., 20.));
#2872 = DIRECTION ('', (1.82633917282793E-5, -0.271552278015906, 1.57305823073373));
#2873 = VECTOR ('', #2872, 1.59632479067022);
#2874 = LINE ('', #2871, #2873);
#2875 = CARTESIAN_POINT ('', (-2.75509117895969, 0., 20.));
#2876 = CARTESIAN_POINT ('', (-2.75507291556797, -0.271552278015906, 21.5730582307337));
#2877 = TRIMMED_CURVE ('', #2874, (#2875), (#2876), .T., .CARTESIAN.);
#2878 = CARTESIAN_POINT ('', (-2.75507291556797, -0.271552278015906, 21.5730582307337));
#2879 = DIRECTION ('', (5.66000828872149E-7, -0.010161793215036, 0.0517995423766564));
#2880 = VECTOR ('', #2879, 0.0527868793555419);
#2881 = LINE ('', #2878, #2880);
#2882 = CARTESIAN_POINT ('', (-2.75507291556797, -0.271552278015906, 21.5730582307337));
#2883 = CARTESIAN_POINT ('', (-2.75507234956714, -0.281714071230942, 21.6248577731104));
#2884 = TRIMMED_CURVE ('', #2881, (#2882), (#2883), .T., .CARTESIAN.);
#2885 = CARTESIAN_POINT ('', (-2.75507234956714, -0.281714071230942, 21.6248577731104));
#2886 = DIRECTION ('', (6.37551040849615E-7, -0.0418600005869401, 0.033645807846284));
#2887 = VECTOR ('', #2886, 0.0537056797291884);
#2888 = LINE ('', #2885, #2887);
#2889 = CARTESIAN_POINT ('', (-2.75507234956714, -0.281714071230942, 21.6248577731104));
#2890 = CARTESIAN_POINT ('', (-2.7550717120161, -0.323574071817882, 21.6585035809567));
#2891 = TRIMMED_CURVE ('', #2888, (#2889), (#2890), .T., .CARTESIAN.);
#2892 = CARTESIAN_POINT ('', (-2.7550717120161, -0.323574071817882, 21.6585035809567));
#2893 = DIRECTION ('', (1.83332104937151E-5, -1.23463242784697, 1.02149702834847));
#2894 = VECTOR ('', #2893, 1.60242734972671);
#2895 = LINE ('', #2892, #2894);
#2896 = CARTESIAN_POINT ('', (-2.7550717120161, -0.323574071817882, 21.6585035809567));
#2897 = CARTESIAN_POINT ('', (-2.7550533788056, -1.55820649966485, 22.6800006093051));
#2898 = TRIMMED_CURVE ('', #2895, (#2896), (#2897), .T., .CARTESIAN.);
#2899 = CARTESIAN_POINT ('', (-2.7550533788056, -1.55820649966485, 22.6800006093051));
#2900 = DIRECTION ('', (0.00169553053540383, -88.8213978892902, 50.1868585742679));
#2901 = VECTOR ('', #2900, 102.019417266695);
#2902 = LINE ('', #2899, #2901);
#2903 = CARTESIAN_POINT ('', (-2.7550533788056, -1.55820649966485, 22.6800006093051));
#2904 = CARTESIAN_POINT ('', (-2.7533578482702, -90.379604388955, 72.8668591835731));
#2905 = TRIMMED_CURVE ('', #2902, (#2903), (#2904), .T., .CARTESIAN.);
#2906 = CARTESIAN_POINT ('', (-2.7533578482702, -90.379604388955, 72.8668591835731));
#2907 = DIRECTION ('', (0.0187768884002644, -4.36308235306466, 2.51970541579433));
#2908 = VECTOR ('', #2907, 5.03842788710382);
#2909 = LINE ('', #2906, #2908);
#2910 = CARTESIAN_POINT ('', (-2.7533578482702, -90.379604388955, 72.8668591835731));
#2911 = CARTESIAN_POINT ('', (-2.73458095986993, -94.7426867420197, 75.3865645993674));
#2912 = TRIMMED_CURVE ('', #2909, (#2910), (#2911), .T., .CARTESIAN.);
#2913 = CARTESIAN_POINT ('', (-2.73458095986993, -94.7426867420197, 75.3865645993674));
#2914 = DIRECTION ('', (0.0130076084789579, -7.02181520648018, 4.03536610119733));
#2915 = VECTOR ('', #2914, 8.09878000457644);
#2916 = LINE ('', #2913, #2915);
#2917 = CARTESIAN_POINT ('', (-2.73458095986993, -94.7426867420197, 75.3865645993674));
#2918 = CARTESIAN_POINT ('', (-2.72157335139098, -101.7645019485, 79.4219307005647));
#2919 = TRIMMED_CURVE ('', #2916, (#2917), (#2918), .T., .CARTESIAN.);
#2920 = CARTESIAN_POINT ('', (-2.72157335139098, -101.7645019485, 79.4219307005647));
#2921 = DIRECTION ('', (0.0384417838884286, -1.82238469012476, 1.05816768646673));
#2922 = VECTOR ('', #2921, 2.10767231376986);
#2923 = LINE ('', #2920, #2922);
#2924 = CARTESIAN_POINT ('', (-2.72157335139098, -101.7645019485, 79.4219307005647));
#2925 = CARTESIAN_POINT ('', (-2.68313156750255, -103.586886638625, 80.4800983870314));
#2926 = TRIMMED_CURVE ('', #2923, (#2924), (#2925), .T., .CARTESIAN.);
#2927 = CARTESIAN_POINT ('', (-2.68313156750255, -103.586886638625, 80.4800983870314));
#2928 = DIRECTION ('', (0.25257255945196, -9.36219673751962, 5.5600838218317));
#2929 = VECTOR ('', #2928, 10.8916965049347);
#2930 = LINE ('', #2927, #2929);
#2931 = CARTESIAN_POINT ('', (-2.68313156750255, -103.586886638625, 80.4800983870314));
#2932 = CARTESIAN_POINT ('', (-2.43055900805059, -112.949083376144, 86.0401822088631));
#2933 = TRIMMED_CURVE ('', #2930, (#2931), (#2932), .T., .CARTESIAN.);
#2934 = CARTESIAN_POINT ('', (-2.43055900805059, -112.949083376144, 86.0401822088631));
#2935 = DIRECTION ('', (0.106261921790094, -4.77475957087412, 2.82277482808577));
#2936 = VECTOR ('', #2935, 5.54776335884573);
#2937 = LINE ('', #2934, #2936);
#2938 = CARTESIAN_POINT ('', (-2.43055900805059, -112.949083376144, 86.0401822088631));
#2939 = CARTESIAN_POINT ('', (-2.32429708626049, -117.723842947018, 88.8629570369489));
#2940 = TRIMMED_CURVE ('', #2937, (#2938), (#2939), .T., .CARTESIAN.);
#2941 = CARTESIAN_POINT ('', (-2.32429708626049, -117.723842947018, 88.8629570369489));
#2942 = DIRECTION ('', (1.30307088534477, -30.918828612469, 18.4508547887017));
#2943 = VECTOR ('', #2942, 36.0292381120281);
#2944 = LINE ('', #2941, #2943);
#2945 = CARTESIAN_POINT ('', (-2.32429708626049, -117.723842947018, 88.8629570369489));
#2946 = CARTESIAN_POINT ('', (-1.02122620091573, -148.642671559487, 107.313811825651));
#2947 = TRIMMED_CURVE ('', #2944, (#2945), (#2946), .T., .CARTESIAN.);
#2948 = CARTESIAN_POINT ('', (-1.02122620091573, -148.642671559487, 107.313811825651));
#2949 = DIRECTION ('', (0.0881106304871327, -3.04225620709272, 1.80590249093198));
#2950 = VECTOR ('', #2949, 3.53897868311655);
#2951 = LINE ('', #2948, #2950);
#2952 = CARTESIAN_POINT ('', (-1.02122620091573, -148.642671559487, 107.313811825651));
#2953 = CARTESIAN_POINT ('', (-0.933115570428595, -151.68492776658, 109.119714316583));
#2954 = TRIMMED_CURVE ('', #2951, (#2952), (#2953), .T., .CARTESIAN.);
#2955 = CARTESIAN_POINT ('', (-0.933115570428595, -151.68492776658, 109.119714316583));
#2956 = DIRECTION ('', (0.931413742001153, -32.0218189095235, 18.386457213799));
#2957 = VECTOR ('', #2956, 36.9367869028692);
#2958 = LINE ('', #2955, #2957);
#2959 = CARTESIAN_POINT ('', (-0.933115570428595, -151.68492776658, 109.119714316583));
#2960 = CARTESIAN_POINT ('', (-0.00170182842744226, -183.706746676104, 127.506171530382));
#2961 = TRIMMED_CURVE ('', #2958, (#2959), (#2960), .T., .CARTESIAN.);
#2962 = CARTESIAN_POINT ('', (0., 0., -67.42));
#2963 = DIRECTION ('', (0., 0., 49.2));
#2964 = VECTOR ('', #2963, 49.2);
#2965 = LINE ('', #2962, #2964);
#2966 = CARTESIAN_POINT ('', (0., 0., -67.42));
#2967 = CARTESIAN_POINT ('', (0., 0., -18.22));
#2968 = TRIMMED_CURVE ('', #2965, (#2966), (#2967), .T., .CARTESIAN.);
#2969 = CARTESIAN_POINT ('', (0., 0., -18.22));
#2970 = DIRECTION ('', (0., 0., 10.97));
#2971 = VECTOR ('', #2970, 10.97);
#2972 = LINE ('', #2969, #2971);
#2973 = CARTESIAN_POINT ('', (0., 0., -18.22));
#2974 = CARTESIAN_POINT ('', (0., 0., -7.25));
#2975 = TRIMMED_CURVE ('', #2972, (#2973), (#2974), .T., .CARTESIAN.);
#2976 = CARTESIAN_POINT ('', (0., 0., -7.25));
#2977 = DIRECTION ('', (0., 0., 1.15));
#2978 = VECTOR ('', #2977, 1.15);
#2979 = LINE ('', #2976, #2978);
#2980 = CARTESIAN_POINT ('', (0., 0., -7.25));
#2981 = CARTESIAN_POINT ('', (0., 0., -6.1));
#2982 = TRIMMED_CURVE ('', #2979, (#2980), (#2981), .T., .CARTESIAN.);
#2983 = CARTESIAN_POINT ('', (0., 0., -6.1));
#2984 = DIRECTION ('', (0., 0., 6.1));
#2985 = VECTOR ('', #2984, 6.1);
#2986 = LINE ('', #2983, #2985);
#2987 = CARTESIAN_POINT ('', (0., 0., -6.1));
#2988 = CARTESIAN_POINT ('', (0., 0., 0.));
#2989 = TRIMMED_CURVE ('', #2986, (#2987), (#2988), .T., .CARTESIAN.);
#2990 = CARTESIAN_POINT ('', (0., 0., 0.));
#2991 = DIRECTION ('', (0., 0., 20.));
#2992 = VECTOR ('', #2991, 20.);
#2993 = LINE ('', #2990, #2992);
#2994 = CARTESIAN_POINT ('', (0., 0., 0.));
#2995 = CARTESIAN_POINT ('', (0., 0., 20.));
#2996 = TRIMMED_CURVE ('', #2993, (#2994), (#2995), .T., .CARTESIAN.);
#2997 = CARTESIAN_POINT ('', (0., 0., 20.));
#2998 = DIRECTION ('', (0., -0.271552277976907, 1.57305823075606));
#2999 = VECTOR ('', #2998, 1.59632479058112);
#3000 = LINE ('', #2997, #2999);
#3001 = CARTESIAN_POINT ('', (0., 0., 20.));
#3002 = CARTESIAN_POINT ('', (0., -0.271552277976907, 21.5730582307561));
#3003 = TRIMMED_CURVE ('', #3000, (#3001), (#3002), .T., .CARTESIAN.);
#3004 = CARTESIAN_POINT ('', (0., -0.271552277976907, 21.5730582307561));
#3005 = DIRECTION ('', (0., -0.0101617932137162, 0.0517995423774096));
#3006 = VECTOR ('', #3005, 0.0527868793529924);
#3007 = LINE ('', #3004, #3006);
#3008 = CARTESIAN_POINT ('', (0., -0.271552277976907, 21.5730582307561));
#3009 = CARTESIAN_POINT ('', (0., -0.281714071190623, 21.6248577731335));
#3010 = TRIMMED_CURVE ('', #3007, (#3008), (#3009), .T., .CARTESIAN.);
#3011 = CARTESIAN_POINT ('', (0., -0.281714071190623, 21.6248577731335));
#3012 = DIRECTION ('', (0., -0.0418600005829211, 0.0336458078485862));
#3013 = VECTOR ('', #3012, 0.0537056797237139);
#3014 = LINE ('', #3011, #3013);
#3015 = CARTESIAN_POINT ('', (0., -0.281714071190623, 21.6248577731335));
#3016 = CARTESIAN_POINT ('', (0., -0.323574071773545, 21.6585035809821));
#3017 = TRIMMED_CURVE ('', #3014, (#3015), (#3016), .T., .CARTESIAN.);
#3018 = CARTESIAN_POINT ('', (0., -0.323574071773545, 21.6585035809821));
#3019 = DIRECTION ('', (0., -1.23463242773545, 1.02149702841234));
#3020 = VECTOR ('', #3019, 1.60242734957663);
#3021 = LINE ('', #3018, #3020);
#3022 = CARTESIAN_POINT ('', (0., -0.323574071773545, 21.6585035809821));
#3023 = CARTESIAN_POINT ('', (0., -1.558206499509, 22.6800006093944));
#3024 = TRIMMED_CURVE ('', #3021, (#3022), (#3023), .T., .CARTESIAN.);
#3025 = CARTESIAN_POINT ('', (0., -1.558206499509, 22.6800006093944));
#3026 = DIRECTION ('', (0., -88.8112442673398, 50.1811214803298));
#3027 = VECTOR ('', #3026, 102.007754907834);
#3028 = LINE ('', #3025, #3027);
#3029 = CARTESIAN_POINT ('', (0., -1.558206499509, 22.6800006093944));
#3030 = CARTESIAN_POINT ('', (0., -90.3694507668488, 72.8611220897242));
#3031 = TRIMMED_CURVE ('', #3028, (#3029), (#3030), .T., .CARTESIAN.);
#3032 = CARTESIAN_POINT ('', (0., -90.3694507668488, 72.8611220897242));
#3033 = DIRECTION ('', (0., -4.33941385802579, 2.50603525343254));
#3034 = VECTOR ('', #3033, 5.01106029924536);
#3035 = LINE ('', #3032, #3034);
#3036 = CARTESIAN_POINT ('', (0., -90.3694507668488, 72.8611220897242));
#3037 = CARTESIAN_POINT ('', (0., -94.7088646248746, 75.3671573431567));
#3038 = TRIMMED_CURVE ('', #3035, (#3036), (#3037), .T., .CARTESIAN.);
#3039 = CARTESIAN_POINT ('', (0., -94.7088646248746, 75.3671573431567));
#3040 = DIRECTION ('', (0., -7.08429698437841, 4.07127873225424));
#3041 = VECTOR ('', #3040, 8.17083681629849);
#3042 = LINE ('', #3039, #3041);
#3043 = CARTESIAN_POINT ('', (0., -94.7088646248746, 75.3671573431567));
#3044 = CARTESIAN_POINT ('', (0., -101.793161609253, 79.438436075411));
#3045 = TRIMMED_CURVE ('', #3042, (#3043), (#3044), .T., .CARTESIAN.);
#3046 = CARTESIAN_POINT ('', (0., -101.793161609253, 79.438436075411));
#3047 = DIRECTION ('', (0., -1.75792393995404, 1.0207326493026));
#3048 = VECTOR ('', #3047, 2.03277930922563);
#3049 = LINE ('', #3046, #3048);
#3050 = CARTESIAN_POINT ('', (0., -101.793161609253, 79.438436075411));
#3051 = CARTESIAN_POINT ('', (0., -103.551085549207, 80.4591687247136));
#3052 = TRIMMED_CURVE ('', #3049, (#3050), (#3051), .T., .CARTESIAN.);
#3053 = CARTESIAN_POINT ('', (0., -103.551085549207, 80.4591687247136));
#3054 = DIRECTION ('', (0., -9.42714034040867, 5.59860061637261));
#3055 = VECTOR ('', #3054, 10.9642739777611);
#3056 = LINE ('', #3053, #3055);
#3057 = CARTESIAN_POINT ('', (0., -103.551085549207, 80.4591687247136));
#3058 = CARTESIAN_POINT ('', (0., -112.978225889616, 86.0577693410862));
#3059 = TRIMMED_CURVE ('', #3056, (#3057), (#3058), .T., .CARTESIAN.);
#3060 = CARTESIAN_POINT ('', (0., -112.978225889616, 86.0577693410862));
#3061 = DIRECTION ('', (0., -4.74806254045853, 2.80698686421472));
#3062 = VECTOR ('', #3061, 5.51572961121007);
#3063 = LINE ('', #3060, #3062);
#3064 = CARTESIAN_POINT ('', (0., -112.978225889616, 86.0577693410862));
#3065 = CARTESIAN_POINT ('', (0., -117.726288430074, 88.8647562053009));
#3066 = TRIMMED_CURVE ('', #3063, (#3064), (#3065), .T., .CARTESIAN.);
#3067 = CARTESIAN_POINT ('', (0., -117.726288430074, 88.8647562053009));
#3068 = DIRECTION ('', (0., -30.9163464162785, 18.4491181963727));
#3069 = VECTOR ('', #3068, 36.0026448744404);
#3070 = LINE ('', #3067, #3069);
#3071 = CARTESIAN_POINT ('', (0., -117.726288430074, 88.8647562053009));
#3072 = CARTESIAN_POINT ('', (0., -148.642634846353, 107.313874401674));
#3073 = TRIMMED_CURVE ('', #3070, (#3071), (#3072), .T., .CARTESIAN.);
#3074 = CARTESIAN_POINT ('', (0., -148.642634846353, 107.313874401674));
#3075 = DIRECTION ('', (0., -3.03255358661707, 1.80013300090717));
#3076 = VECTOR ('', #3075, 3.52659326782365);
#3077 = LINE ('', #3074, #3076);
#3078 = CARTESIAN_POINT ('', (0., -148.642634846353, 107.313874401674));
#3079 = CARTESIAN_POINT ('', (0., -151.67518843297, 109.114007402581));
#3080 = TRIMMED_CURVE ('', #3077, (#3078), (#3079), .T., .CARTESIAN.);
#3081 = CARTESIAN_POINT ('', (0., -151.67518843297, 109.114007402581));
#3082 = DIRECTION ('', (0., -32.0315742813543, 18.3921367913159));
#3083 = VECTOR ('', #3082, 36.9363296321168);
#3084 = LINE ('', #3081, #3083);
#3085 = CARTESIAN_POINT ('', (0., -151.67518843297, 109.114007402581));
#3086 = CARTESIAN_POINT ('', (0., -183.706762714324, 127.506144193897));
#3087 = TRIMMED_CURVE ('', #3084, (#3085), (#3086), .T., .CARTESIAN.);
#3088 = CARTESIAN_POINT ('', (0., 0., -67.42));
#3089 = DIRECTION ('', (2.2519306713646, 0., 49.2180147637125));
#3090 = VECTOR ('', #3089, 49.269505467679);
#3091 = LINE ('', #3088, #3090);
#3092 = CARTESIAN_POINT ('', (0., 0., -67.42));
#3093 = CARTESIAN_POINT ('', (2.2519306713646, 0., -18.2019852362875));
#3094 = TRIMMED_CURVE ('', #3091, (#3092), (#3093), .T., .CARTESIAN.);
#3095 = CARTESIAN_POINT ('', (2.2519306713646, 0., -18.2019852362875));
#3096 = DIRECTION ('', (0.197662204242318, 0., 11.0528355052973));
#3097 = VECTOR ('', #3096, 11.0546027994744);
#3098 = LINE ('', #3095, #3097);
#3099 = CARTESIAN_POINT ('', (2.2519306713646, 0., -18.2019852362875));
#3100 = CARTESIAN_POINT ('', (2.44959287560692, 0., -7.14914973099021));
#3101 = TRIMMED_CURVE ('', #3098, (#3099), (#3100), .T., .CARTESIAN.);
#3102 = CARTESIAN_POINT ('', (2.44959287560692, 0., -7.14914973099021));
#3103 = DIRECTION ('', (0.116387717524134, 0., 1.15032328872433));
#3104 = VECTOR ('', #3103, 1.15619625037103);
#3105 = LINE ('', #3102, #3104);
#3106 = CARTESIAN_POINT ('', (2.44959287560692, 0., -7.14914973099021));
#3107 = CARTESIAN_POINT ('', (2.56598059313105, 0., -5.99882644226588));
#3108 = TRIMMED_CURVE ('', #3105, (#3106), (#3107), .T., .CARTESIAN.);
#3109 = CARTESIAN_POINT ('', (2.56598059313105, 0., -5.99882644226588));
#3110 = DIRECTION ('', (0.189444918904968, 0., 5.88213440815721));
#3111 = VECTOR ('', #3110, 5.88518432786313);
#3112 = LINE ('', #3109, #3111);
#3113 = CARTESIAN_POINT ('', (2.56598059313105, 0., -5.99882644226588));
#3114 = CARTESIAN_POINT ('', (2.75542551203602, 0., -0.116692034108674));
#3115 = TRIMMED_CURVE ('', #3112, (#3113), (#3114), .T., .CARTESIAN.);
#3116 = CARTESIAN_POINT ('', (2.75542551203602, 0., -0.116692034108674));
#3117 = DIRECTION ('', (-0.00033433307632702, 0., 20.1166920341087));
#3118 = VECTOR ('', #3117, 20.1166920368869);
#3119 = LINE ('', #3116, #3118);
#3120 = CARTESIAN_POINT ('', (2.75542551203602, 0., -0.116692034108674));
#3121 = CARTESIAN_POINT ('', (2.75509117895969, 0., 20.));
#3122 = TRIMMED_CURVE ('', #3119, (#3120), (#3121), .T., .CARTESIAN.);
#3123 = CARTESIAN_POINT ('', (2.75509117895969, 0., 20.));
#3124 = DIRECTION ('', (-1.82633917282793E-5, -0.271552278015906, 1.57305823073373));
#3125 = VECTOR ('', #3124, 1.59632479067022);
#3126 = LINE ('', #3123, #3125);
#3127 = CARTESIAN_POINT ('', (2.75509117895969, 0., 20.));
#3128 = CARTESIAN_POINT ('', (2.75507291556797, -0.271552278015906, 21.5730582307337));
#3129 = TRIMMED_CURVE ('', #3126, (#3127), (#3128), .T., .CARTESIAN.);
#3130 = CARTESIAN_POINT ('', (2.75507291556797, -0.271552278015906, 21.5730582307337));
#3131 = DIRECTION ('', (-5.66000828872149E-7, -0.010161793215036, 0.0517995423766564));
#3132 = VECTOR ('', #3131, 0.0527868793555419);
#3133 = LINE ('', #3130, #3132);
#3134 = CARTESIAN_POINT ('', (2.75507291556797, -0.271552278015906, 21.5730582307337));
#3135 = CARTESIAN_POINT ('', (2.75507234956714, -0.281714071230942, 21.6248577731104));
#3136 = TRIMMED_CURVE ('', #3133, (#3134), (#3135), .T., .CARTESIAN.);
#3137 = CARTESIAN_POINT ('', (2.75507234956714, -0.281714071230942, 21.6248577731104));
#3138 = DIRECTION ('', (-6.37551040849615E-7, -0.0418600005869401, 0.033645807846284));
#3139 = VECTOR ('', #3138, 0.0537056797291884);
#3140 = LINE ('', #3137, #3139);
#3141 = CARTESIAN_POINT ('', (2.75507234956714, -0.281714071230942, 21.6248577731104));
#3142 = CARTESIAN_POINT ('', (2.7550717120161, -0.323574071817882, 21.6585035809567));
#3143 = TRIMMED_CURVE ('', #3140, (#3141), (#3142), .T., .CARTESIAN.);
#3144 = CARTESIAN_POINT ('', (2.7550717120161, -0.323574071817882, 21.6585035809567));
#3145 = DIRECTION ('', (-1.83332104937151E-5, -1.23463242784697, 1.02149702834847));
#3146 = VECTOR ('', #3145, 1.60242734972671);
#3147 = LINE ('', #3144, #3146);
#3148 = CARTESIAN_POINT ('', (2.7550717120161, -0.323574071817882, 21.6585035809567));
#3149 = CARTESIAN_POINT ('', (2.7550533788056, -1.55820649966485, 22.6800006093051));
#3150 = TRIMMED_CURVE ('', #3147, (#3148), (#3149), .T., .CARTESIAN.);
#3151 = CARTESIAN_POINT ('', (2.7550533788056, -1.55820649966485, 22.6800006093051));
#3152 = DIRECTION ('', (-0.00169553053540383, -88.8213978892902, 50.1868585742679));
#3153 = VECTOR ('', #3152, 102.019417266695);
#3154 = LINE ('', #3151, #3153);
#3155 = CARTESIAN_POINT ('', (2.7550533788056, -1.55820649966485, 22.6800006093051));
#3156 = CARTESIAN_POINT ('', (2.7533578482702, -90.379604388955, 72.8668591835731));
#3157 = TRIMMED_CURVE ('', #3154, (#3155), (#3156), .T., .CARTESIAN.);
#3158 = CARTESIAN_POINT ('', (2.7533578482702, -90.379604388955, 72.8668591835731));
#3159 = DIRECTION ('', (-0.0187768884002644, -4.36308235306466, 2.51970541579433));
#3160 = VECTOR ('', #3159, 5.03842788710382);
#3161 = LINE ('', #3158, #3160);
#3162 = CARTESIAN_POINT ('', (2.7533578482702, -90.379604388955, 72.8668591835731));
#3163 = CARTESIAN_POINT ('', (2.73458095986993, -94.7426867420197, 75.3865645993674));
#3164 = TRIMMED_CURVE ('', #3161, (#3162), (#3163), .T., .CARTESIAN.);
#3165 = CARTESIAN_POINT ('', (2.73458095986993, -94.7426867420197, 75.3865645993674));
#3166 = DIRECTION ('', (-0.0130076084789579, -7.02181520648018, 4.03536610119733));
#3167 = VECTOR ('', #3166, 8.09878000457644);
#3168 = LINE ('', #3165, #3167);
#3169 = CARTESIAN_POINT ('', (2.73458095986993, -94.7426867420197, 75.3865645993674));
#3170 = CARTESIAN_POINT ('', (2.72157335139098, -101.7645019485, 79.4219307005647));
#3171 = TRIMMED_CURVE ('', #3168, (#3169), (#3170), .T., .CARTESIAN.);
#3172 = CARTESIAN_POINT ('', (2.72157335139098, -101.7645019485, 79.4219307005647));
#3173 = DIRECTION ('', (-0.0384417838884286, -1.82238469012476, 1.05816768646673));
#3174 = VECTOR ('', #3173, 2.10767231376986);
#3175 = LINE ('', #3172, #3174);
#3176 = CARTESIAN_POINT ('', (2.72157335139098, -101.7645019485, 79.4219307005647));
#3177 = CARTESIAN_POINT ('', (2.68313156750255, -103.586886638625, 80.4800983870314));
#3178 = TRIMMED_CURVE ('', #3175, (#3176), (#3177), .T., .CARTESIAN.);
#3179 = CARTESIAN_POINT ('', (2.68313156750255, -103.586886638625, 80.4800983870314));
#3180 = DIRECTION ('', (-0.25257255945196, -9.36219673751962, 5.5600838218317));
#3181 = VECTOR ('', #3180, 10.8916965049347);
#3182 = LINE ('', #3179, #3181);
#3183 = CARTESIAN_POINT ('', (2.68313156750255, -103.586886638625, 80.4800983870314));
#3184 = CARTESIAN_POINT ('', (2.43055900805059, -112.949083376144, 86.0401822088631));
#3185 = TRIMMED_CURVE ('', #3182, (#3183), (#3184), .T., .CARTESIAN.);
#3186 = CARTESIAN_POINT ('', (2.43055900805059, -112.949083376144, 86.0401822088631));
#3187 = DIRECTION ('', (-0.106261921790094, -4.77475957087412, 2.82277482808577));
#3188 = VECTOR ('', #3187, 5.54776335884573);
#3189 = LINE ('', #3186, #3188);
#3190 = CARTESIAN_POINT ('', (2.43055900805059, -112.949083376144, 86.0401822088631));
#3191 = CARTESIAN_POINT ('', (2.32429708626049, -117.723842947018, 88.8629570369489));
#3192 = TRIMMED_CURVE ('', #3189, (#3190), (#3191), .T., .CARTESIAN.);
#3193 = CARTESIAN_POINT ('', (2.32429708626049, -117.723842947018, 88.8629570369489));
#3194 = DIRECTION ('', (-1.30307088534477, -30.918828612469, 18.4508547887017));
#3195 = VECTOR ('', #3194, 36.0292381120281);
#3196 = LINE ('', #3193, #3195);
#3197 = CARTESIAN_POINT ('', (2.32429708626049, -117.723842947018, 88.8629570369489));
#3198 = CARTESIAN_POINT ('', (1.02122620091573, -148.642671559487, 107.313811825651));
#3199 = TRIMMED_CURVE ('', #3196, (#3197), (#3198), .T., .CARTESIAN.);
#3200 = CARTESIAN_POINT ('', (1.02122620091573, -148.642671559487, 107.313811825651));
#3201 = DIRECTION ('', (-0.0881106304871327, -3.04225620709272, 1.80590249093198));
#3202 = VECTOR ('', #3201, 3.53897868311655);
#3203 = LINE ('', #3200, #3202);
#3204 = CARTESIAN_POINT ('', (1.02122620091573, -148.642671559487, 107.313811825651));
#3205 = CARTESIAN_POINT ('', (0.933115570428595, -151.68492776658, 109.119714316583));
#3206 = TRIMMED_CURVE ('', #3203, (#3204), (#3205), .T., .CARTESIAN.);
#3207 = CARTESIAN_POINT ('', (0.933115570428595, -151.68492776658, 109.119714316583));
#3208 = DIRECTION ('', (-0.931413742001153, -32.0218189095235, 18.386457213799));
#3209 = VECTOR ('', #3208, 36.9367869028692);
#3210 = LINE ('', #3207, #3209);
#3211 = CARTESIAN_POINT ('', (0.933115570428595, -151.68492776658, 109.119714316583));
#3212 = CARTESIAN_POINT ('', (0.00170182842744226, -183.706746676104, 127.506171530382));
#3213 = TRIMMED_CURVE ('', #3210, (#3211), (#3212), .T., .CARTESIAN.);
#3214 = CARTESIAN_POINT ('', (0., 0., -67.42));
#3215 = DIRECTION ('', (6.47024876075266, 0., 49.3487860767358));
#3216 = VECTOR ('', #3215, 49.771144313482);
#3217 = LINE ('', #3214, #3216);
#3218 = CARTESIAN_POINT ('', (0., 0., -67.42));
#3219 = CARTESIAN_POINT ('', (6.47024876075266, 0., -18.0712139232642));
#3220 = TRIMMED_CURVE ('', #3217, (#3218), (#3219), .T., .CARTESIAN.);
#3221 = CARTESIAN_POINT ('', (6.47024876075266, 0., -18.0712139232642));
#3222 = DIRECTION ('', (0.589970323240811, 0., 11.6696456326515));
#3223 = VECTOR ('', #3222, 11.6845493783015);
#3224 = LINE ('', #3221, #3223);
#3225 = CARTESIAN_POINT ('', (6.47024876075266, 0., -18.0712139232642));
#3226 = CARTESIAN_POINT ('', (7.06021908399347, 0., -6.40156829061276));
#3227 = TRIMMED_CURVE ('', #3224, (#3225), (#3226), .T., .CARTESIAN.);
#3228 = CARTESIAN_POINT ('', (7.06021908399347, 0., -6.40156829061276));
#3229 = DIRECTION ('', (0.368733182163103, 0., 1.15958492639225));
#3230 = VECTOR ('', #3229, 1.21679963886593);
#3231 = LINE ('', #3228, #3230);
#3232 = CARTESIAN_POINT ('', (7.06021908399347, 0., -6.40156829061276));
#3233 = CARTESIAN_POINT ('', (7.42895226615657, 0., -5.24198336422051));
#3234 = TRIMMED_CURVE ('', #3231, (#3232), (#3233), .T., .CARTESIAN.);
#3235 = CARTESIAN_POINT ('', (7.42895226615657, 0., -5.24198336422051));
#3236 = DIRECTION ('', (0.400925093334214, 0., 4.28742425786594));
#3237 = VECTOR ('', #3236, 4.30612908508353);
#3238 = LINE ('', #3235, #3237);
#3239 = CARTESIAN_POINT ('', (7.42895226615657, 0., -5.24198336422051));
#3240 = CARTESIAN_POINT ('', (7.82987735949079, 0., -0.95455910635457));
#3241 = TRIMMED_CURVE ('', #3238, (#3239), (#3240), .T., .CARTESIAN.);
#3242 = CARTESIAN_POINT ('', (7.82987735949079, 0., -0.95455910635457));
#3243 = DIRECTION ('', (0.00431254447094087, 0., 20.9545591063546));
#3244 = VECTOR ('', #3243, 20.9545595501253);
#3245 = LINE ('', #3242, #3244);
#3246 = CARTESIAN_POINT ('', (7.82987735949079, 0., -0.95455910635457));
#3247 = CARTESIAN_POINT ('', (7.83418990396173, 0., 20.));
#3248 = TRIMMED_CURVE ('', #3245, (#3246), (#3247), .T., .CARTESIAN.);
#3249 = CARTESIAN_POINT ('', (7.83418990396173, 0., 20.));
#3250 = DIRECTION ('', (0.000226158914411911, -0.271552283957081, 1.57305822733118));
#3251 = VECTOR ('', #3250, 1.59632480424395);
#3252 = LINE ('', #3249, #3251);
#3253 = CARTESIAN_POINT ('', (7.83418990396173, 0., 20.));
#3254 = CARTESIAN_POINT ('', (7.83441606287614, -0.271552283957081, 21.5730582273312));
#3255 = TRIMMED_CURVE ('', #3252, (#3253), (#3254), .T., .CARTESIAN.);
#3256 = CARTESIAN_POINT ('', (7.83441606287614, -0.271552283957081, 21.5730582273312));
#3257 = DIRECTION ('', (7.00889159777063E-6, -0.0101617934160934, 0.0517995422615094));
#3258 = VECTOR ('', #3257, 0.0527868797435293);
#3259 = LINE ('', #3256, #3258);
#3260 = CARTESIAN_POINT ('', (7.83441606287614, -0.271552283957081, 21.5730582273312));
#3261 = CARTESIAN_POINT ('', (7.83442307176774, -0.281714077373174, 21.6248577695927));
#3262 = TRIMMED_CURVE ('', #3259, (#3260), (#3261), .T., .CARTESIAN.);
#3263 = CARTESIAN_POINT ('', (7.83442307176774, -0.281714077373174, 21.6248577695927));
#3264 = DIRECTION ('', (7.89491099961737E-6, -0.0418600011991943, 0.0336458074956418));
#3265 = VECTOR ('', #3264, 0.0537056805632324);
#3266 = LINE ('', #3263, #3265);
#3267 = CARTESIAN_POINT ('', (7.83442307176774, -0.281714077373174, 21.6248577695927));
#3268 = CARTESIAN_POINT ('', (7.83443096667874, -0.323574078572369, 21.6585035770883));
#3269 = TRIMMED_CURVE ('', #3266, (#3267), (#3268), .T., .CARTESIAN.);
#3270 = CARTESIAN_POINT ('', (7.83443096667874, -0.323574078572369, 21.6585035770883));
#3271 = DIRECTION ('', (0.000227023494244527, -1.23463244483563, 1.02149701861897));
#3272 = VECTOR ('', #3271, 1.60242737259069);
#3273 = LINE ('', #3270, #3272);
#3274 = CARTESIAN_POINT ('', (7.83443096667874, -0.323574078572369, 21.6585035770883));
#3275 = CARTESIAN_POINT ('', (7.83465799017298, -1.558206523408, 22.6800005957073));
#3276 = TRIMMED_CURVE ('', #3273, (#3274), (#3275), .T., .CARTESIAN.);
#3277 = CARTESIAN_POINT ('', (7.83465799017298, -1.558206523408, 22.6800005957073));
#3278 = DIRECTION ('', (0.0210132049057021, -88.8939097668862, 50.2278271519756));
#3279 = VECTOR ('', #3278, 102.102704448055);
#3280 = LINE ('', #3277, #3279);
#3281 = CARTESIAN_POINT ('', (7.83465799017298, -1.558206523408, 22.6800005957073));
#3282 = CARTESIAN_POINT ('', (7.85567119507868, -90.4521162902942, 72.907827747683));
#3283 = TRIMMED_CURVE ('', #3280, (#3281), (#3282), .T., .CARTESIAN.);
#3284 = CARTESIAN_POINT ('', (7.85567119507868, -90.4521162902942, 72.907827747683));
#3285 = DIRECTION ('', (-0.0549186454653361, -4.53237736188611, 2.61748527672017));
#3286 = VECTOR ('', #3285, 5.23418472944969);
#3287 = LINE ('', #3284, #3286);
#3288 = CARTESIAN_POINT ('', (7.85567119507868, -90.4521162902942, 72.907827747683));
#3289 = CARTESIAN_POINT ('', (7.80075254961335, -94.9844936521803, 75.5253130244031));
#3290 = TRIMMED_CURVE ('', #3287, (#3288), (#3289), .T., .CARTESIAN.);
#3291 = CARTESIAN_POINT ('', (7.80075254961335, -94.9844936521803, 75.5253130244031));
#3292 = DIRECTION ('', (-0.0334762859395372, -6.57498426470028, 3.7785435071834));
#3293 = VECTOR ('', #3292, 7.58346423334708);
#3294 = LINE ('', #3291, #3293);
#3295 = CARTESIAN_POINT ('', (7.80075254961335, -94.9844936521803, 75.5253130244031));
#3296 = CARTESIAN_POINT ('', (7.76727626367381, -101.559477916881, 79.3038565315865));
#3297 = TRIMMED_CURVE ('', #3294, (#3295), (#3296), .T., .CARTESIAN.);
#3298 = CARTESIAN_POINT ('', (7.76727626367381, -101.559477916881, 79.3038565315865));
#3299 = DIRECTION ('', (-0.13725077222189, -2.28160041204842, 1.32486596515227));
#3300 = VECTOR ('', #3299, 2.64193263357601);
#3301 = LINE ('', #3298, #3300);
#3302 = CARTESIAN_POINT ('', (7.76727626367381, -101.559477916881, 79.3038565315865));
#3303 = CARTESIAN_POINT ('', (7.63002549145192, -103.841078328929, 80.6287224967388));
#3304 = TRIMMED_CURVE ('', #3301, (#3302), (#3303), .T., .CARTESIAN.);
#3305 = CARTESIAN_POINT ('', (7.63002549145192, -103.841078328929, 80.6287224967388));
#3306 = DIRECTION ('', (-0.684672207761389, -8.89884310698523, 5.28525558665137));
#3307 = VECTOR ('', #3306, 10.372661726435);
#3308 = LINE ('', #3305, #3307);
#3309 = CARTESIAN_POINT ('', (7.63002549145192, -103.841078328929, 80.6287224967388));
#3310 = CARTESIAN_POINT ('', (6.94535328369053, -112.739921435914, 85.9139780833902));
#3311 = TRIMMED_CURVE ('', #3308, (#3309), (#3310), .T., .CARTESIAN.);
#3312 = CARTESIAN_POINT ('', (6.94535328369053, -112.739921435914, 85.9139780833902));
#3313 = DIRECTION ('', (-0.314563874610942, -4.96646050165843, 2.93614140563676));
#3314 = VECTOR ('', #3313, 5.77802792478872);
#3315 = LINE ('', #3312, #3314);
#3316 = CARTESIAN_POINT ('', (6.94535328369053, -112.739921435914, 85.9139780833902));
#3317 = CARTESIAN_POINT ('', (6.63078940907959, -117.706381937573, 88.8501194890269));
#3318 = TRIMMED_CURVE ('', #3315, (#3316), (#3317), .T., .CARTESIAN.);
#3319 = CARTESIAN_POINT ('', (6.63078940907959, -117.706381937573, 88.8501194890269));
#3320 = DIRECTION ('', (-3.72465354706566, -30.9365558478298, 18.4632385655375));
#3321 = VECTOR ('', #3320, 36.2192588286882);
#3322 = LINE ('', #3319, #3321);
#3323 = CARTESIAN_POINT ('', (6.63078940907959, -117.706381937573, 88.8501194890269));
#3324 = CARTESIAN_POINT ('', (2.90613586201393, -148.642937785402, 107.313358054564));
#3325 = TRIMMED_CURVE ('', #3322, (#3323), (#3324), .T., .CARTESIAN.);
#3326 = CARTESIAN_POINT ('', (2.90613586201393, -148.642937785402, 107.313358054564));
#3327 = DIRECTION ('', (-0.256747413964588, -3.11085308831912, 1.84669332220734));
#3328 = VECTOR ('', #3327, 3.62678954420673);
#3329 = LINE ('', #3326, #3328);
#3330 = CARTESIAN_POINT ('', (2.90613586201393, -148.642937785402, 107.313358054564));
#3331 = CARTESIAN_POINT ('', (2.64938844804934, -151.753790873722, 109.160051376772));
#3332 = TRIMMED_CURVE ('', #3329, (#3330), (#3331), .T., .CARTESIAN.);
#3333 = CARTESIAN_POINT ('', (2.64938844804934, -151.753790873722, 109.160051376772));
#3334 = DIRECTION ('', (-2.65026102418786, -31.952861387855, 18.3462810792753));
#3335 = VECTOR ('', #3334, 36.9404285818069);
#3336 = LINE ('', #3333, #3335);
#3337 = CARTESIAN_POINT ('', (2.64938844804934, -151.753790873722, 109.160051376772));
#3338 = CARTESIAN_POINT ('', (-0.000872576138524206, -183.706652261576, 127.506332456047));
#3339 = TRIMMED_CURVE ('', #3336, (#3337), (#3338), .T., .CARTESIAN.);
#3340 = CARTESIAN_POINT ('', (0., 0., -67.42));
#3341 = DIRECTION ('', (-6.47024876075266, 0., 49.3487860767358));
#3342 = VECTOR ('', #3341, 49.771144313482);
#3343 = LINE ('', #3340, #3342);
#3344 = CARTESIAN_POINT ('', (0., 0., -67.42));
#3345 = CARTESIAN_POINT ('', (-6.47024876075266, 0., -18.0712139232642));
#3346 = TRIMMED_CURVE ('', #3343, (#3344), (#3345), .T., .CARTESIAN.);
#3347 = CARTESIAN_POINT ('', (-6.47024876075266, 0., -18.0712139232642));
#3348 = DIRECTION ('', (-0.591354923735769, 0., 11.6699833206937));
#3349 = VECTOR ('', #3348, 11.6849566259826);
#3350 = LINE ('', #3347, #3349);
#3351 = CARTESIAN_POINT ('', (-6.47024876075266, 0., -18.0712139232642));
#3352 = CARTESIAN_POINT ('', (-7.06160368448843, 0., -6.40123060257058));
#3353 = TRIMMED_CURVE ('', #3350, (#3351), (#3352), .T., .CARTESIAN.);
#3354 = CARTESIAN_POINT ('', (-7.06160368448843, 0., -6.40123060257058));
#3355 = DIRECTION ('', (-0.368113104478162, 0., 1.15942623477977));
#3356 = VECTOR ('', #3355, 1.21646062475698);
#3357 = LINE ('', #3354, #3356);
#3358 = CARTESIAN_POINT ('', (-7.06160368448843, 0., -6.40123060257058));
#3359 = CARTESIAN_POINT ('', (-7.42971678896659, 0., -5.24180436779081));
#3360 = TRIMMED_CURVE ('', #3357, (#3358), (#3359), .T., .CARTESIAN.);
#3361 = CARTESIAN_POINT ('', (-7.42971678896659, 0., -5.24180436779081));
#3362 = DIRECTION ('', (-0.400572854851138, 0., 4.28714321683621));
#3363 = VECTOR ('', #3362, 4.30581648165691);
#3364 = LINE ('', #3361, #3363);
#3365 = CARTESIAN_POINT ('', (-7.42971678896659, 0., -5.24180436779081));
#3366 = CARTESIAN_POINT ('', (-7.83028964381773, 0., -0.954661150954605));
#3367 = TRIMMED_CURVE ('', #3364, (#3365), (#3366), .T., .CARTESIAN.);
#3368 = CARTESIAN_POINT ('', (-7.83028964381773, 0., -0.954661150954605));
#3369 = DIRECTION ('', (-0.0044184051443148, 0., 20.9546611509546));
#3370 = VECTOR ('', #3369, 20.9546616167771);
#3371 = LINE ('', #3368, #3370);
#3372 = CARTESIAN_POINT ('', (-7.83028964381773, 0., -0.954661150954605));
#3373 = CARTESIAN_POINT ('', (-7.83470804896204, 0., 20.));
#3374 = TRIMMED_CURVE ('', #3371, (#3372), (#3373), .T., .CARTESIAN.);
#3375 = CARTESIAN_POINT ('', (-7.83470804896204, 0., 20.));
#3376 = DIRECTION ('', (-0.000231819833054203, -0.271326301097203, 1.57318764893533));
#3377 = VECTOR ('', #3376, 1.59641391693076);
#3378 = LINE ('', #3375, #3377);
#3379 = CARTESIAN_POINT ('', (-7.83470804896204, 0., 20.));
#3380 = CARTESIAN_POINT ('', (-7.8349398687951, -0.271326301097203, 21.5731876489353));
#3381 = TRIMMED_CURVE ('', #3378, (#3379), (#3380), .T., .CARTESIAN.);
#3382 = CARTESIAN_POINT ('', (-7.8349398687951, -0.271326301097203, 21.5731876489353));
#3383 = DIRECTION ('', (-7.18090493290191E-6, -0.0101617934261489, 0.0517995422557505));
#3384 = VECTOR ('', #3383, 0.0527868797629335);
#3385 = LINE ('', #3382, #3384);
#3386 = CARTESIAN_POINT ('', (-7.8349398687951, -0.271326301097203, 21.5731876489353));
#3387 = CARTESIAN_POINT ('', (-7.83494704970003, -0.281488094523351, 21.6249871911911));
#3388 = TRIMMED_CURVE ('', #3385, (#3386), (#3387), .T., .CARTESIAN.);
#3389 = CARTESIAN_POINT ('', (-7.83494704970003, -0.281488094523351, 21.6249871911911));
#3390 = DIRECTION ('', (-8.21378851778576E-6, -0.0437457055532936, 0.0325658544293574));
#3391 = VECTOR ('', #3390, 0.0545364254103245);
#3392 = LINE ('', #3389, #3391);
#3393 = CARTESIAN_POINT ('', (-7.83494704970003, -0.281488094523351, 21.6249871911911));
#3394 = CARTESIAN_POINT ('', (-7.83495526348855, -0.325233800076645, 21.6575530456204));
#3395 = TRIMMED_CURVE ('', #3392, (#3393), (#3394), .T., .CARTESIAN.);
#3396 = CARTESIAN_POINT ('', (-7.83495526348855, -0.325233800076645, 21.6575530456204));
#3397 = DIRECTION ('', (-0.000236011098966316, -1.28843858186383, 0.990681953392897));
#3398 = VECTOR ('', #3397, 1.62527682802496);
#3399 = LINE ('', #3396, #3398);
#3400 = CARTESIAN_POINT ('', (-7.83495526348855, -0.325233800076645, 21.6575530456204));
#3401 = CARTESIAN_POINT ('', (-7.83519127458751, -1.61367238194047, 22.6482349990133));
#3402 = TRIMMED_CURVE ('', #3399, (#3400), (#3401), .T., .CARTESIAN.);
#3403 = CARTESIAN_POINT ('', (-7.83519127458751, -1.61367238194047, 22.6482349990133));
#3404 = DIRECTION ('', (-0.0215946424265629, -91.8830975488173, 45.2350581190563));
#3405 = VECTOR ('', #3404, 102.414425568513);
#3406 = LINE ('', #3403, #3405);
#3407 = CARTESIAN_POINT ('', (-7.83519127458751, -1.61367238194047, 22.6482349990133));
#3408 = CARTESIAN_POINT ('', (-7.85678591701408, -93.4967699307578, 67.8832931180696));
#3409 = TRIMMED_CURVE ('', #3406, (#3407), (#3408), .T., .CARTESIAN.);
#3410 = CARTESIAN_POINT ('', (-7.85678591701408, -93.4967699307578, 67.8832931180696));
#3411 = DIRECTION ('', (0.0572354860786106, -4.78316286355481, 2.61152560441612));
#3412 = VECTOR ('', #3411, 5.44995310646591);
#3413 = LINE ('', #3410, #3412);
#3414 = CARTESIAN_POINT ('', (-7.85678591701408, -93.4967699307578, 67.8832931180696));
#3415 = CARTESIAN_POINT ('', (-7.79955043093547, -98.2799327943126, 70.4948187224858));
#3416 = TRIMMED_CURVE ('', #3413, (#3414), (#3415), .T., .CARTESIAN.);
#3417 = CARTESIAN_POINT ('', (-7.79955043093547, -98.2799327943126, 70.4948187224858));
#3418 = DIRECTION ('', (0.0310549178980315, -6.19241246606752, 3.3048092948777));
#3419 = VECTOR ('', #3418, 7.01916669080769);
#3420 = LINE ('', #3417, #3419);
#3421 = CARTESIAN_POINT ('', (-7.79955043093547, -98.2799327943126, 70.4948187224858));
#3422 = CARTESIAN_POINT ('', (-7.76849551303743, -104.47234526038, 73.7996280173635));
#3423 = TRIMMED_CURVE ('', #3420, (#3421), (#3422), .T., .CARTESIAN.);
#3424 = CARTESIAN_POINT ('', (-7.76849551303743, -104.47234526038, 73.7996280173635));
#3425 = DIRECTION ('', (0.169962447765728, -2.85130178336783, 1.59642171328041));
#3426 = VECTOR ('', #3425, 3.27221200109654);
#3427 = LINE ('', #3424, #3426);
#3428 = CARTESIAN_POINT ('', (-7.76849551303743, -104.47234526038, 73.7996280173635));
#3429 = CARTESIAN_POINT ('', (-7.59853306527171, -107.323647043748, 75.3960497306439));
#3430 = TRIMMED_CURVE ('', #3427, (#3428), (#3429), .T., .CARTESIAN.);
#3431 = CARTESIAN_POINT ('', (-7.59853306527171, -107.323647043748, 75.3960497306439));
#3432 = DIRECTION ('', (0.638558654037285, -8.20911057481482, 5.08749184304867));
#3433 = VECTOR ('', #3432, 9.67883396062093);
#3434 = LINE ('', #3431, #3433);
#3435 = CARTESIAN_POINT ('', (-7.59853306527171, -107.323647043748, 75.3960497306439));
#3436 = CARTESIAN_POINT ('', (-6.95997441123442, -115.532757618563, 80.4835415736925));
#3437 = TRIMMED_CURVE ('', #3434, (#3435), (#3436), .T., .CARTESIAN.);
#3438 = CARTESIAN_POINT ('', (-6.95997441123442, -115.532757618563, 80.4835415736925));
#3439 = DIRECTION ('', (0.3313231360902, -5.19472599261292, 3.1542963182487));
#3440 = VECTOR ('', #3439, 6.08642246497515);
#3441 = LINE ('', #3438, #3440);
#3442 = CARTESIAN_POINT ('', (-6.95997441123442, -115.532757618563, 80.4835415736925));
#3443 = CARTESIAN_POINT ('', (-6.62865127514422, -120.727483611176, 83.6378378919412));
#3444 = TRIMMED_CURVE ('', #3441, (#3442), (#3443), .T., .CARTESIAN.);
#3445 = CARTESIAN_POINT ('', (-6.62865127514422, -120.727483611176, 83.6378378919412));
#3446 = DIRECTION ('', (3.7251893179586, -30.4827395039732, 19.299688258388));
#3447 = VECTOR ('', #3446, 36.270544660822);
#3448 = LINE ('', #3445, #3447);
#3449 = CARTESIAN_POINT ('', (-6.62865127514422, -120.727483611176, 83.6378378919412));
#3450 = CARTESIAN_POINT ('', (-2.90346195718562, -151.210223115149, 102.937526150329));
#3451 = TRIMMED_CURVE ('', #3448, (#3449), (#3450), .T., .CARTESIAN.);
#3452 = CARTESIAN_POINT ('', (-2.90346195718562, -151.210223115149, 102.937526150329));
#3453 = DIRECTION ('', (0.292829626779141, -3.5123353281094, 2.1719500986549));
#3454 = VECTOR ('', #3453, 4.140001917687);
#3455 = LINE ('', #3452, #3454);
#3456 = CARTESIAN_POINT ('', (-2.90346195718562, -151.210223115149, 102.937526150329));
#3457 = CARTESIAN_POINT ('', (-2.61063233040648, -154.722558443258, 105.109476248984));
#3458 = TRIMMED_CURVE ('', #3455, (#3456), (#3457), .T., .CARTESIAN.);
#3459 = CARTESIAN_POINT ('', (-2.61063233040648, -154.722558443258, 105.109476248984));
#3460 = DIRECTION ('', (2.61284981980344, -32.1264644597948, 17.0408151201678));
#3461 = VECTOR ('', #3460, 36.459924339294);
#3462 = LINE ('', #3459, #3461);
#3463 = CARTESIAN_POINT ('', (-2.61063233040648, -154.722558443258, 105.109476248984));
#3464 = CARTESIAN_POINT ('', (0.00221748939696376, -186.849022903053, 122.150291369152));
#3465 = TRIMMED_CURVE ('', #3462, (#3463), (#3464), .T., .CARTESIAN.);
#3466 = CARTESIAN_POINT ('', (0., 0., -67.42));
#3467 = DIRECTION ('', (-2.2519306713646, 0., 49.2180147637125));
#3468 = VECTOR ('', #3467, 49.269505467679);
#3469 = LINE ('', #3466, #3468);
#3470 = CARTESIAN_POINT ('', (0., 0., -67.42));
#3471 = CARTESIAN_POINT ('', (-2.2519306713646, 0., -18.2019852362875));
#3472 = TRIMMED_CURVE ('', #3469, (#3470), (#3471), .T., .CARTESIAN.);
#3473 = CARTESIAN_POINT ('', (-2.2519306713646, 0., -18.2019852362875));
#3474 = DIRECTION ('', (-0.198115379244938, 0., 11.0528728867594));
#3475 = VECTOR ('', #3474, 11.0546482872299);
#3476 = LINE ('', #3473, #3475);
#3477 = CARTESIAN_POINT ('', (-2.2519306713646, 0., -18.2019852362875));
#3478 = CARTESIAN_POINT ('', (-2.45004605060954, 0., -7.1491123495281));
#3479 = TRIMMED_CURVE ('', #3476, (#3477), (#3478), .T., .CARTESIAN.);
#3480 = CARTESIAN_POINT ('', (-2.45004605060954, 0., -7.1491123495281));
#3481 = DIRECTION ('', (-0.116229152945413, 0., 1.15030917705622));
#3482 = VECTOR ('', #3481, 1.15616625915747);
#3483 = LINE ('', #3480, #3482);
#3484 = CARTESIAN_POINT ('', (-2.45004605060954, 0., -7.1491123495281));
#3485 = CARTESIAN_POINT ('', (-2.56627520355495, 0., -5.99880317247188));
#3486 = TRIMMED_CURVE ('', #3483, (#3484), (#3485), .T., .CARTESIAN.);
#3487 = CARTESIAN_POINT ('', (-2.56627520355495, 0., -5.99880317247188));
#3488 = DIRECTION ('', (-0.18929851058281, 0., 5.8820985627761));
#3489 = VECTOR ('', #3488, 5.88514378994443);
#3490 = LINE ('', #3487, #3489);
#3491 = CARTESIAN_POINT ('', (-2.56627520355495, 0., -5.99880317247188));
#3492 = CARTESIAN_POINT ('', (-2.75557371413776, 0., -0.116704609695784));
#3493 = TRIMMED_CURVE ('', #3490, (#3491), (#3492), .T., .CARTESIAN.);
#3494 = CARTESIAN_POINT ('', (-2.75557371413776, 0., -0.116704609695784));
#3495 = DIRECTION ('', (0.000245441391416801, 0., 20.1167046096958));
#3496 = VECTOR ('', #3495, 20.1167046111931);
#3497 = LINE ('', #3494, #3496);
#3498 = CARTESIAN_POINT ('', (-2.75557371413776, 0., -0.116704609695784));
#3499 = CARTESIAN_POINT ('', (-2.75532827274635, 0., 20.));
#3500 = TRIMMED_CURVE ('', #3497, (#3498), (#3499), .T., .CARTESIAN.);
#3501 = CARTESIAN_POINT ('', (-2.75532827274635, 0., 20.));
#3502 = DIRECTION ('', (1.34139494840646E-5, -0.271326294841979, 1.57318765251773));
#3503 = VECTOR ('', #3502, 1.59641390262264);
#3504 = LINE ('', #3501, #3503);
#3505 = CARTESIAN_POINT ('', (-2.75532827274635, 0., 20.));
#3506 = CARTESIAN_POINT ('', (-2.75531485879686, -0.271326294841979, 21.5731876525177));
#3507 = TRIMMED_CURVE ('', #3504, (#3505), (#3506), .T., .CARTESIAN.);
#3508 = CARTESIAN_POINT ('', (-2.75531485879686, -0.271326294841979, 21.5731876525177));
#3509 = DIRECTION ('', (4.15513611962126E-7, -0.0101617932144275, 0.0517995423770046));
#3510 = VECTOR ('', #3509, 0.0527868793543673);
#3511 = LINE ('', #3508, #3510);
#3512 = CARTESIAN_POINT ('', (-2.75531485879686, -0.271326294841979, 21.5731876525177));
#3513 = CARTESIAN_POINT ('', (-2.75531444328325, -0.281488088056406, 21.6249871948947));
#3514 = TRIMMED_CURVE ('', #3511, (#3512), (#3513), .T., .CARTESIAN.);
#3515 = CARTESIAN_POINT ('', (-2.75531444328325, -0.281488088056406, 21.6249871948947));
#3516 = DIRECTION ('', (4.75280056644323E-7, -0.0437457048563614, 0.0325658548284942));
#3517 = VECTOR ('', #3516, 0.0545364244731567);
#3518 = LINE ('', #3515, #3517);
#3519 = CARTESIAN_POINT ('', (-2.75531444328325, -0.281488088056406, 21.6249871948947));
#3520 = CARTESIAN_POINT ('', (-2.75531396800319, -0.325233792912768, 21.6575530497232));
#3521 = TRIMMED_CURVE ('', #3518, (#3519), (#3520), .T., .CARTESIAN.);
#3522 = CARTESIAN_POINT ('', (-2.75531396800319, -0.325233792912768, 21.6575530497232));
#3523 = DIRECTION ('', (1.36564714758869E-5, -1.28843856260969, 0.990681964419853));
#3524 = VECTOR ('', #3523, 1.62527680240413);
#3525 = LINE ('', #3522, #3524);
#3526 = CARTESIAN_POINT ('', (-2.75531396800319, -0.325233792912768, 21.6575530497232));
#3527 = CARTESIAN_POINT ('', (-2.75530031153172, -1.61367235552245, 22.6482350141431));
#3528 = TRIMMED_CURVE ('', #3525, (#3526), (#3527), .T., .CARTESIAN.);
#3529 = CARTESIAN_POINT ('', (-2.75530031153172, -1.61367235552245, 22.6482350141431));
#3530 = DIRECTION ('', (0.00124852463149772, -91.8080254845621, 45.1981025357129));
#3531 = VECTOR ('', #3530, 102.330748154021);
#3532 = LINE ('', #3529, #3531);
#3533 = CARTESIAN_POINT ('', (-2.75530031153172, -1.61367235552245, 22.6482350141431));
#3534 = CARTESIAN_POINT ('', (-2.75405178690022, -93.4216978400846, 67.846337549856));
#3535 = TRIMMED_CURVE ('', #3532, (#3533), (#3534), .T., .CARTESIAN.);
#3536 = CARTESIAN_POINT ('', (-2.75405178690022, -93.4216978400846, 67.846337549856));
#3537 = DIRECTION ('', (0.0195874332882711, -4.61017417497965, 2.51702719483286));
#3538 = VECTOR ('', #3537, 5.25257227372649);
#3539 = LINE ('', #3536, #3538);
#3540 = CARTESIAN_POINT ('', (-2.75405178690022, -93.4216978400846, 67.846337549856));
#3541 = CARTESIAN_POINT ('', (-2.73446435361195, -98.0318720150642, 70.3633647446889));
#3542 = TRIMMED_CURVE ('', #3539, (#3540), (#3541), .T., .CARTESIAN.);
#3543 = CARTESIAN_POINT ('', (-2.73446435361195, -98.0318720150642, 70.3633647446889));
#3544 = DIRECTION ('', (0.012120912878276, -6.64893274210763, 3.54859669472566));
#3545 = VECTOR ('', #3544, 7.53664328646499);
#3546 = LINE ('', #3543, #3545);
#3547 = CARTESIAN_POINT ('', (-2.73446435361195, -98.0318720150642, 70.3633647446889));
#3548 = CARTESIAN_POINT ('', (-2.72234344073367, -104.680804757172, 73.9119614394146));
#3549 = TRIMMED_CURVE ('', #3546, (#3547), (#3548), .T., .CARTESIAN.);
#3550 = CARTESIAN_POINT ('', (-2.72234344073367, -104.680804757172, 73.9119614394146));
#3551 = DIRECTION ('', (0.049930116023809, -2.38884105248958, 1.33724216379889));
#3552 = VECTOR ('', #3551, 2.73811453288339);
#3553 = LINE ('', #3550, #3552);
#3554 = CARTESIAN_POINT ('', (-2.72234344073367, -104.680804757172, 73.9119614394146));
#3555 = CARTESIAN_POINT ('', (-2.67241332470986, -107.069645809661, 75.2492036032134));
#3556 = TRIMMED_CURVE ('', #3553, (#3554), (#3555), .T., .CARTESIAN.);
#3557 = CARTESIAN_POINT ('', (-2.67241332470986, -107.069645809661, 75.2492036032134));
#3558 = DIRECTION ('', (0.236463634291304, -8.66961380482824, 5.37131629417958));
#3559 = VECTOR ('', #3558, 10.2014291796458);
#3560 = LINE ('', #3557, #3559);
#3561 = CARTESIAN_POINT ('', (-2.67241332470986, -107.069645809661, 75.2492036032134));
#3562 = CARTESIAN_POINT ('', (-2.43594969041856, -115.73925961449, 80.620519897393));
#3563 = TRIMMED_CURVE ('', #3560, (#3561), (#3562), .T., .CARTESIAN.);
#3564 = CARTESIAN_POINT ('', (-2.43594969041856, -115.73925961449, 80.620519897393));
#3565 = DIRECTION ('', (0.11209929426813, -5.00176437356535, 3.03697480281336));
#3566 = VECTOR ('', #3565, 5.85264291182764);
#3567 = LINE ('', #3564, #3566);
#3568 = CARTESIAN_POINT ('', (-2.43594969041856, -115.73925961449, 80.620519897393));
#3569 = CARTESIAN_POINT ('', (-2.32385039615043, -120.741023988055, 83.6574947002064));
#3570 = TRIMMED_CURVE ('', #3567, (#3568), (#3569), .T., .CARTESIAN.);
#3571 = CARTESIAN_POINT ('', (-2.32385039615043, -120.741023988055, 83.6574947002064));
#3572 = DIRECTION ('', (1.30336113678322, -30.4679449129738, 19.2821692063348));
#3573 = VECTOR ('', #3572, 36.0804166657566);
#3574 = LINE ('', #3571, #3573);
#3575 = CARTESIAN_POINT ('', (-2.32385039615043, -120.741023988055, 83.6574947002064));
#3576 = CARTESIAN_POINT ('', (-1.02048925936721, -151.208968901029, 102.939663906541));
#3577 = TRIMMED_CURVE ('', #3574, (#3575), (#3576), .T., .CARTESIAN.);
#3578 = CARTESIAN_POINT ('', (-1.02048925936721, -151.208968901029, 102.939663906541));
#3579 = DIRECTION ('', (0.100812010824657, -3.44563239791941, 2.13034803970149));
#3580 = VECTOR ('', #3579, 4.05227447902759);
#3581 = LINE ('', #3578, #3580);
#3582 = CARTESIAN_POINT ('', (-1.02048925936721, -151.208968901029, 102.939663906541));
#3583 = CARTESIAN_POINT ('', (-0.919677248542557, -154.654601298948, 105.070011946243));
#3584 = TRIMMED_CURVE ('', #3581, (#3582), (#3583), .T., .CARTESIAN.);
#3585 = CARTESIAN_POINT ('', (-0.919677248542557, -154.654601298948, 105.070011946243));
#3586 = DIRECTION ('', (0.918270560805486, -32.1947148426224, 17.0797796099568));
#3587 = VECTOR ('', #3586, 36.4562992656318);
#3588 = LINE ('', #3585, #3587);
#3589 = CARTESIAN_POINT ('', (-0.919677248542557, -154.654601298948, 105.070011946243));
#3590 = CARTESIAN_POINT ('', (-0.00140668773707109, -186.849316141571, 122.149791556199));
#3591 = TRIMMED_CURVE ('', #3588, (#3589), (#3590), .T., .CARTESIAN.);
#3592 = CARTESIAN_POINT ('', (0., 0., -67.42));
#3593 = DIRECTION ('', (0., 0., 49.2));
#3594 = VECTOR ('', #3593, 49.2);
#3595 = LINE ('', #3592, #3594);
#3596 = CARTESIAN_POINT ('', (0., 0., -67.42));
#3597 = CARTESIAN_POINT ('', (0., 0., -18.22));
#3598 = TRIMMED_CURVE ('', #3595, (#3596), (#3597), .T., .CARTESIAN.);
#3599 = CARTESIAN_POINT ('', (0., 0., -18.22));
#3600 = DIRECTION ('', (0., 0., 10.97));
#3601 = VECTOR ('', #3600, 10.97);
#3602 = LINE ('', #3599, #3601);
#3603 = CARTESIAN_POINT ('', (0., 0., -18.22));
#3604 = CARTESIAN_POINT ('', (0., 0., -7.25));
#3605 = TRIMMED_CURVE ('', #3602, (#3603), (#3604), .T., .CARTESIAN.);
#3606 = CARTESIAN_POINT ('', (0., 0., -7.25));
#3607 = DIRECTION ('', (0., 0., 1.15));
#3608 = VECTOR ('', #3607, 1.15);
#3609 = LINE ('', #3606, #3608);
#3610 = CARTESIAN_POINT ('', (0., 0., -7.25));
#3611 = CARTESIAN_POINT ('', (0., 0., -6.1));
#3612 = TRIMMED_CURVE ('', #3609, (#3610), (#3611), .T., .CARTESIAN.);
#3613 = CARTESIAN_POINT ('', (0., 0., -6.1));
#3614 = DIRECTION ('', (0., 0., 6.1));
#3615 = VECTOR ('', #3614, 6.1);
#3616 = LINE ('', #3613, #3615);
#3617 = CARTESIAN_POINT ('', (0., 0., -6.1));
#3618 = CARTESIAN_POINT ('', (0., 0., 0.));
#3619 = TRIMMED_CURVE ('', #3616, (#3617), (#3618), .T., .CARTESIAN.);
#3620 = CARTESIAN_POINT ('', (0., 0., 0.));
#3621 = DIRECTION ('', (0., 0., 20.));
#3622 = VECTOR ('', #3621, 20.);
#3623 = LINE ('', #3620, #3622);
#3624 = CARTESIAN_POINT ('', (0., 0., 0.));
#3625 = CARTESIAN_POINT ('', (0., 0., 20.));
#3626 = TRIMMED_CURVE ('', #3623, (#3624), (#3625), .T., .CARTESIAN.);
#3627 = CARTESIAN_POINT ('', (0., 0., 20.));
#3628 = DIRECTION ('', (0., -0.271326294820964, 1.57318765252977));
#3629 = VECTOR ('', #3628, 1.59641390257458);
#3630 = LINE ('', #3627, #3629);
#3631 = CARTESIAN_POINT ('', (0., 0., 20.));
#3632 = CARTESIAN_POINT ('', (0., -0.271326294820964, 21.5731876525298));
#3633 = TRIMMED_CURVE ('', #3630, (#3631), (#3632), .T., .CARTESIAN.);
#3634 = CARTESIAN_POINT ('', (0., -0.271326294820964, 21.5731876525298));
#3635 = DIRECTION ('', (0., -0.0101617932137162, 0.0517995423774131));
#3636 = VECTOR ('', #3635, 0.0527868793529959);
#3637 = LINE ('', #3634, #3636);
#3638 = CARTESIAN_POINT ('', (0., -0.271326294820964, 21.5731876525298));
#3639 = CARTESIAN_POINT ('', (0., -0.281488088034681, 21.6249871949072));
#3640 = TRIMMED_CURVE ('', #3637, (#3638), (#3639), .T., .CARTESIAN.);
#3641 = CARTESIAN_POINT ('', (0., -0.281488088034681, 21.6249871949072));
#3642 = DIRECTION ('', (0., -0.0437457048540201, 0.03256585482983));
#3643 = VECTOR ('', #3642, 0.0545364244700054);
#3644 = LINE ('', #3641, #3643);
#3645 = CARTESIAN_POINT ('', (0., -0.281488088034681, 21.6249871949072));
#3646 = CARTESIAN_POINT ('', (0., -0.325233792888701, 21.657553049737));
#3647 = TRIMMED_CURVE ('', #3644, (#3645), (#3646), .T., .CARTESIAN.);
#3648 = CARTESIAN_POINT ('', (0., -0.325233792888701, 21.657553049737));
#3649 = DIRECTION ('', (0., -1.288438562545, 0.990681964456897));
#3650 = VECTOR ('', #3649, 1.62527680231806);
#3651 = LINE ('', #3648, #3650);
#3652 = CARTESIAN_POINT ('', (0., -0.325233792888701, 21.657553049737));
#3653 = CARTESIAN_POINT ('', (0., -1.6136723554337, 22.6482350141939));
#3654 = TRIMMED_CURVE ('', #3651, (#3652), (#3653), .T., .CARTESIAN.);
#3655 = CARTESIAN_POINT ('', (0., -1.6136723554337, 22.6482350141939));
#3656 = DIRECTION ('', (0., -91.7975107725719, 45.1929260379545));
#3657 = VECTOR ('', #3656, 102.319028278774);
#3658 = LINE ('', #3655, #3657);
#3659 = CARTESIAN_POINT ('', (0., -1.6136723554337, 22.6482350141939));
#3660 = CARTESIAN_POINT ('', (0., -93.4111831280056, 67.8411610521484));
#3661 = TRIMMED_CURVE ('', #3658, (#3659), (#3660), .T., .CARTESIAN.);
#3662 = CARTESIAN_POINT ('', (0., -93.4111831280056, 67.8411610521484));
#3663 = DIRECTION ('', (0., -4.58598368197694, 2.50381301489273));
#3664 = VECTOR ('', #3663, 5.22497138220919);
#3665 = LINE ('', #3662, #3664);
#3666 = CARTESIAN_POINT ('', (0., -93.4111831280056, 67.8411610521484));
#3667 = CARTESIAN_POINT ('', (0., -97.9971668099826, 70.3449740670412));
#3668 = TRIMMED_CURVE ('', #3665, (#3666), (#3667), .T., .CARTESIAN.);
#3669 = CARTESIAN_POINT ('', (0., -97.9971668099826, 70.3449740670412));
#3670 = DIRECTION ('', (0., -6.71278540237513, 3.58269629400563));
#3671 = VECTOR ('', #3670, 7.60902100098445);
#3672 = LINE ('', #3669, #3671);
#3673 = CARTESIAN_POINT ('', (0., -97.9971668099826, 70.3449740670412));
#3674 = CARTESIAN_POINT ('', (0., -104.709952212358, 73.9276703610468));
#3675 = TRIMMED_CURVE ('', #3672, (#3673), (#3674), .T., .CARTESIAN.);
#3676 = CARTESIAN_POINT ('', (0., -104.709952212358, 73.9276703610468));
#3677 = DIRECTION ('', (0., -2.32390232207024, 1.30085604450379));
#3678 = VECTOR ('', #3677, 2.66322144235989);
#3679 = LINE ('', #3676, #3678);
#3680 = CARTESIAN_POINT ('', (0., -104.709952212358, 73.9276703610468));
#3681 = CARTESIAN_POINT ('', (0., -107.033854534428, 75.2285264055506));
#3682 = TRIMMED_CURVE ('', #3679, (#3680), (#3681), .T., .CARTESIAN.);
#3683 = CARTESIAN_POINT ('', (0., -107.033854534428, 75.2285264055506));
#3684 = DIRECTION ('', (0., -8.73417875688151, 5.41109586821462));
#3685 = VECTOR ('', #3684, 10.2745236897955);
#3686 = LINE ('', #3683, #3685);
#3687 = CARTESIAN_POINT ('', (0., -107.033854534428, 75.2285264055506));
#3688 = CARTESIAN_POINT ('', (0., -115.768033291309, 80.6396222737652));
#3689 = TRIMMED_CURVE ('', #3686, (#3687), (#3688), .T., .CARTESIAN.);
#3690 = CARTESIAN_POINT ('', (0., -115.768033291309, 80.6396222737652));
#3691 = DIRECTION ('', (0., -4.97488524863725, 3.02063163662153));
#3692 = VECTOR ('', #3691, 5.82011157292258);
#3693 = LINE ('', #3690, #3692);
#3694 = CARTESIAN_POINT ('', (0., -115.768033291309, 80.6396222737652));
#3695 = CARTESIAN_POINT ('', (0., -120.742918539947, 83.6602539103867));
#3696 = TRIMMED_CURVE ('', #3693, (#3694), (#3695), .T., .CARTESIAN.);
#3697 = CARTESIAN_POINT ('', (0., -120.742918539947, 83.6602539103867));
#3698 = DIRECTION ('', (0., -30.465876839815, 19.2797057559938));
#3699 = VECTOR ('', #3698, 36.0538029291845);
#3700 = LINE ('', #3697, #3699);
#3701 = CARTESIAN_POINT ('', (0., -120.742918539947, 83.6602539103867));
#3702 = CARTESIAN_POINT ('', (0., -151.208795379762, 102.939959666381));
#3703 = TRIMMED_CURVE ('', #3700, (#3701), (#3702), .T., .CARTESIAN.);
#3704 = CARTESIAN_POINT ('', (0., -151.208795379762, 102.939959666381));
#3705 = DIRECTION ('', (0., -3.43619357701155, 2.12446155697707));
#3706 = VECTOR ('', #3705, 4.03989643503009);
#3707 = LINE ('', #3704, #3706);
#3708 = CARTESIAN_POINT ('', (0., -151.208795379762, 102.939959666381));
#3709 = CARTESIAN_POINT ('', (0., -154.644988956773, 105.064421223358));
#3710 = TRIMMED_CURVE ('', #3707, (#3708), (#3709), .T., .CARTESIAN.);
#3711 = CARTESIAN_POINT ('', (0., -154.644988956773, 105.064421223358));
#3712 = DIRECTION ('', (0., -32.2043808483609, 17.0852788655122));
#3713 = VECTOR ('', #3712, 36.4558486355563);
#3714 = LINE ('', #3711, #3713);
#3715 = CARTESIAN_POINT ('', (0., -154.644988956773, 105.064421223358));
#3716 = CARTESIAN_POINT ('', (0., -186.849369805134, 122.14970008887));
#3717 = TRIMMED_CURVE ('', #3714, (#3715), (#3716), .T., .CARTESIAN.);
#3718 = CARTESIAN_POINT ('', (0., 0., -67.42));
#3719 = DIRECTION ('', (2.2519306713646, 0., 49.2180147637125));
#3720 = VECTOR ('', #3719, 49.269505467679);
#3721 = LINE ('', #3718, #3720);
#3722 = CARTESIAN_POINT ('', (0., 0., -67.42));
#3723 = CARTESIAN_POINT ('', (2.2519306713646, 0., -18.2019852362875));
#3724 = TRIMMED_CURVE ('', #3721, (#3722), (#3723), .T., .CARTESIAN.);
#3725 = CARTESIAN_POINT ('', (2.2519306713646, 0., -18.2019852362875));
#3726 = DIRECTION ('', (0.198115379244938, 0., 11.0528728867594));
#3727 = VECTOR ('', #3726, 11.0546482872299);
#3728 = LINE ('', #3725, #3727);
#3729 = CARTESIAN_POINT ('', (2.2519306713646, 0., -18.2019852362875));
#3730 = CARTESIAN_POINT ('', (2.45004605060954, 0., -7.1491123495281));
#3731 = TRIMMED_CURVE ('', #3728, (#3729), (#3730), .T., .CARTESIAN.);
#3732 = CARTESIAN_POINT ('', (2.45004605060954, 0., -7.1491123495281));
#3733 = DIRECTION ('', (0.116229152945413, 0., 1.15030917705622));
#3734 = VECTOR ('', #3733, 1.15616625915747);
#3735 = LINE ('', #3732, #3734);
#3736 = CARTESIAN_POINT ('', (2.45004605060954, 0., -7.1491123495281));
#3737 = CARTESIAN_POINT ('', (2.56627520355495, 0., -5.99880317247188));
#3738 = TRIMMED_CURVE ('', #3735, (#3736), (#3737), .T., .CARTESIAN.);
#3739 = CARTESIAN_POINT ('', (2.56627520355495, 0., -5.99880317247188));
#3740 = DIRECTION ('', (0.18929851058281, 0., 5.8820985627761));
#3741 = VECTOR ('', #3740, 5.88514378994443);
#3742 = LINE ('', #3739, #3741);
#3743 = CARTESIAN_POINT ('', (2.56627520355495, 0., -5.99880317247188));
#3744 = CARTESIAN_POINT ('', (2.75557371413776, 0., -0.116704609695784));
#3745 = TRIMMED_CURVE ('', #3742, (#3743), (#3744), .T., .CARTESIAN.);
#3746 = CARTESIAN_POINT ('', (2.75557371413776, 0., -0.116704609695784));
#3747 = DIRECTION ('', (-0.000245441391416801, 0., 20.1167046096958));
#3748 = VECTOR ('', #3747, 20.1167046111931);
#3749 = LINE ('', #3746, #3748);
#3750 = CARTESIAN_POINT ('', (2.75557371413776, 0., -0.116704609695784));
#3751 = CARTESIAN_POINT ('', (2.75532827274635, 0., 20.));
#3752 = TRIMMED_CURVE ('', #3749, (#3750), (#3751), .T., .CARTESIAN.);
#3753 = CARTESIAN_POINT ('', (2.75532827274635, 0., 20.));
#3754 = DIRECTION ('', (-1.34139494840646E-5, -0.271326294841979, 1.57318765251773));
#3755 = VECTOR ('', #3754, 1.59641390262264);
#3756 = LINE ('', #3753, #3755);
#3757 = CARTESIAN_POINT ('', (2.75532827274635, 0., 20.));
#3758 = CARTESIAN_POINT ('', (2.75531485879686, -0.271326294841979, 21.5731876525177));
#3759 = TRIMMED_CURVE ('', #3756, (#3757), (#3758), .T., .CARTESIAN.);
#3760 = CARTESIAN_POINT ('', (2.75531485879686, -0.271326294841979, 21.5731876525177));
#3761 = DIRECTION ('', (-4.15513611962126E-7, -0.0101617932144275, 0.0517995423770046));
#3762 = VECTOR ('', #3761, 0.0527868793543673);
#3763 = LINE ('', #3760, #3762);
#3764 = CARTESIAN_POINT ('', (2.75531485879686, -0.271326294841979, 21.5731876525177));
#3765 = CARTESIAN_POINT ('', (2.75531444328325, -0.281488088056406, 21.6249871948947));
#3766 = TRIMMED_CURVE ('', #3763, (#3764), (#3765), .T., .CARTESIAN.);
#3767 = CARTESIAN_POINT ('', (2.75531444328325, -0.281488088056406, 21.6249871948947));
#3768 = DIRECTION ('', (-4.75280056644323E-7, -0.0437457048563614, 0.0325658548284942));
#3769 = VECTOR ('', #3768, 0.0545364244731567);
#3770 = LINE ('', #3767, #3769);
#3771 = CARTESIAN_POINT ('', (2.75531444328325, -0.281488088056406, 21.6249871948947));
#3772 = CARTESIAN_POINT ('', (2.75531396800319, -0.325233792912768, 21.6575530497232));
#3773 = TRIMMED_CURVE ('', #3770, (#3771), (#3772), .T., .CARTESIAN.);
#3774 = CARTESIAN_POINT ('', (2.75531396800319, -0.325233792912768, 21.6575530497232));
#3775 = DIRECTION ('', (-1.36564714758869E-5, -1.28843856260969, 0.990681964419853));
#3776 = VECTOR ('', #3775, 1.62527680240413);
#3777 = LINE ('', #3774, #3776);
#3778 = CARTESIAN_POINT ('', (2.75531396800319, -0.325233792912768, 21.6575530497232));
#3779 = CARTESIAN_POINT ('', (2.75530031153172, -1.61367235552245, 22.6482350141431));
#3780 = TRIMMED_CURVE ('', #3777, (#3778), (#3779), .T., .CARTESIAN.);
#3781 = CARTESIAN_POINT ('', (2.75530031153172, -1.61367235552245, 22.6482350141431));
#3782 = DIRECTION ('', (-0.00124852463149772, -91.8080254845621, 45.1981025357129));
#3783 = VECTOR ('', #3782, 102.330748154021);
#3784 = LINE ('', #3781, #3783);
#3785 = CARTESIAN_POINT ('', (2.75530031153172, -1.61367235552245, 22.6482350141431));
#3786 = CARTESIAN_POINT ('', (2.75405178690022, -93.4216978400846, 67.846337549856));
#3787 = TRIMMED_CURVE ('', #3784, (#3785), (#3786), .T., .CARTESIAN.);
#3788 = CARTESIAN_POINT ('', (2.75405178690022, -93.4216978400846, 67.846337549856));
#3789 = DIRECTION ('', (-0.0195874332882711, -4.61017417497965, 2.51702719483286));
#3790 = VECTOR ('', #3789, 5.25257227372649);
#3791 = LINE ('', #3788, #3790);
#3792 = CARTESIAN_POINT ('', (2.75405178690022, -93.4216978400846, 67.846337549856));
#3793 = CARTESIAN_POINT ('', (2.73446435361195, -98.0318720150642, 70.3633647446889));
#3794 = TRIMMED_CURVE ('', #3791, (#3792), (#3793), .T., .CARTESIAN.);
#3795 = CARTESIAN_POINT ('', (2.73446435361195, -98.0318720150642, 70.3633647446889));
#3796 = DIRECTION ('', (-0.012120912878276, -6.64893274210763, 3.54859669472566));
#3797 = VECTOR ('', #3796, 7.53664328646499);
#3798 = LINE ('', #3795, #3797);
#3799 = CARTESIAN_POINT ('', (2.73446435361195, -98.0318720150642, 70.3633647446889));
#3800 = CARTESIAN_POINT ('', (2.72234344073367, -104.680804757172, 73.9119614394146));
#3801 = TRIMMED_CURVE ('', #3798, (#3799), (#3800), .T., .CARTESIAN.);
#3802 = CARTESIAN_POINT ('', (2.72234344073367, -104.680804757172, 73.9119614394146));
#3803 = DIRECTION ('', (-0.049930116023809, -2.38884105248958, 1.33724216379889));
#3804 = VECTOR ('', #3803, 2.73811453288339);
#3805 = LINE ('', #3802, #3804);
#3806 = CARTESIAN_POINT ('', (2.72234344073367, -104.680804757172, 73.9119614394146));
#3807 = CARTESIAN_POINT ('', (2.67241332470986, -107.069645809661, 75.2492036032134));
#3808 = TRIMMED_CURVE ('', #3805, (#3806), (#3807), .T., .CARTESIAN.);
#3809 = CARTESIAN_POINT ('', (2.67241332470986, -107.069645809661, 75.2492036032134));
#3810 = DIRECTION ('', (-0.236463634291304, -8.66961380482824, 5.37131629417958));
#3811 = VECTOR ('', #3810, 10.2014291796458);
#3812 = LINE ('', #3809, #3811);
#3813 = CARTESIAN_POINT ('', (2.67241332470986, -107.069645809661, 75.2492036032134));
#3814 = CARTESIAN_POINT ('', (2.43594969041856, -115.73925961449, 80.620519897393));
#3815 = TRIMMED_CURVE ('', #3812, (#3813), (#3814), .T., .CARTESIAN.);
#3816 = CARTESIAN_POINT ('', (2.43594969041856, -115.73925961449, 80.620519897393));
#3817 = DIRECTION ('', (-0.11209929426813, -5.00176437356535, 3.03697480281336));
#3818 = VECTOR ('', #3817, 5.85264291182764);
#3819 = LINE ('', #3816, #3818);
#3820 = CARTESIAN_POINT ('', (2.43594969041856, -115.73925961449, 80.620519897393));
#3821 = CARTESIAN_POINT ('', (2.32385039615043, -120.741023988055, 83.6574947002064));
#3822 = TRIMMED_CURVE ('', #3819, (#3820), (#3821), .T., .CARTESIAN.);
#3823 = CARTESIAN_POINT ('', (2.32385039615043, -120.741023988055, 83.6574947002064));
#3824 = DIRECTION ('', (-1.30336113678322, -30.4679449129738, 19.2821692063348));
#3825 = VECTOR ('', #3824, 36.0804166657566);
#3826 = LINE ('', #3823, #3825);
#3827 = CARTESIAN_POINT ('', (2.32385039615043, -120.741023988055, 83.6574947002064));
#3828 = CARTESIAN_POINT ('', (1.02048925936721, -151.208968901029, 102.939663906541));
#3829 = TRIMMED_CURVE ('', #3826, (#3827), (#3828), .T., .CARTESIAN.);
#3830 = CARTESIAN_POINT ('', (1.02048925936721, -151.208968901029, 102.939663906541));
#3831 = DIRECTION ('', (-0.100812010824657, -3.44563239791941, 2.13034803970149));
#3832 = VECTOR ('', #3831, 4.05227447902759);
#3833 = LINE ('', #3830, #3832);
#3834 = CARTESIAN_POINT ('', (1.02048925936721, -151.208968901029, 102.939663906541));
#3835 = CARTESIAN_POINT ('', (0.919677248542557, -154.654601298948, 105.070011946243));
#3836 = TRIMMED_CURVE ('', #3833, (#3834), (#3835), .T., .CARTESIAN.);
#3837 = CARTESIAN_POINT ('', (0.919677248542557, -154.654601298948, 105.070011946243));
#3838 = DIRECTION ('', (-0.918270560805486, -32.1947148426224, 17.0797796099568));
#3839 = VECTOR ('', #3838, 36.4562992656318);
#3840 = LINE ('', #3837, #3839);
#3841 = CARTESIAN_POINT ('', (0.919677248542557, -154.654601298948, 105.070011946243));
#3842 = CARTESIAN_POINT ('', (0.00140668773707109, -186.849316141571, 122.149791556199));
#3843 = TRIMMED_CURVE ('', #3840, (#3841), (#3842), .T., .CARTESIAN.);
#3844 = CARTESIAN_POINT ('', (0., 0., -67.42));
#3845 = DIRECTION ('', (6.47024876075266, 0., 49.3487860767358));
#3846 = VECTOR ('', #3845, 49.771144313482);
#3847 = LINE ('', #3844, #3846);
#3848 = CARTESIAN_POINT ('', (0., 0., -67.42));
#3849 = CARTESIAN_POINT ('', (6.47024876075266, 0., -18.0712139232642));
#3850 = TRIMMED_CURVE ('', #3847, (#3848), (#3849), .T., .CARTESIAN.);
#3851 = CARTESIAN_POINT ('', (6.47024876075266, 0., -18.0712139232642));
#3852 = DIRECTION ('', (0.591354923735769, 0., 11.6699833206937));
#3853 = VECTOR ('', #3852, 11.6849566259826);
#3854 = LINE ('', #3851, #3853);
#3855 = CARTESIAN_POINT ('', (6.47024876075266, 0., -18.0712139232642));
#3856 = CARTESIAN_POINT ('', (7.06160368448843, 0., -6.40123060257058));
#3857 = TRIMMED_CURVE ('', #3854, (#3855), (#3856), .T., .CARTESIAN.);
#3858 = CARTESIAN_POINT ('', (7.06160368448843, 0., -6.40123060257058));
#3859 = DIRECTION ('', (0.368113104478162, 0., 1.15942623477977));
#3860 = VECTOR ('', #3859, 1.21646062475698);
#3861 = LINE ('', #3858, #3860);
#3862 = CARTESIAN_POINT ('', (7.06160368448843, 0., -6.40123060257058));
#3863 = CARTESIAN_POINT ('', (7.42971678896659, 0., -5.24180436779081));
#3864 = TRIMMED_CURVE ('', #3861, (#3862), (#3863), .T., .CARTESIAN.);
#3865 = CARTESIAN_POINT ('', (7.42971678896659, 0., -5.24180436779081));
#3866 = DIRECTION ('', (0.400572854851138, 0., 4.28714321683621));
#3867 = VECTOR ('', #3866, 4.30581648165691);
#3868 = LINE ('', #3865, #3867);
#3869 = CARTESIAN_POINT ('', (7.42971678896659, 0., -5.24180436779081));
#3870 = CARTESIAN_POINT ('', (7.83028964381773, 0., -0.954661150954605));
#3871 = TRIMMED_CURVE ('', #3868, (#3869), (#3870), .T., .CARTESIAN.);
#3872 = CARTESIAN_POINT ('', (7.83028964381773, 0., -0.954661150954605));
#3873 = DIRECTION ('', (0.0044184051443148, 0., 20.9546611509546));
#3874 = VECTOR ('', #3873, 20.9546616167771);
#3875 = LINE ('', #3872, #3874);
#3876 = CARTESIAN_POINT ('', (7.83028964381773, 0., -0.954661150954605));
#3877 = CARTESIAN_POINT ('', (7.83470804896204, 0., 20.));
#3878 = TRIMMED_CURVE ('', #3875, (#3876), (#3877), .T., .CARTESIAN.);
#3879 = CARTESIAN_POINT ('', (7.83470804896204, 0., 20.));
#3880 = DIRECTION ('', (0.000231819833054203, -0.271326301097203, 1.57318764893533));
#3881 = VECTOR ('', #3880, 1.59641391693076);
#3882 = LINE ('', #3879, #3881);
#3883 = CARTESIAN_POINT ('', (7.83470804896204, 0., 20.));
#3884 = CARTESIAN_POINT ('', (7.8349398687951, -0.271326301097203, 21.5731876489353));
#3885 = TRIMMED_CURVE ('', #3882, (#3883), (#3884), .T., .CARTESIAN.);
#3886 = CARTESIAN_POINT ('', (7.8349398687951, -0.271326301097203, 21.5731876489353));
#3887 = DIRECTION ('', (7.18090493290191E-6, -0.0101617934261489, 0.0517995422557505));
#3888 = VECTOR ('', #3887, 0.0527868797629335);
#3889 = LINE ('', #3886, #3888);
#3890 = CARTESIAN_POINT ('', (7.8349398687951, -0.271326301097203, 21.5731876489353));
#3891 = CARTESIAN_POINT ('', (7.83494704970003, -0.281488094523351, 21.6249871911911));
#3892 = TRIMMED_CURVE ('', #3889, (#3890), (#3891), .T., .CARTESIAN.);
#3893 = CARTESIAN_POINT ('', (7.83494704970003, -0.281488094523351, 21.6249871911911));
#3894 = DIRECTION ('', (8.21378851778576E-6, -0.0437457055532936, 0.0325658544293574));
#3895 = VECTOR ('', #3894, 0.0545364254103245);
#3896 = LINE ('', #3893, #3895);
#3897 = CARTESIAN_POINT ('', (7.83494704970003, -0.281488094523351, 21.6249871911911));
#3898 = CARTESIAN_POINT ('', (7.83495526348855, -0.325233800076645, 21.6575530456204));
#3899 = TRIMMED_CURVE ('', #3896, (#3897), (#3898), .T., .CARTESIAN.);
#3900 = CARTESIAN_POINT ('', (7.83495526348855, -0.325233800076645, 21.6575530456204));
#3901 = DIRECTION ('', (0.000236011098966316, -1.28843858186383, 0.990681953392897));
#3902 = VECTOR ('', #3901, 1.62527682802496);
#3903 = LINE ('', #3900, #3902);
#3904 = CARTESIAN_POINT ('', (7.83495526348855, -0.325233800076645, 21.6575530456204));
#3905 = CARTESIAN_POINT ('', (7.83519127458751, -1.61367238194047, 22.6482349990133));
#3906 = TRIMMED_CURVE ('', #3903, (#3904), (#3905), .T., .CARTESIAN.);
#3907 = CARTESIAN_POINT ('', (7.83519127458751, -1.61367238194047, 22.6482349990133));
#3908 = DIRECTION ('', (0.0215946424265629, -91.8830975488173, 45.2350581190563));
#3909 = VECTOR ('', #3908, 102.414425568513);
#3910 = LINE ('', #3907, #3909);
#3911 = CARTESIAN_POINT ('', (7.83519127458751, -1.61367238194047, 22.6482349990133));
#3912 = CARTESIAN_POINT ('', (7.85678591701408, -93.4967699307578, 67.8832931180696));
#3913 = TRIMMED_CURVE ('', #3910, (#3911), (#3912), .T., .CARTESIAN.);
#3914 = CARTESIAN_POINT ('', (7.85678591701408, -93.4967699307578, 67.8832931180696));
#3915 = DIRECTION ('', (-0.0572354860786106, -4.78316286355481, 2.61152560441612));
#3916 = VECTOR ('', #3915, 5.44995310646591);
#3917 = LINE ('', #3914, #3916);
#3918 = CARTESIAN_POINT ('', (7.85678591701408, -93.4967699307578, 67.8832931180696));
#3919 = CARTESIAN_POINT ('', (7.79955043093547, -98.2799327943126, 70.4948187224858));
#3920 = TRIMMED_CURVE ('', #3917, (#3918), (#3919), .T., .CARTESIAN.);
#3921 = CARTESIAN_POINT ('', (7.79955043093547, -98.2799327943126, 70.4948187224858));
#3922 = DIRECTION ('', (-0.0310549178980315, -6.19241246606752, 3.3048092948777));
#3923 = VECTOR ('', #3922, 7.01916669080769);
#3924 = LINE ('', #3921, #3923);
#3925 = CARTESIAN_POINT ('', (7.79955043093547, -98.2799327943126, 70.4948187224858));
#3926 = CARTESIAN_POINT ('', (7.76849551303743, -104.47234526038, 73.7996280173635));
#3927 = TRIMMED_CURVE ('', #3924, (#3925), (#3926), .T., .CARTESIAN.);
#3928 = CARTESIAN_POINT ('', (7.76849551303743, -104.47234526038, 73.7996280173635));
#3929 = DIRECTION ('', (-0.169962447765728, -2.85130178336783, 1.59642171328041));
#3930 = VECTOR ('', #3929, 3.27221200109654);
#3931 = LINE ('', #3928, #3930);
#3932 = CARTESIAN_POINT ('', (7.76849551303743, -104.47234526038, 73.7996280173635));
#3933 = CARTESIAN_POINT ('', (7.59853306527171, -107.323647043748, 75.3960497306439));
#3934 = TRIMMED_CURVE ('', #3931, (#3932), (#3933), .T., .CARTESIAN.);
#3935 = CARTESIAN_POINT ('', (7.59853306527171, -107.323647043748, 75.3960497306439));
#3936 = DIRECTION ('', (-0.638558654037285, -8.20911057481482, 5.08749184304867));
#3937 = VECTOR ('', #3936, 9.67883396062093);
#3938 = LINE ('', #3935, #3937);
#3939 = CARTESIAN_POINT ('', (7.59853306527171, -107.323647043748, 75.3960497306439));
#3940 = CARTESIAN_POINT ('', (6.95997441123442, -115.532757618563, 80.4835415736925));
#3941 = TRIMMED_CURVE ('', #3938, (#3939), (#3940), .T., .CARTESIAN.);
#3942 = CARTESIAN_POINT ('', (6.95997441123442, -115.532757618563, 80.4835415736925));
#3943 = DIRECTION ('', (-0.3313231360902, -5.19472599261292, 3.1542963182487));
#3944 = VECTOR ('', #3943, 6.08642246497515);
#3945 = LINE ('', #3942, #3944);
#3946 = CARTESIAN_POINT ('', (6.95997441123442, -115.532757618563, 80.4835415736925));
#3947 = CARTESIAN_POINT ('', (6.62865127514422, -120.727483611176, 83.6378378919412));
#3948 = TRIMMED_CURVE ('', #3945, (#3946), (#3947), .T., .CARTESIAN.);
#3949 = CARTESIAN_POINT ('', (6.62865127514422, -120.727483611176, 83.6378378919412));
#3950 = DIRECTION ('', (-3.7251893179586, -30.4827395039732, 19.299688258388));
#3951 = VECTOR ('', #3950, 36.270544660822);
#3952 = LINE ('', #3949, #3951);
#3953 = CARTESIAN_POINT ('', (6.62865127514422, -120.727483611176, 83.6378378919412));
#3954 = CARTESIAN_POINT ('', (2.90346195718562, -151.210223115149, 102.937526150329));
#3955 = TRIMMED_CURVE ('', #3952, (#3953), (#3954), .T., .CARTESIAN.);
#3956 = CARTESIAN_POINT ('', (2.90346195718562, -151.210223115149, 102.937526150329));
#3957 = DIRECTION ('', (-0.292829626779141, -3.5123353281094, 2.1719500986549));
#3958 = VECTOR ('', #3957, 4.140001917687);
#3959 = LINE ('', #3956, #3958);
#3960 = CARTESIAN_POINT ('', (2.90346195718562, -151.210223115149, 102.937526150329));
#3961 = CARTESIAN_POINT ('', (2.61063233040648, -154.722558443258, 105.109476248984));
#3962 = TRIMMED_CURVE ('', #3959, (#3960), (#3961), .T., .CARTESIAN.);
#3963 = CARTESIAN_POINT ('', (2.61063233040648, -154.722558443258, 105.109476248984));
#3964 = DIRECTION ('', (-2.61284981980344, -32.1264644597948, 17.0408151201678));
#3965 = VECTOR ('', #3964, 36.459924339294);
#3966 = LINE ('', #3963, #3965);
#3967 = CARTESIAN_POINT ('', (2.61063233040648, -154.722558443258, 105.109476248984));
#3968 = CARTESIAN_POINT ('', (-0.00221748939696376, -186.849022903053, 122.150291369152));
#3969 = TRIMMED_CURVE ('', #3966, (#3967), (#3968), .T., .CARTESIAN.);
#3970 = CARTESIAN_POINT ('', (0., 0., -67.42));
#3971 = DIRECTION ('', (-6.47024876075266, 0., 49.3487860767358));
#3972 = VECTOR ('', #3971, 49.771144313482);
#3973 = LINE ('', #3970, #3972);
#3974 = CARTESIAN_POINT ('', (0., 0., -67.42));
#3975 = CARTESIAN_POINT ('', (-6.47024876075266, 0., -18.0712139232642));
#3976 = TRIMMED_CURVE ('', #3973, (#3974), (#3975), .T., .CARTESIAN.);
#3977 = CARTESIAN_POINT ('', (-6.47024876075266, 0., -18.0712139232642));
#3978 = DIRECTION ('', (-0.587964447553301, 0., 11.6691565472142));
#3979 = VECTOR ('', #3978, 11.6839598045773);
#3980 = LINE ('', #3977, #3979);
#3981 = CARTESIAN_POINT ('', (-6.47024876075266, 0., -18.0712139232642));
#3982 = CARTESIAN_POINT ('', (-7.05821320830596, 0., -6.40205737605007));
#3983 = TRIMMED_CURVE ('', #3980, (#3981), (#3982), .T., .CARTESIAN.);
#3984 = CARTESIAN_POINT ('', (-7.05821320830596, 0., -6.40205737605007));
#3985 = DIRECTION ('', (-0.369634736747785, 0., 1.1598154933031));
#3986 = VECTOR ('', #3985, 1.21729282307772);
#3987 = LINE ('', #3984, #3986);
#3988 = CARTESIAN_POINT ('', (-7.05821320830596, 0., -6.40205737605007));
#3989 = CARTESIAN_POINT ('', (-7.42784794505375, 0., -5.24224188274697));
#3990 = TRIMMED_CURVE ('', #3987, (#3988), (#3989), .T., .CARTESIAN.);
#3991 = CARTESIAN_POINT ('', (-7.42784794505375, 0., -5.24224188274697));
#3992 = DIRECTION ('', (-0.401469962476972, 0., 4.28782123737265));
#3993 = VECTOR ('', #3992, 4.3065751002897);
#3994 = LINE ('', #3991, #3993);
#3995 = CARTESIAN_POINT ('', (-7.42784794505375, 0., -5.24224188274697));
#3996 = CARTESIAN_POINT ('', (-7.82931790753072, 0., -0.954420645374316));
#3997 = TRIMMED_CURVE ('', #3994, (#3995), (#3996), .T., .CARTESIAN.);
#3998 = CARTESIAN_POINT ('', (-7.82931790753072, 0., -0.954420645374316));
#3999 = DIRECTION ('', (-0.00454531883589304, 0., 20.9544206453743));
#4000 = VECTOR ('', #3999, 20.9544211383472);
#4001 = LINE ('', #3998, #4000);
#4002 = CARTESIAN_POINT ('', (-7.82931790753072, 0., -0.954420645374316));
#4003 = CARTESIAN_POINT ('', (-7.83386322636661, 0., 20.));
#4004 = TRIMMED_CURVE ('', #4001, (#4002), (#4003), .T., .CARTESIAN.);
#4005 = CARTESIAN_POINT ('', (-7.83386322636661, 0., 20.));
#4006 = DIRECTION ('', (-0.00023821227268872, -0.271861230629657, 1.57288129190351));
#4007 = VECTOR ('', #4006, 1.59620303968029);
#4008 = LINE ('', #4005, #4007);
#4009 = CARTESIAN_POINT ('', (-7.83386322636661, 0., 20.));
#4010 = CARTESIAN_POINT ('', (-7.8341014386393, -0.271861230629657, 21.5728812919035));
#4011 = TRIMMED_CURVE ('', #4008, (#4009), (#4010), .T., .CARTESIAN.);
#4012 = CARTESIAN_POINT ('', (-7.8341014386393, -0.271861230629657, 21.5728812919035));
#4013 = DIRECTION ('', (-7.38725308746524E-6, -0.0101617934385332, 0.0517995422486592));
#4014 = VECTOR ('', #4013, 0.052786879786833);
#4015 = LINE ('', #4012, #4014);
#4016 = CARTESIAN_POINT ('', (-7.8341014386393, -0.271861230629657, 21.5728812919035));
#4017 = CARTESIAN_POINT ('', (-7.83410882589239, -0.28202302406819, 21.6246808341522));
#4018 = TRIMMED_CURVE ('', #4015, (#4016), (#4017), .T., .CARTESIAN.);
#4019 = CARTESIAN_POINT ('', (-7.83410882589239, -0.28202302406819, 21.6246808341522));
#4020 = DIRECTION ('', (-8.18323991591541E-6, -0.0396139405045478, 0.0349321385840646));
#4021 = VECTOR ('', #4020, 0.0528158939649758);
#4022 = LINE ('', #4019, #4021);
#4023 = CARTESIAN_POINT ('', (-7.83410882589239, -0.28202302406819, 21.6246808341522));
#4024 = CARTESIAN_POINT ('', (-7.8341170091323, -0.321636964572738, 21.6596129727362));
#4025 = TRIMMED_CURVE ('', #4022, (#4023), (#4024), .T., .CARTESIAN.);
#4026 = CARTESIAN_POINT ('', (-7.8341170091323, -0.321636964572738, 21.6596129727362));
#4027 = DIRECTION ('', (-0.000235479195520583, -1.17034246159038, 1.05831623918571));
#4028 = VECTOR ('', #4027, 1.57788934814076);
#4029 = LINE ('', #4026, #4028);
#4030 = CARTESIAN_POINT ('', (-7.8341170091323, -0.321636964572738, 21.6596129727362));
#4031 = CARTESIAN_POINT ('', (-7.83435248832782, -1.49197942616311, 22.7179292119219));
#4032 = TRIMMED_CURVE ('', #4029, (#4030), (#4031), .T., .CARTESIAN.);
#4033 = CARTESIAN_POINT ('', (-7.83435248832782, -1.49197942616311, 22.7179292119219));
#4034 = DIRECTION ('', (-0.0221918236558816, -85.4199436142556, 56.3036835103311));
#4035 = VECTOR ('', #4034, 102.306754597979);
#4036 = LINE ('', #4033, #4035);
#4037 = CARTESIAN_POINT ('', (-7.83435248832782, -1.49197942616311, 22.7179292119219));
#4038 = CARTESIAN_POINT ('', (-7.8565443119837, -86.9119230404187, 79.0216127222531));
#4039 = TRIMMED_CURVE ('', #4036, (#4037), (#4038), .T., .CARTESIAN.);
#4040 = CARTESIAN_POINT ('', (-7.8565443119837, -86.9119230404187, 79.0216127222531));
#4041 = DIRECTION ('', (0.0561677128199181, -4.54359132922413, 2.8014380525766));
#4042 = VECTOR ('', #4041, 5.33811128971552);
#4043 = LINE ('', #4040, #4042);
#4044 = CARTESIAN_POINT ('', (-7.8565443119837, -86.9119230404187, 79.0216127222531));
#4045 = CARTESIAN_POINT ('', (-7.80037659916379, -91.4555143696428, 81.8230507748297));
#4046 = TRIMMED_CURVE ('', #4043, (#4044), (#4045), .T., .CARTESIAN.);
#4047 = CARTESIAN_POINT ('', (-7.80037659916379, -91.4555143696428, 81.8230507748297));
#4048 = DIRECTION ('', (0.0318816336975569, -6.1966112200457, 3.87977381755123));
#4049 = VECTOR ('', #4048, 7.31106366586418);
#4050 = LINE ('', #4047, #4049);
#4051 = CARTESIAN_POINT ('', (-7.80037659916379, -91.4555143696428, 81.8230507748297));
#4052 = CARTESIAN_POINT ('', (-7.76849496546623, -97.6521255896885, 85.7028245923809));
#4053 = TRIMMED_CURVE ('', #4050, (#4051), (#4052), .T., .CARTESIAN.);
#4054 = CARTESIAN_POINT ('', (-7.76849496546623, -97.6521255896885, 85.7028245923809));
#4055 = DIRECTION ('', (0.153161401279519, -2.51623956562257, 1.5253890606798));
#4056 = VECTOR ('', #4055, 2.94647785548915);
#4057 = LINE ('', #4054, #4056);
#4058 = CARTESIAN_POINT ('', (-7.76849496546623, -97.6521255896885, 85.7028245923809));
#4059 = CARTESIAN_POINT ('', (-7.61533356418671, -100.168365155311, 87.2282136530607));
#4060 = TRIMMED_CURVE ('', #4057, (#4058), (#4059), .T., .CARTESIAN.);
#4061 = CARTESIAN_POINT ('', (-7.61533356418671, -100.168365155311, 87.2282136530607));
#4062 = DIRECTION ('', (0.662902349453101, -8.72549864018609, 4.91846728406531));
#4063 = VECTOR ('', #4062, 10.0381814323721);
#4064 = LINE ('', #4061, #4063);
#4065 = CARTESIAN_POINT ('', (-7.61533356418671, -100.168365155311, 87.2282136530607));
#4066 = CARTESIAN_POINT ('', (-6.95243121473361, -108.893863795497, 92.146680937126));
#4067 = TRIMMED_CURVE ('', #4064, (#4065), (#4066), .T., .CARTESIAN.);
#4068 = CARTESIAN_POINT ('', (-6.95243121473361, -108.893863795497, 92.146680937126));
#4069 = DIRECTION ('', (0.321998873875458, -5.1358943520426, 2.9397181552508));
#4070 = VECTOR ('', #4069, 5.92646917670473);
#4071 = LINE ('', #4068, #4070);
#4072 = CARTESIAN_POINT ('', (-6.95243121473361, -108.893863795497, 92.146680937126));
#4073 = CARTESIAN_POINT ('', (-6.63043234085815, -114.02975814754, 95.0863990923768));
#4074 = TRIMMED_CURVE ('', #4071, (#4072), (#4073), .T., .CARTESIAN.);
#4075 = CARTESIAN_POINT ('', (-6.63043234085815, -114.02975814754, 95.0863990923768));
#4076 = DIRECTION ('', (3.7266450024844, -31.5256720958113, 17.4894881600657));
#4077 = VECTOR ('', #4076, 36.2441454605876);
#4078 = LINE ('', #4075, #4077);
#4079 = CARTESIAN_POINT ('', (-6.63043234085815, -114.02975814754, 95.0863990923768));
#4080 = CARTESIAN_POINT ('', (-2.90378733837375, -145.555430243351, 112.575887252442));
#4081 = TRIMMED_CURVE ('', #4078, (#4079), (#4080), .T., .CARTESIAN.);
#4082 = CARTESIAN_POINT ('', (-2.90378733837375, -145.555430243351, 112.575887252442));
#4083 = DIRECTION ('', (0.27405804910526, -3.36497734376397, 1.90020130125239));
#4084 = VECTOR ('', #4083, 3.87413801039734);
#4085 = LINE ('', #4082, #4084);
#4086 = CARTESIAN_POINT ('', (-2.90378733837375, -145.555430243351, 112.575887252442));
#4087 = CARTESIAN_POINT ('', (-2.62972928926849, -148.920407587115, 114.476088553695));
#4088 = TRIMMED_CURVE ('', #4085, (#4086), (#4087), .T., .CARTESIAN.);
#4089 = CARTESIAN_POINT ('', (-2.62972928926849, -148.920407587115, 114.476088553695));
#4090 = DIRECTION ('', (2.63152290977597, -31.0017387500892, 19.4807780809081));
#4091 = VECTOR ('', #4090, 36.7087650703623);
#4092 = LINE ('', #4089, #4091);
#4093 = CARTESIAN_POINT ('', (-2.62972928926849, -148.920407587115, 114.476088553695));
#4094 = CARTESIAN_POINT ('', (0.00179362050747889, -179.922146337204, 133.956866634603));
#4095 = TRIMMED_CURVE ('', #4092, (#4093), (#4094), .T., .CARTESIAN.);
#4096 = CARTESIAN_POINT ('', (0., 0., -67.42));
#4097 = DIRECTION ('', (-2.2519306713646, 0., 49.2180147637125));
#4098 = VECTOR ('', #4097, 49.269505467679);
#4099 = LINE ('', #4096, #4098);
#4100 = CARTESIAN_POINT ('', (0., 0., -67.42));
#4101 = CARTESIAN_POINT ('', (-2.2519306713646, 0., -18.2019852362875));
#4102 = TRIMMED_CURVE ('', #4099, (#4100), (#4101), .T., .CARTESIAN.);
#4103 = CARTESIAN_POINT ('', (-2.2519306713646, 0., -18.2019852362875));
#4104 = DIRECTION ('', (-0.197005628754096, 0., 11.0527813581031));
#4105 = VECTOR ('', #4104, 11.0545369404509);
#4106 = LINE ('', #4103, #4105);
#4107 = CARTESIAN_POINT ('', (-2.2519306713646, 0., -18.2019852362875));
#4108 = CARTESIAN_POINT ('', (-2.4489363001187, 0., -7.14920387818436));
#4109 = TRIMMED_CURVE ('', #4106, (#4107), (#4108), .T., .CARTESIAN.);
#4110 = CARTESIAN_POINT ('', (-2.4489363001187, 0., -7.14920387818436));
#4111 = DIRECTION ('', (-0.116618075958709, 0., 1.15034377593716));
#4112 = VECTOR ('', #4111, 1.1562398447025);
#4113 = LINE ('', #4110, #4112);
#4114 = CARTESIAN_POINT ('', (-2.4489363001187, 0., -7.14920387818436));
#4115 = CARTESIAN_POINT ('', (-2.56555437607741, 0., -5.9988601022472));
#4116 = TRIMMED_CURVE ('', #4113, (#4114), (#4115), .T., .CARTESIAN.);
#4117 = CARTESIAN_POINT ('', (-2.56555437607741, 0., -5.9988601022472));
#4118 = DIRECTION ('', (-0.189673108710082, 0., 5.88218487054082));
#4119 = VECTOR ('', #4118, 5.88524211391401);
#4120 = LINE ('', #4117, #4119);
#4121 = CARTESIAN_POINT ('', (-2.56555437607741, 0., -5.9988601022472));
#4122 = CARTESIAN_POINT ('', (-2.75522748478749, 0., -0.116675231706384));
#4123 = TRIMMED_CURVE ('', #4120, (#4121), (#4122), .T., .CARTESIAN.);
#4124 = CARTESIAN_POINT ('', (-2.75522748478749, 0., -0.116675231706384));
#4125 = DIRECTION ('', (0.000340951473544848, 0., 20.1166752317064));
#4126 = VECTOR ('', #4125, 20.1166752345957);
#4127 = LINE ('', #4124, #4126);
#4128 = CARTESIAN_POINT ('', (-2.75522748478749, 0., -0.116675231706384));
#4129 = CARTESIAN_POINT ('', (-2.75488653331394, 0., 20.));
#4130 = TRIMMED_CURVE ('', #4127, (#4128), (#4129), .T., .CARTESIAN.);
#4131 = CARTESIAN_POINT ('', (-2.75488653331394, 0., 20.));
#4132 = DIRECTION ('', (1.8612804292939E-5, -0.271861224025428, 1.57288129568578));
#4133 = VECTOR ('', #4132, 1.59620302461599);
#4134 = LINE ('', #4131, #4133);
#4135 = CARTESIAN_POINT ('', (-2.75488653331394, 0., 20.));
#4136 = CARTESIAN_POINT ('', (-2.75486792050965, -0.271861224025428, 21.5728812956858));
#4137 = TRIMMED_CURVE ('', #4134, (#4135), (#4136), .T., .CARTESIAN.);
#4138 = CARTESIAN_POINT ('', (-2.75486792050965, -0.271861224025428, 21.5728812956858));
#4139 = DIRECTION ('', (5.77205760965427E-7, -0.0101617932150888, 0.051799542376628));
#4140 = VECTOR ('', #4139, 0.0527868793556455);
#4141 = LINE ('', #4138, #4140);
#4142 = CARTESIAN_POINT ('', (-2.75486792050965, -0.271861224025428, 21.5728812956858));
#4143 = CARTESIAN_POINT ('', (-2.75486734330389, -0.282023017240517, 21.6246808380624));
#4144 = TRIMMED_CURVE ('', #4141, (#4142), (#4143), .T., .CARTESIAN.);
#4145 = CARTESIAN_POINT ('', (-2.75486734330389, -0.282023017240517, 21.6246808380624));
#4146 = DIRECTION ('', (6.3940048189437E-7, -0.0396139398835304, 0.0349321389397232));
#4147 = VECTOR ('', #4146, 0.0528158931043386);
#4148 = LINE ('', #4145, #4147);
#4149 = CARTESIAN_POINT ('', (-2.75486734330389, -0.282023017240517, 21.6246808380624));
#4150 = CARTESIAN_POINT ('', (-2.75486670390341, -0.321636957124048, 21.6596129770021));
#4151 = TRIMMED_CURVE ('', #4148, (#4149), (#4150), .T., .CARTESIAN.);
#4152 = CARTESIAN_POINT ('', (-2.75486670390341, -0.321636957124048, 21.6596129770021));
#4153 = DIRECTION ('', (1.83992541922251E-5, -1.17034244427363, 1.05831624910311));
#4154 = VECTOR ('', #4153, 1.57788932448464);
#4155 = LINE ('', #4152, #4154);
#4156 = CARTESIAN_POINT ('', (-2.75486670390341, -0.321636957124048, 21.6596129770021));
#4157 = CARTESIAN_POINT ('', (-2.75484830464921, -1.49197940139768, 22.7179292261052));
#4158 = TRIMMED_CURVE ('', #4155, (#4156), (#4157), .T., .CARTESIAN.);
#4159 = CARTESIAN_POINT ('', (-2.75484830464921, -1.49197940139768, 22.7179292261052));
#4160 = DIRECTION ('', (0.00173255136864769, -85.3502363809059, 56.2577397400582));
#4161 = VECTOR ('', #4160, 102.22326610874);
#4162 = LINE ('', #4159, #4161);
#4163 = CARTESIAN_POINT ('', (-2.75484830464921, -1.49197940139768, 22.7179292261052));
#4164 = CARTESIAN_POINT ('', (-2.75311575328057, -86.8422157823036, 78.9756689661634));
#4165 = TRIMMED_CURVE ('', #4162, (#4163), (#4164), .T., .CARTESIAN.);
#4166 = CARTESIAN_POINT ('', (-2.75311575328057, -86.8422157823036, 78.9756689661634));
#4167 = DIRECTION ('', (0.019222675293658, -4.37648312119289, 2.69844007626855));
#4168 = VECTOR ('', #4167, 5.14155160107763);
#4169 = LINE ('', #4166, #4168);
#4170 = CARTESIAN_POINT ('', (-2.75311575328057, -86.8422157823036, 78.9756689661634));
#4171 = CARTESIAN_POINT ('', (-2.73389307798691, -91.2186989034965, 81.674109042432));
#4172 = TRIMMED_CURVE ('', #4169, (#4170), (#4171), .T., .CARTESIAN.);
#4173 = CARTESIAN_POINT ('', (-2.73389307798691, -91.2186989034965, 81.674109042432));
#4174 = DIRECTION ('', (0.0124430747118449, -6.63444043739629, 4.15378850466689));
#4175 = VECTOR ('', #4174, 7.82751005677861);
#4176 = LINE ('', #4173, #4175);
#4177 = CARTESIAN_POINT ('', (-2.73389307798691, -91.2186989034965, 81.674109042432));
#4178 = CARTESIAN_POINT ('', (-2.72145000327506, -97.8531393408928, 85.8278975470988));
#4179 = TRIMMED_CURVE ('', #4176, (#4177), (#4178), .T., .CARTESIAN.);
#4180 = CARTESIAN_POINT ('', (-2.72145000327506, -97.8531393408928, 85.8278975470988));
#4181 = DIRECTION ('', (0.044022559008817, -2.06232777860865, 1.25038037586063));
#4182 = VECTOR ('', #4181, 2.41217431717941);
#4183 = LINE ('', #4180, #4182);
#4184 = CARTESIAN_POINT ('', (-2.72145000327506, -97.8531393408928, 85.8278975470988));
#4185 = CARTESIAN_POINT ('', (-2.67742744426625, -99.9154671195014, 87.0782779229595));
#4186 = TRIMMED_CURVE ('', #4183, (#4184), (#4185), .T., .CARTESIAN.);
#4187 = CARTESIAN_POINT ('', (-2.67742744426625, -99.9154671195014, 87.0782779229595));
#4188 = DIRECTION ('', (0.244949490194076, -9.19531515985051, 5.18442652554282));
#4189 = VECTOR ('', #4188, 10.5589819367435);
#4190 = LINE ('', #4187, #4189);
#4191 = CARTESIAN_POINT ('', (-2.67742744426625, -99.9154671195014, 87.0782779229595));
#4192 = CARTESIAN_POINT ('', (-2.43247795407217, -109.110782279352, 92.2627044485023));
#4193 = TRIMMED_CURVE ('', #4190, (#4191), (#4192), .T., .CARTESIAN.);
#4194 = CARTESIAN_POINT ('', (-2.43247795407217, -109.110782279352, 92.2627044485023));
#4195 = DIRECTION ('', (0.108849854823521, -4.94124992488982, 2.82840680413847));
#4196 = VECTOR ('', #4195, 5.69453107470804);
#4197 = LINE ('', #4194, #4196);
#4198 = CARTESIAN_POINT ('', (-2.43247795407217, -109.110782279352, 92.2627044485023));
#4199 = CARTESIAN_POINT ('', (-2.32362809924865, -114.052032204242, 95.0911112526408));
#4200 = TRIMMED_CURVE ('', #4197, (#4198), (#4199), .T., .CARTESIAN.);
#4201 = CARTESIAN_POINT ('', (-2.32362809924865, -114.052032204242, 95.0911112526408));
#4202 = DIRECTION ('', (1.30369184401687, -31.5043110927979, 17.4832197374672));
#4203 = VECTOR ('', #4202, 36.0539068929361);
#4204 = LINE ('', #4201, #4203);
#4205 = CARTESIAN_POINT ('', (-2.32362809924865, -114.052032204242, 95.0911112526408));
#4206 = CARTESIAN_POINT ('', (-1.01993625523178, -145.55634329704, 112.574330990108));
#4207 = TRIMMED_CURVE ('', #4204, (#4205), (#4206), .T., .CARTESIAN.);
#4208 = CARTESIAN_POINT ('', (-1.01993625523178, -145.55634329704, 112.574330990108));
#4209 = DIRECTION ('', (0.0941971524170249, -3.29592242376643, 1.86143399692369));
#4210 = VECTOR ('', #4209, 3.78641179111744);
#4211 = LINE ('', #4208, #4210);
#4212 = CARTESIAN_POINT ('', (-1.01993625523178, -145.55634329704, 112.574330990108));
#4213 = CARTESIAN_POINT ('', (-0.925739102814754, -148.852265720806, 114.435764987032));
#4214 = TRIMMED_CURVE ('', #4211, (#4212), (#4213), .T., .CARTESIAN.);
#4215 = CARTESIAN_POINT ('', (-0.925739102814754, -148.852265720806, 114.435764987032));
#4216 = DIRECTION ('', (0.924949257820725, -31.0697181485758, 19.5213785672703));
#4217 = VECTOR ('', #4216, 36.7051377620104);
#4218 = LINE ('', #4215, #4217);
#4219 = CARTESIAN_POINT ('', (-0.925739102814754, -148.852265720806, 114.435764987032));
#4220 = CARTESIAN_POINT ('', (-0.000789844994029343, -179.921983869382, 133.957143554302));
#4221 = TRIMMED_CURVE ('', #4218, (#4219), (#4220), .T., .CARTESIAN.);
#4222 = CARTESIAN_POINT ('', (0., 0., -67.42));
#4223 = DIRECTION ('', (0., 0., 49.2));
#4224 = VECTOR ('', #4223, 49.2);
#4225 = LINE ('', #4222, #4224);
#4226 = CARTESIAN_POINT ('', (0., 0., -67.42));
#4227 = CARTESIAN_POINT ('', (0., 0., -18.22));
#4228 = TRIMMED_CURVE ('', #4225, (#4226), (#4227), .T., .CARTESIAN.);
#4229 = CARTESIAN_POINT ('', (0., 0., -18.22));
#4230 = DIRECTION ('', (0., 0., 10.97));
#4231 = VECTOR ('', #4230, 10.97);
#4232 = LINE ('', #4229, #4231);
#4233 = CARTESIAN_POINT ('', (0., 0., -18.22));
#4234 = CARTESIAN_POINT ('', (0., 0., -7.25));
#4235 = TRIMMED_CURVE ('', #4232, (#4233), (#4234), .T., .CARTESIAN.);
#4236 = CARTESIAN_POINT ('', (0., 0., -7.25));
#4237 = DIRECTION ('', (0., 0., 1.15));
#4238 = VECTOR ('', #4237, 1.15);
#4239 = LINE ('', #4236, #4238);
#4240 = CARTESIAN_POINT ('', (0., 0., -7.25));
#4241 = CARTESIAN_POINT ('', (0., 0., -6.1));
#4242 = TRIMMED_CURVE ('', #4239, (#4240), (#4241), .T., .CARTESIAN.);
#4243 = CARTESIAN_POINT ('', (0., 0., -6.1));
#4244 = DIRECTION ('', (0., 0., 6.1));
#4245 = VECTOR ('', #4244, 6.1);
#4246 = LINE ('', #4243, #4245);
#4247 = CARTESIAN_POINT ('', (0., 0., -6.1));
#4248 = CARTESIAN_POINT ('', (0., 0., 0.));
#4249 = TRIMMED_CURVE ('', #4246, (#4247), (#4248), .T., .CARTESIAN.);
#4250 = CARTESIAN_POINT ('', (0., 0., 0.));
#4251 = DIRECTION ('', (0., 0., 20.));
#4252 = VECTOR ('', #4251, 20.);
#4253 = LINE ('', #4250, #4252);
#4254 = CARTESIAN_POINT ('', (0., 0., 0.));
#4255 = CARTESIAN_POINT ('', (0., 0., 20.));
#4256 = TRIMMED_CURVE ('', #4253, (#4254), (#4255), .T., .CARTESIAN.);
#4257 = CARTESIAN_POINT ('', (0., 0., 20.));
#4258 = DIRECTION ('', (0., -0.271861223984861, 1.57288129570902));
#4259 = VECTOR ('', #4258, 1.59620302452345);
#4260 = LINE ('', #4257, #4259);
#4261 = CARTESIAN_POINT ('', (0., 0., 20.));
#4262 = CARTESIAN_POINT ('', (0., -0.271861223984861, 21.572881295709));
#4263 = TRIMMED_CURVE ('', #4260, (#4261), (#4262), .T., .CARTESIAN.);
#4264 = CARTESIAN_POINT ('', (0., -0.271861223984861, 21.572881295709));
#4265 = DIRECTION ('', (0., -0.0101617932137162, 0.0517995423774131));
#4266 = VECTOR ('', #4265, 0.0527868793529959);
#4267 = LINE ('', #4264, #4266);
#4268 = CARTESIAN_POINT ('', (0., -0.271861223984861, 21.572881295709));
#4269 = CARTESIAN_POINT ('', (0., -0.282023017198577, 21.6246808380864));
#4270 = TRIMMED_CURVE ('', #4267, (#4268), (#4269), .T., .CARTESIAN.);
#4271 = CARTESIAN_POINT ('', (0., -0.282023017198577, 21.6246808380864));
#4272 = DIRECTION ('', (0., -0.0396139398797157, 0.0349321389419082));
#4273 = VECTOR ('', #4272, 0.0528158930990522);
#4274 = LINE ('', #4271, #4273);
#4275 = CARTESIAN_POINT ('', (0., -0.282023017198577, 21.6246808380864));
#4276 = CARTESIAN_POINT ('', (0., -0.321636957078293, 21.6596129770283));
#4277 = TRIMMED_CURVE ('', #4274, (#4275), (#4276), .T., .CARTESIAN.);
#4278 = CARTESIAN_POINT ('', (0., -0.321636957078293, 21.6596129770283));
#4279 = DIRECTION ('', (0., -1.17034244416726, 1.05831624916403));
#4280 = VECTOR ('', #4279, 1.57788932433932);
#4281 = LINE ('', #4278, #4280);
#4282 = CARTESIAN_POINT ('', (0., -0.321636957078293, 21.6596129770283));
#4283 = CARTESIAN_POINT ('', (0., -1.49197940124555, 22.7179292261924));
#4284 = TRIMMED_CURVE ('', #4281, (#4282), (#4283), .T., .CARTESIAN.);
#4285 = CARTESIAN_POINT ('', (0., -1.49197940124555, 22.7179292261924));
#4286 = DIRECTION ('', (0., -85.3404799231616, 56.2513088888989));
#4287 = VECTOR ('', #4286, 102.211580876288);
#4288 = LINE ('', #4285, #4287);
#4289 = CARTESIAN_POINT ('', (0., -1.49197940124555, 22.7179292261924));
#4290 = CARTESIAN_POINT ('', (0., -86.8324593244072, 78.9692381150913));
#4291 = TRIMMED_CURVE ('', #4288, (#4289), (#4290), .T., .CARTESIAN.);
#4292 = CARTESIAN_POINT ('', (0., -86.8324593244072, 78.9692381150913));
#4293 = DIRECTION ('', (0., -4.35313173599995, 2.6840470631098));
#4294 = VECTOR ('', #4293, 5.11408491794557);
#4295 = LINE ('', #4292, #4294);
#4296 = CARTESIAN_POINT ('', (0., -86.8324593244072, 78.9692381150913));
#4297 = CARTESIAN_POINT ('', (0., -91.1855910604071, 81.6532851782011));
#4298 = TRIMMED_CURVE ('', #4295, (#4296), (#4297), .T., .CARTESIAN.);
#4299 = CARTESIAN_POINT ('', (0., -91.1855910604071, 81.6532851782011));
#4300 = DIRECTION ('', (0., -6.69563554295026, 4.19208621333091));
#4301 = VECTOR ('', #4300, 7.89969126890525);
#4302 = LINE ('', #4299, #4301);
#4303 = CARTESIAN_POINT ('', (0., -91.1855910604071, 81.6532851782011));
#4304 = CARTESIAN_POINT ('', (0., -97.8812266033574, 85.845371391532));
#4305 = TRIMMED_CURVE ('', #4302, (#4303), (#4304), .T., .CARTESIAN.);
#4306 = CARTESIAN_POINT ('', (0., -97.8812266033574, 85.845371391532));
#4307 = DIRECTION ('', (0., -1.99864374835583, 1.21179083950672));
#4308 = VECTOR ('', #4307, 2.33730910911549);
#4309 = LINE ('', #4306, #4308);
#4310 = CARTESIAN_POINT ('', (0., -97.8812266033574, 85.845371391532));
#4311 = CARTESIAN_POINT ('', (0., -99.8798703517132, 87.0571622310387));
#4312 = TRIMMED_CURVE ('', #4309, (#4310), (#4311), .T., .CARTESIAN.);
#4313 = CARTESIAN_POINT ('', (0., -99.8798703517132, 87.0571622310387));
#4314 = DIRECTION ('', (0., -9.26112583823675, 5.22169131624952));
#4315 = VECTOR ('', #4314, 10.6317689964489);
#4316 = LINE ('', #4313, #4315);
#4317 = CARTESIAN_POINT ('', (0., -99.8798703517132, 87.0571622310387));
#4318 = CARTESIAN_POINT ('', (0., -109.14099618995, 92.2788535472882));
#4319 = TRIMMED_CURVE ('', #4316, (#4317), (#4318), .T., .CARTESIAN.);
#4320 = CARTESIAN_POINT ('', (0., -109.14099618995, 92.2788535472882));
#4321 = DIRECTION ('', (0., -4.91415689247384, 2.81291350681445));
#4322 = VECTOR ('', #4321, 5.6622804911685);
#4323 = LINE ('', #4320, #4322);
#4324 = CARTESIAN_POINT ('', (0., -109.14099618995, 92.2788535472882));
#4325 = CARTESIAN_POINT ('', (0., -114.055153082424, 95.0917670541027));
#4326 = TRIMMED_CURVE ('', #4323, (#4324), (#4325), .T., .CARTESIAN.);
#4327 = CARTESIAN_POINT ('', (0., -114.055153082424, 95.0917670541027));
#4328 = DIRECTION ('', (0., -31.5013164921503, 17.4823487011587));
#4329 = VECTOR ('', #4328, 36.0272876698694);
#4330 = LINE ('', #4327, #4329);
#4331 = CARTESIAN_POINT ('', (0., -114.055153082424, 95.0917670541027));
#4332 = CARTESIAN_POINT ('', (0., -145.556469574574, 112.574115755261));
#4333 = TRIMMED_CURVE ('', #4330, (#4331), (#4332), .T., .CARTESIAN.);
#4334 = CARTESIAN_POINT ('', (0., -145.556469574574, 112.574115755261));
#4335 = DIRECTION ('', (0., -3.2861665486848, 1.85595680137612));
#4336 = VECTOR ('', #4335, 3.77405169999952);
#4337 = LINE ('', #4334, #4336);
#4338 = CARTESIAN_POINT ('', (0., -145.556469574574, 112.574115755261));
#4339 = CARTESIAN_POINT ('', (0., -148.842636123259, 114.430072556638));
#4340 = TRIMMED_CURVE ('', #4337, (#4338), (#4339), .T., .CARTESIAN.);
#4341 = CARTESIAN_POINT ('', (0., -148.842636123259, 114.430072556638));
#4342 = DIRECTION ('', (0., -31.0793164159912, 19.5271243985811));
#4343 = VECTOR ('', #4342, 36.7046658636605);
#4344 = LINE ('', #4341, #4343);
#4345 = CARTESIAN_POINT ('', (0., -148.842636123259, 114.430072556638));
#4346 = CARTESIAN_POINT ('', (0., -179.92195253925, 133.957196955219));
#4347 = TRIMMED_CURVE ('', #4344, (#4345), (#4346), .T., .CARTESIAN.);
#4348 = CARTESIAN_POINT ('', (0., 0., -67.42));
#4349 = DIRECTION ('', (2.2519306713646, 0., 49.2180147637125));
#4350 = VECTOR ('', #4349, 49.269505467679);
#4351 = LINE ('', #4348, #4350);
#4352 = CARTESIAN_POINT ('', (0., 0., -67.42));
#4353 = CARTESIAN_POINT ('', (2.2519306713646, 0., -18.2019852362875));
#4354 = TRIMMED_CURVE ('', #4351, (#4352), (#4353), .T., .CARTESIAN.);
#4355 = CARTESIAN_POINT ('', (2.2519306713646, 0., -18.2019852362875));
#4356 = DIRECTION ('', (0.197005628754096, 0., 11.0527813581031));
#4357 = VECTOR ('', #4356, 11.0545369404509);
#4358 = LINE ('', #4355, #4357);
#4359 = CARTESIAN_POINT ('', (2.2519306713646, 0., -18.2019852362875));
#4360 = CARTESIAN_POINT ('', (2.4489363001187, 0., -7.14920387818436));
#4361 = TRIMMED_CURVE ('', #4358, (#4359), (#4360), .T., .CARTESIAN.);
#4362 = CARTESIAN_POINT ('', (2.4489363001187, 0., -7.14920387818436));
#4363 = DIRECTION ('', (0.116618075958709, 0., 1.15034377593716));
#4364 = VECTOR ('', #4363, 1.1562398447025);
#4365 = LINE ('', #4362, #4364);
#4366 = CARTESIAN_POINT ('', (2.4489363001187, 0., -7.14920387818436));
#4367 = CARTESIAN_POINT ('', (2.56555437607741, 0., -5.9988601022472));
#4368 = TRIMMED_CURVE ('', #4365, (#4366), (#4367), .T., .CARTESIAN.);
#4369 = CARTESIAN_POINT ('', (2.56555437607741, 0., -5.9988601022472));
#4370 = DIRECTION ('', (0.189673108710082, 0., 5.88218487054082));
#4371 = VECTOR ('', #4370, 5.88524211391401);
#4372 = LINE ('', #4369, #4371);
#4373 = CARTESIAN_POINT ('', (2.56555437607741, 0., -5.9988601022472));
#4374 = CARTESIAN_POINT ('', (2.75522748478749, 0., -0.116675231706384));
#4375 = TRIMMED_CURVE ('', #4372, (#4373), (#4374), .T., .CARTESIAN.);
#4376 = CARTESIAN_POINT ('', (2.75522748478749, 0., -0.116675231706384));
#4377 = DIRECTION ('', (-0.000340951473544848, 0., 20.1166752317064));
#4378 = VECTOR ('', #4377, 20.1166752345957);
#4379 = LINE ('', #4376, #4378);
#4380 = CARTESIAN_POINT ('', (2.75522748478749, 0., -0.116675231706384));
#4381 = CARTESIAN_POINT ('', (2.75488653331394, 0., 20.));
#4382 = TRIMMED_CURVE ('', #4379, (#4380), (#4381), .T., .CARTESIAN.);
#4383 = CARTESIAN_POINT ('', (2.75488653331394, 0., 20.));
#4384 = DIRECTION ('', (-1.8612804292939E-5, -0.271861224025428, 1.57288129568578));
#4385 = VECTOR ('', #4384, 1.59620302461599);
#4386 = LINE ('', #4383, #4385);
#4387 = CARTESIAN_POINT ('', (2.75488653331394, 0., 20.));
#4388 = CARTESIAN_POINT ('', (2.75486792050965, -0.271861224025428, 21.5728812956858));
#4389 = TRIMMED_CURVE ('', #4386, (#4387), (#4388), .T., .CARTESIAN.);
#4390 = CARTESIAN_POINT ('', (2.75486792050965, -0.271861224025428, 21.5728812956858));
#4391 = DIRECTION ('', (-5.77205760965427E-7, -0.0101617932150888, 0.051799542376628));
#4392 = VECTOR ('', #4391, 0.0527868793556455);
#4393 = LINE ('', #4390, #4392);
#4394 = CARTESIAN_POINT ('', (2.75486792050965, -0.271861224025428, 21.5728812956858));
#4395 = CARTESIAN_POINT ('', (2.75486734330389, -0.282023017240517, 21.6246808380624));
#4396 = TRIMMED_CURVE ('', #4393, (#4394), (#4395), .T., .CARTESIAN.);
#4397 = CARTESIAN_POINT ('', (2.75486734330389, -0.282023017240517, 21.6246808380624));
#4398 = DIRECTION ('', (-6.3940048189437E-7, -0.0396139398835304, 0.0349321389397232));
#4399 = VECTOR ('', #4398, 0.0528158931043386);
#4400 = LINE ('', #4397, #4399);
#4401 = CARTESIAN_POINT ('', (2.75486734330389, -0.282023017240517, 21.6246808380624));
#4402 = CARTESIAN_POINT ('', (2.75486670390341, -0.321636957124048, 21.6596129770021));
#4403 = TRIMMED_CURVE ('', #4400, (#4401), (#4402), .T., .CARTESIAN.);
#4404 = CARTESIAN_POINT ('', (2.75486670390341, -0.321636957124048, 21.6596129770021));
#4405 = DIRECTION ('', (-1.83992541922251E-5, -1.17034244427363, 1.05831624910311));
#4406 = VECTOR ('', #4405, 1.57788932448464);
#4407 = LINE ('', #4404, #4406);
#4408 = CARTESIAN_POINT ('', (2.75486670390341, -0.321636957124048, 21.6596129770021));
#4409 = CARTESIAN_POINT ('', (2.75484830464921, -1.49197940139768, 22.7179292261052));
#4410 = TRIMMED_CURVE ('', #4407, (#4408), (#4409), .T., .CARTESIAN.);
#4411 = CARTESIAN_POINT ('', (2.75484830464921, -1.49197940139768, 22.7179292261052));
#4412 = DIRECTION ('', (-0.00173255136864769, -85.3502363809059, 56.2577397400582));
#4413 = VECTOR ('', #4412, 102.22326610874);
#4414 = LINE ('', #4411, #4413);
#4415 = CARTESIAN_POINT ('', (2.75484830464921, -1.49197940139768, 22.7179292261052));
#4416 = CARTESIAN_POINT ('', (2.75311575328057, -86.8422157823036, 78.9756689661634));
#4417 = TRIMMED_CURVE ('', #4414, (#4415), (#4416), .T., .CARTESIAN.);
#4418 = CARTESIAN_POINT ('', (2.75311575328057, -86.8422157823036, 78.9756689661634));
#4419 = DIRECTION ('', (-0.019222675293658, -4.37648312119289, 2.69844007626855));
#4420 = VECTOR ('', #4419, 5.14155160107763);
#4421 = LINE ('', #4418, #4420);
#4422 = CARTESIAN_POINT ('', (2.75311575328057, -86.8422157823036, 78.9756689661634));
#4423 = CARTESIAN_POINT ('', (2.73389307798691, -91.2186989034965, 81.674109042432));
#4424 = TRIMMED_CURVE ('', #4421, (#4422), (#4423), .T., .CARTESIAN.);
#4425 = CARTESIAN_POINT ('', (2.73389307798691, -91.2186989034965, 81.674109042432));
#4426 = DIRECTION ('', (-0.0124430747118449, -6.63444043739629, 4.15378850466689));
#4427 = VECTOR ('', #4426, 7.82751005677861);
#4428 = LINE ('', #4425, #4427);
#4429 = CARTESIAN_POINT ('', (2.73389307798691, -91.2186989034965, 81.674109042432));
#4430 = CARTESIAN_POINT ('', (2.72145000327506, -97.8531393408928, 85.8278975470988));
#4431 = TRIMMED_CURVE ('', #4428, (#4429), (#4430), .T., .CARTESIAN.);
#4432 = CARTESIAN_POINT ('', (2.72145000327506, -97.8531393408928, 85.8278975470988));
#4433 = DIRECTION ('', (-0.044022559008817, -2.06232777860865, 1.25038037586063));
#4434 = VECTOR ('', #4433, 2.41217431717941);
#4435 = LINE ('', #4432, #4434);
#4436 = CARTESIAN_POINT ('', (2.72145000327506, -97.8531393408928, 85.8278975470988));
#4437 = CARTESIAN_POINT ('', (2.67742744426625, -99.9154671195014, 87.0782779229595));
#4438 = TRIMMED_CURVE ('', #4435, (#4436), (#4437), .T., .CARTESIAN.);
#4439 = CARTESIAN_POINT ('', (2.67742744426625, -99.9154671195014, 87.0782779229595));
#4440 = DIRECTION ('', (-0.244949490194076, -9.19531515985051, 5.18442652554282));
#4441 = VECTOR ('', #4440, 10.5589819367435);
#4442 = LINE ('', #4439, #4441);
#4443 = CARTESIAN_POINT ('', (2.67742744426625, -99.9154671195014, 87.0782779229595));
#4444 = CARTESIAN_POINT ('', (2.43247795407217, -109.110782279352, 92.2627044485023));
#4445 = TRIMMED_CURVE ('', #4442, (#4443), (#4444), .T., .CARTESIAN.);
#4446 = CARTESIAN_POINT ('', (2.43247795407217, -109.110782279352, 92.2627044485023));
#4447 = DIRECTION ('', (-0.108849854823521, -4.94124992488982, 2.82840680413847));
#4448 = VECTOR ('', #4447, 5.69453107470804);
#4449 = LINE ('', #4446, #4448);
#4450 = CARTESIAN_POINT ('', (2.43247795407217, -109.110782279352, 92.2627044485023));
#4451 = CARTESIAN_POINT ('', (2.32362809924865, -114.052032204242, 95.0911112526408));
#4452 = TRIMMED_CURVE ('', #4449, (#4450), (#4451), .T., .CARTESIAN.);
#4453 = CARTESIAN_POINT ('', (2.32362809924865, -114.052032204242, 95.0911112526408));
#4454 = DIRECTION ('', (-1.30369184401687, -31.5043110927979, 17.4832197374672));
#4455 = VECTOR ('', #4454, 36.0539068929361);
#4456 = LINE ('', #4453, #4455);
#4457 = CARTESIAN_POINT ('', (2.32362809924865, -114.052032204242, 95.0911112526408));
#4458 = CARTESIAN_POINT ('', (1.01993625523178, -145.55634329704, 112.574330990108));
#4459 = TRIMMED_CURVE ('', #4456, (#4457), (#4458), .T., .CARTESIAN.);
#4460 = CARTESIAN_POINT ('', (1.01993625523178, -145.55634329704, 112.574330990108));
#4461 = DIRECTION ('', (-0.0941971524170249, -3.29592242376643, 1.86143399692369));
#4462 = VECTOR ('', #4461, 3.78641179111744);
#4463 = LINE ('', #4460, #4462);
#4464 = CARTESIAN_POINT ('', (1.01993625523178, -145.55634329704, 112.574330990108));
#4465 = CARTESIAN_POINT ('', (0.925739102814754, -148.852265720806, 114.435764987032));
#4466 = TRIMMED_CURVE ('', #4463, (#4464), (#4465), .T., .CARTESIAN.);
#4467 = CARTESIAN_POINT ('', (0.925739102814754, -148.852265720806, 114.435764987032));
#4468 = DIRECTION ('', (-0.924949257820725, -31.0697181485758, 19.5213785672703));
#4469 = VECTOR ('', #4468, 36.7051377620104);
#4470 = LINE ('', #4467, #4469);
#4471 = CARTESIAN_POINT ('', (0.925739102814754, -148.852265720806, 114.435764987032));
#4472 = CARTESIAN_POINT ('', (0.000789844994029343, -179.921983869382, 133.957143554302));
#4473 = TRIMMED_CURVE ('', #4470, (#4471), (#4472), .T., .CARTESIAN.);
#4474 = CARTESIAN_POINT ('', (0., 0., -67.42));
#4475 = DIRECTION ('', (6.47024876075266, 0., 49.3487860767358));
#4476 = VECTOR ('', #4475, 49.771144313482);
#4477 = LINE ('', #4474, #4476);
#4478 = CARTESIAN_POINT ('', (0., 0., -67.42));
#4479 = CARTESIAN_POINT ('', (6.47024876075266, 0., -18.0712139232642));
#4480 = TRIMMED_CURVE ('', #4477, (#4478), (#4479), .T., .CARTESIAN.);
#4481 = CARTESIAN_POINT ('', (6.47024876075266, 0., -18.0712139232642));
#4482 = DIRECTION ('', (0.587964447553301, 0., 11.6691565472142));
#4483 = VECTOR ('', #4482, 11.6839598045773);
#4484 = LINE ('', #4481, #4483);
#4485 = CARTESIAN_POINT ('', (6.47024876075266, 0., -18.0712139232642));
#4486 = CARTESIAN_POINT ('', (7.05821320830596, 0., -6.40205737605007));
#4487 = TRIMMED_CURVE ('', #4484, (#4485), (#4486), .T., .CARTESIAN.);
#4488 = CARTESIAN_POINT ('', (7.05821320830596, 0., -6.40205737605007));
#4489 = DIRECTION ('', (0.369634736747785, 0., 1.1598154933031));
#4490 = VECTOR ('', #4489, 1.21729282307772);
#4491 = LINE ('', #4488, #4490);
#4492 = CARTESIAN_POINT ('', (7.05821320830596, 0., -6.40205737605007));
#4493 = CARTESIAN_POINT ('', (7.42784794505375, 0., -5.24224188274697));
#4494 = TRIMMED_CURVE ('', #4491, (#4492), (#4493), .T., .CARTESIAN.);
#4495 = CARTESIAN_POINT ('', (7.42784794505375, 0., -5.24224188274697));
#4496 = DIRECTION ('', (0.401469962476972, 0., 4.28782123737265));
#4497 = VECTOR ('', #4496, 4.3065751002897);
#4498 = LINE ('', #4495, #4497);
#4499 = CARTESIAN_POINT ('', (7.42784794505375, 0., -5.24224188274697));
#4500 = CARTESIAN_POINT ('', (7.82931790753072, 0., -0.954420645374316));
#4501 = TRIMMED_CURVE ('', #4498, (#4499), (#4500), .T., .CARTESIAN.);
#4502 = CARTESIAN_POINT ('', (7.82931790753072, 0., -0.954420645374316));
#4503 = DIRECTION ('', (0.00454531883589304, 0., 20.9544206453743));
#4504 = VECTOR ('', #4503, 20.9544211383472);
#4505 = LINE ('', #4502, #4504);
#4506 = CARTESIAN_POINT ('', (7.82931790753072, 0., -0.954420645374316));
#4507 = CARTESIAN_POINT ('', (7.83386322636661, 0., 20.));
#4508 = TRIMMED_CURVE ('', #4505, (#4506), (#4507), .T., .CARTESIAN.);
#4509 = CARTESIAN_POINT ('', (7.83386322636661, 0., 20.));
#4510 = DIRECTION ('', (0.00023821227268872, -0.271861230629657, 1.57288129190351));
#4511 = VECTOR ('', #4510, 1.59620303968029);
#4512 = LINE ('', #4509, #4511);
#4513 = CARTESIAN_POINT ('', (7.83386322636661, 0., 20.));
#4514 = CARTESIAN_POINT ('', (7.8341014386393, -0.271861230629657, 21.5728812919035));
#4515 = TRIMMED_CURVE ('', #4512, (#4513), (#4514), .T., .CARTESIAN.);
#4516 = CARTESIAN_POINT ('', (7.8341014386393, -0.271861230629657, 21.5728812919035));
#4517 = DIRECTION ('', (7.38725308746524E-6, -0.0101617934385332, 0.0517995422486592));
#4518 = VECTOR ('', #4517, 0.052786879786833);
#4519 = LINE ('', #4516, #4518);
#4520 = CARTESIAN_POINT ('', (7.8341014386393, -0.271861230629657, 21.5728812919035));
#4521 = CARTESIAN_POINT ('', (7.83410882589239, -0.28202302406819, 21.6246808341522));
#4522 = TRIMMED_CURVE ('', #4519, (#4520), (#4521), .T., .CARTESIAN.);
#4523 = CARTESIAN_POINT ('', (7.83410882589239, -0.28202302406819, 21.6246808341522));
#4524 = DIRECTION ('', (8.18323991591541E-6, -0.0396139405045478, 0.0349321385840646));
#4525 = VECTOR ('', #4524, 0.0528158939649758);
#4526 = LINE ('', #4523, #4525);
#4527 = CARTESIAN_POINT ('', (7.83410882589239, -0.28202302406819, 21.6246808341522));
#4528 = CARTESIAN_POINT ('', (7.8341170091323, -0.321636964572738, 21.6596129727362));
#4529 = TRIMMED_CURVE ('', #4526, (#4527), (#4528), .T., .CARTESIAN.);
#4530 = CARTESIAN_POINT ('', (7.8341170091323, -0.321636964572738, 21.6596129727362));
#4531 = DIRECTION ('', (0.000235479195520583, -1.17034246159038, 1.05831623918571));
#4532 = VECTOR ('', #4531, 1.57788934814076);
#4533 = LINE ('', #4530, #4532);
#4534 = CARTESIAN_POINT ('', (7.8341170091323, -0.321636964572738, 21.6596129727362));
#4535 = CARTESIAN_POINT ('', (7.83435248832782, -1.49197942616311, 22.7179292119219));
#4536 = TRIMMED_CURVE ('', #4533, (#4534), (#4535), .T., .CARTESIAN.);
#4537 = CARTESIAN_POINT ('', (7.83435248832782, -1.49197942616311, 22.7179292119219));
#4538 = DIRECTION ('', (0.0221918236558816, -85.4199436142556, 56.3036835103311));
#4539 = VECTOR ('', #4538, 102.306754597979);
#4540 = LINE ('', #4537, #4539);
#4541 = CARTESIAN_POINT ('', (7.83435248832782, -1.49197942616311, 22.7179292119219));
#4542 = CARTESIAN_POINT ('', (7.8565443119837, -86.9119230404187, 79.0216127222531));
#4543 = TRIMMED_CURVE ('', #4540, (#4541), (#4542), .T., .CARTESIAN.);
#4544 = CARTESIAN_POINT ('', (7.8565443119837, -86.9119230404187, 79.0216127222531));
#4545 = DIRECTION ('', (-0.0561677128199181, -4.54359132922413, 2.8014380525766));
#4546 = VECTOR ('', #4545, 5.33811128971552);
#4547 = LINE ('', #4544, #4546);
#4548 = CARTESIAN_POINT ('', (7.8565443119837, -86.9119230404187, 79.0216127222531));
#4549 = CARTESIAN_POINT ('', (7.80037659916379, -91.4555143696428, 81.8230507748297));
#4550 = TRIMMED_CURVE ('', #4547, (#4548), (#4549), .T., .CARTESIAN.);
#4551 = CARTESIAN_POINT ('', (7.80037659916379, -91.4555143696428, 81.8230507748297));
#4552 = DIRECTION ('', (-0.0318816336975569, -6.1966112200457, 3.87977381755123));
#4553 = VECTOR ('', #4552, 7.31106366586418);
#4554 = LINE ('', #4551, #4553);
#4555 = CARTESIAN_POINT ('', (7.80037659916379, -91.4555143696428, 81.8230507748297));
#4556 = CARTESIAN_POINT ('', (7.76849496546623, -97.6521255896885, 85.7028245923809));
#4557 = TRIMMED_CURVE ('', #4554, (#4555), (#4556), .T., .CARTESIAN.);
#4558 = CARTESIAN_POINT ('', (7.76849496546623, -97.6521255896885, 85.7028245923809));
#4559 = DIRECTION ('', (-0.153161401279519, -2.51623956562257, 1.5253890606798));
#4560 = VECTOR ('', #4559, 2.94647785548915);
#4561 = LINE ('', #4558, #4560);
#4562 = CARTESIAN_POINT ('', (7.76849496546623, -97.6521255896885, 85.7028245923809));
#4563 = CARTESIAN_POINT ('', (7.61533356418671, -100.168365155311, 87.2282136530607));
#4564 = TRIMMED_CURVE ('', #4561, (#4562), (#4563), .T., .CARTESIAN.);
#4565 = CARTESIAN_POINT ('', (7.61533356418671, -100.168365155311, 87.2282136530607));
#4566 = DIRECTION ('', (-0.662902349453101, -8.72549864018609, 4.91846728406531));
#4567 = VECTOR ('', #4566, 10.0381814323721);
#4568 = LINE ('', #4565, #4567);
#4569 = CARTESIAN_POINT ('', (7.61533356418671, -100.168365155311, 87.2282136530607));
#4570 = CARTESIAN_POINT ('', (6.95243121473361, -108.893863795497, 92.146680937126));
#4571 = TRIMMED_CURVE ('', #4568, (#4569), (#4570), .T., .CARTESIAN.);
#4572 = CARTESIAN_POINT ('', (6.95243121473361, -108.893863795497, 92.146680937126));
#4573 = DIRECTION ('', (-0.321998873875458, -5.1358943520426, 2.9397181552508));
#4574 = VECTOR ('', #4573, 5.92646917670473);
#4575 = LINE ('', #4572, #4574);
#4576 = CARTESIAN_POINT ('', (6.95243121473361, -108.893863795497, 92.146680937126));
#4577 = CARTESIAN_POINT ('', (6.63043234085815, -114.02975814754, 95.0863990923768));
#4578 = TRIMMED_CURVE ('', #4575, (#4576), (#4577), .T., .CARTESIAN.);
#4579 = CARTESIAN_POINT ('', (6.63043234085815, -114.02975814754, 95.0863990923768));
#4580 = DIRECTION ('', (-3.7266450024844, -31.5256720958113, 17.4894881600657));
#4581 = VECTOR ('', #4580, 36.2441454605876);
#4582 = LINE ('', #4579, #4581);
#4583 = CARTESIAN_POINT ('', (6.63043234085815, -114.02975814754, 95.0863990923768));
#4584 = CARTESIAN_POINT ('', (2.90378733837375, -145.555430243351, 112.575887252442));
#4585 = TRIMMED_CURVE ('', #4582, (#4583), (#4584), .T., .CARTESIAN.);
#4586 = CARTESIAN_POINT ('', (2.90378733837375, -145.555430243351, 112.575887252442));
#4587 = DIRECTION ('', (-0.27405804910526, -3.36497734376397, 1.90020130125239));
#4588 = VECTOR ('', #4587, 3.87413801039734);
#4589 = LINE ('', #4586, #4588);
#4590 = CARTESIAN_POINT ('', (2.90378733837375, -145.555430243351, 112.575887252442));
#4591 = CARTESIAN_POINT ('', (2.62972928926849, -148.920407587115, 114.476088553695));
#4592 = TRIMMED_CURVE ('', #4589, (#4590), (#4591), .T., .CARTESIAN.);
#4593 = CARTESIAN_POINT ('', (2.62972928926849, -148.920407587115, 114.476088553695));
#4594 = DIRECTION ('', (-2.63152290977597, -31.0017387500892, 19.4807780809081));
#4595 = VECTOR ('', #4594, 36.7087650703623);
#4596 = LINE ('', #4593, #4595);
#4597 = CARTESIAN_POINT ('', (2.62972928926849, -148.920407587115, 114.476088553695));
#4598 = CARTESIAN_POINT ('', (-0.00179362050747889, -179.922146337204, 133.956866634603));
#4599 = TRIMMED_CURVE ('', #4596, (#4597), (#4598), .T., .CARTESIAN.);
#4600 = (
   LENGTH_UNIT ()
   NAMED_UNIT (*)
   SI_UNIT (.MILLI., .METRE.)
);
#4601 = (
   NAMED_UNIT (*)
   SI_UNIT ($, .STERADIAN.)
   SOLID_ANGLE_UNIT ()
);
#4602 = (
   NAMED_UNIT (*)
   SI_UNIT ($, .RADIAN.)
   PLANE_ANGLE_UNIT ()
);
#4603 = UNCERTAINTY_MEASURE_WITH_UNIT (LENGTH_MEASURE(0.0001), #4600, 'DISTANCE_ACCURACY_VALUE', '');
#4604 = (
   GEOMETRIC_REPRESENTATION_CONTEXT (3)
   GLOBAL_UNCERTAINTY_ASSIGNED_CONTEXT ((#4603))
   GLOBAL_UNIT_ASSIGNED_CONTEXT ((#4600, #4601, #4602))
   REPRESENTATION_CONTEXT ('', '3D')
);
#4605 = GEOMETRICALLY_BOUNDED_SURFACE_SHAPE_REPRESENTATION ('', (#742), #4604);
#4606 = APPLICATION_CONTEXT ('configuration controlled 3D designs of mechanical parts and assemblies');
#4607 = APPLICATION_PROTOCOL_DEFINITION ('International Standard', 'config_control_design', 1997, #4606);
#4608 = MECHANICAL_CONTEXT ('', #4606, 'mechanical');
#4609 = PRODUCT ('NONE', '', '', (#4608));
#4610 = PERSON_AND_ORGANIZATION_ROLE ('design_owner');
#4611 = PERSON ('', '', $, $, $, $);
#4612 = ORGANIZATION ($, '', '');
#4613 = PERSON_AND_ORGANIZATION (#4611, #4612);
#4614 = CC_DESIGN_PERSON_AND_ORGANIZATION_ASSIGNMENT (#4613, #4610, (#4609));
#4615 = PRODUCT_RELATED_PRODUCT_CATEGORY ('detail', $, (#4609));
#4616 = PRODUCT_DEFINITION_FORMATION_WITH_SPECIFIED_SOURCE ('', '', #4609, .NOT_KNOWN.);
#4617 = APPROVAL_STATUS ('approved');
#4618 = APPROVAL (#4617, '');
#4619 = CALENDAR_DATE (2026, 15, 8);
#4620 = COORDINATED_UNIVERSAL_TIME_OFFSET (0, $, .AHEAD.);
#4621 = LOCAL_TIME (16, 29, 17., #4620);
#4622 = DATE_AND_TIME (#4619, #4621);
#4623 = APPROVAL_DATE_TIME (#4622, #4618);
#4624 = APPROVAL_ROLE ('');
#4625 = PERSON ('', '', $, $, $, $);
#4626 = ORGANIZATION ($, '', '');
#4627 = PERSON_AND_ORGANIZATION (#4625, #4626);
#4628 = APPROVAL_PERSON_ORGANIZATION (#4627, #4618, #4624);
#4629 = CC_DESIGN_APPROVAL (#4618, (#4616));
#4630 = PERSON_AND_ORGANIZATION_ROLE ('creator');
#4631 = PERSON ('', '', $, $, $, $);
#4632 = ORGANIZATION ($, '', '');
#4633 = PERSON_AND_ORGANIZATION (#4631, #4632);
#4634 = CC_DESIGN_PERSON_AND_ORGANIZATION_ASSIGNMENT (#4633, #4630, (#4616));
#4635 = PERSON_AND_ORGANIZATION_ROLE ('part_supplier');
#4636 = PERSON ('', '', $, $, $, $);
#4637 = ORGANIZATION ($, '', '');
#4638 = PERSON_AND_ORGANIZATION (#4636, #4637);
#4639 = CC_DESIGN_PERSON_AND_ORGANIZATION_ASSIGNMENT (#4638, #4635, (#4616));
#4640 = SECURITY_CLASSIFICATION_LEVEL ('unclassified');
#4641 = SECURITY_CLASSIFICATION ('', '', #4640);
#4642 = APPROVAL_STATUS ('approved');
#4643 = APPROVAL (#4642, '');
#4644 = CALENDAR_DATE (2026, 15, 8);
#4645 = COORDINATED_UNIVERSAL_TIME_OFFSET (0, $, .AHEAD.);
#4646 = LOCAL_TIME (16, 29, 17., #4645);
#4647 = DATE_AND_TIME (#4644, #4646);
#4648 = APPROVAL_DATE_TIME (#4647, #4643);
#4649 = APPROVAL_ROLE ('');
#4650 = PERSON ('', '', $, $, $, $);
#4651 = ORGANIZATION ($, '', '');
#4652 = PERSON_AND_ORGANIZATION (#4650, #4651);
#4653 = APPROVAL_PERSON_ORGANIZATION (#4652, #4643, #4649);
#4654 = CC_DESIGN_APPROVAL (#4643, (#4641));
#4655 = DATE_TIME_ROLE ('classification_date');
#4656 = CALENDAR_DATE (2026, 15, 8);
#4657 = COORDINATED_UNIVERSAL_TIME_OFFSET (0, $, .AHEAD.);
#4658 = LOCAL_TIME (16, 29, 17., #4657);
#4659 = DATE_AND_TIME (#4656, #4658);
#4660 = CC_DESIGN_DATE_AND_TIME_ASSIGNMENT (#4659, #4655, (#4641));
#4661 = PERSON_AND_ORGANIZATION_ROLE ('classification_officer');
#4662 = PERSON ('', '', $, $, $, $);
#4663 = ORGANIZATION ($, '', '');
#4664 = PERSON_AND_ORGANIZATION (#4662, #4663);
#4665 = CC_DESIGN_PERSON_AND_ORGANIZATION_ASSIGNMENT (#4664, #4661, (#4641));
#4666 = CC_DESIGN_SECURITY_CLASSIFICATION (#4641, (#4616));
#4667 = DESIGN_CONTEXT ('', #4606, 'design');
#4668 = PRODUCT_DEFINITION ('', '', #4616, #4667);
#4669 = APPROVAL_STATUS ('approved');
#4670 = APPROVAL (#4669, '');
#4671 = CALENDAR_DATE (2026, 15, 8);
#4672 = COORDINATED_UNIVERSAL_TIME_OFFSET (0, $, .AHEAD.);
#4673 = LOCAL_TIME (16, 29, 17., #4672);
#4674 = DATE_AND_TIME (#4671, #4673);
#4675 = APPROVAL_DATE_TIME (#4674, #4670);
#4676 = APPROVAL_ROLE ('');
#4677 = PERSON ('', '', $, $, $, $);
#4678 = ORGANIZATION ($, '', '');
#4679 = PERSON_AND_ORGANIZATION (#4677, #4678);
#4680 = APPROVAL_PERSON_ORGANIZATION (#4679, #4670, #4676);
#4681 = CC_DESIGN_APPROVAL (#4670, (#4668));
#4682 = DATE_TIME_ROLE ('creation_date');
#4683 = CALENDAR_DATE (2026, 15, 8);
#4684 = COORDINATED_UNIVERSAL_TIME_OFFSET (0, $, .AHEAD.);
#4685 = LOCAL_TIME (16, 29, 17., #4684);
#4686 = DATE_AND_TIME (#4683, #4685);
#4687 = CC_DESIGN_DATE_AND_TIME_ASSIGNMENT (#4686, #4682, (#4668));
#4688 = PERSON_AND_ORGANIZATION_ROLE ('creator');
#4689 = PERSON ('', '', $, $, $, $);
#4690 = ORGANIZATION ($, '', '');
#4691 = PERSON_AND_ORGANIZATION (#4689, #4690);
#4692 = CC_DESIGN_PERSON_AND_ORGANIZATION_ASSIGNMENT (#4691, #4688, (#4668));
#4693 = PRODUCT_DEFINITION_SHAPE ('', '', #4668);
#4694 = SHAPE_DEFINITION_REPRESENTATION (#4693, #4605);
#4695 = ADVANCED_BREP_SHAPE_REPRESENTATION ('', (#87, #150, #212, #274, #336, #423, #485, #547, #609, #671, #733), #4604);
#4696 = APPLICATION_CONTEXT ('configuration controlled 3D designs of mechanical parts and assemblies');
#4697 = APPLICATION_PROTOCOL_DEFINITION ('International Standard', 'config_control_design', 1997, #4696);
#4698 = MECHANICAL_CONTEXT ('', #4696, 'mechanical');
#4699 = PRODUCT ('NONE', '', '', (#4698));
#4700 = PERSON_AND_ORGANIZATION_ROLE ('design_owner');
#4701 = PERSON ('', '', $, $, $, $);
#4702 = ORGANIZATION ($, '', '');
#4703 = PERSON_AND_ORGANIZATION (#4701, #4702);
#4704 = CC_DESIGN_PERSON_AND_ORGANIZATION_ASSIGNMENT (#4703, #4700, (#4699));
#4705 = PRODUCT_RELATED_PRODUCT_CATEGORY ('detail', $, (#4699));
#4706 = PRODUCT_DEFINITION_FORMATION_WITH_SPECIFIED_SOURCE ('', '', #4699, .NOT_KNOWN.);
#4707 = APPROVAL_STATUS ('approved');
#4708 = APPROVAL (#4707, '');
#4709 = CALENDAR_DATE (2026, 15, 8);
#4710 = COORDINATED_UNIVERSAL_TIME_OFFSET (0, $, .AHEAD.);
#4711 = LOCAL_TIME (16, 29, 17., #4710);
#4712 = DATE_AND_TIME (#4709, #4711);
#4713 = APPROVAL_DATE_TIME (#4712, #4708);
#4714 = APPROVAL_ROLE ('');
#4715 = PERSON ('', '', $, $, $, $);
#4716 = ORGANIZATION ($, '', '');
#4717 = PERSON_AND_ORGANIZATION (#4715, #4716);
#4718 = APPROVAL_PERSON_ORGANIZATION (#4717, #4708, #4714);
#4719 = CC_DESIGN_APPROVAL (#4708, (#4706));
#4720 = PERSON_AND_ORGANIZATION_ROLE ('creator');
#4721 = PERSON ('', '', $, $, $, $);
#4722 = ORGANIZATION ($, '', '');
#4723 = PERSON_AND_ORGANIZATION (#4721, #4722);
#4724 = CC_DESIGN_PERSON_AND_ORGANIZATION_ASSIGNMENT (#4723, #4720, (#4706));
#4725 = PERSON_AND_ORGANIZATION_ROLE ('part_supplier');
#4726 = PERSON ('', '', $, $, $, $);
#4727 = ORGANIZATION ($, '', '');
#4728 = PERSON_AND_ORGANIZATION (#4726, #4727);
#4729 = CC_DESIGN_PERSON_AND_ORGANIZATION_ASSIGNMENT (#4728, #4725, (#4706));
#4730 = SECURITY_CLASSIFICATION_LEVEL ('unclassified');
#4731 = SECURITY_CLASSIFICATION ('', '', #4730);
#4732 = APPROVAL_STATUS ('approved');
#4733 = APPROVAL (#4732, '');
#4734 = CALENDAR_DATE (2026, 15, 8);
#4735 = COORDINATED_UNIVERSAL_TIME_OFFSET (0, $, .AHEAD.);
#4736 = LOCAL_TIME (16, 29, 17., #4735);
#4737 = DATE_AND_TIME (#4734, #4736);
#4738 = APPROVAL_DATE_TIME (#4737, #4733);
#4739 = APPROVAL_ROLE ('');
#4740 = PERSON ('', '', $, $, $, $);
#4741 = ORGANIZATION ($, '', '');
#4742 = PERSON_AND_ORGANIZATION (#4740, #4741);
#4743 = APPROVAL_PERSON_ORGANIZATION (#4742, #4733, #4739);
#4744 = CC_DESIGN_APPROVAL (#4733, (#4731));
#4745 = DATE_TIME_ROLE ('classification_date');
#4746 = CALENDAR_DATE (2026, 15, 8);
#4747 = COORDINATED_UNIVERSAL_TIME_OFFSET (0, $, .AHEAD.);
#4748 = LOCAL_TIME (16, 29, 17., #4747);
#4749 = DATE_AND_TIME (#4746, #4748);
#4750 = CC_DESIGN_DATE_AND_TIME_ASSIGNMENT (#4749, #4745, (#4731));
#4751 = PERSON_AND_ORGANIZATION_ROLE ('classification_officer');
#4752 = PERSON ('', '', $, $, $, $);
#4753 = ORGANIZATION ($, '', '');
#4754 = PERSON_AND_ORGANIZATION (#4752, #4753);
#4755 = CC_DESIGN_PERSON_AND_ORGANIZATION_ASSIGNMENT (#4754, #4751, (#4731));
#4756 = CC_DESIGN_SECURITY_CLASSIFICATION (#4731, (#4706));
#4757 = DESIGN_CONTEXT ('', #4696, 'design');
#4758 = PRODUCT_DEFINITION ('', '', #4706, #4757);
#4759 = APPROVAL_STATUS ('approved');
#4760 = APPROVAL (#4759, '');
#4761 = CALENDAR_DATE (2026, 15, 8);
#4762 = COORDINATED_UNIVERSAL_TIME_OFFSET (0, $, .AHEAD.);
#4763 = LOCAL_TIME (16, 29, 17., #4762);
#4764 = DATE_AND_TIME (#4761, #4763);
#4765 = APPROVAL_DATE_TIME (#4764, #4760);
#4766 = APPROVAL_ROLE ('');
#4767 = PERSON ('', '', $, $, $, $);
#4768 = ORGANIZATION ($, '', '');
#4769 = PERSON_AND_ORGANIZATION (#4767, #4768);
#4770 = APPROVAL_PERSON_ORGANIZATION (#4769, #4760, #4766);
#4771 = CC_DESIGN_APPROVAL (#4760, (#4758));
#4772 = DATE_TIME_ROLE ('creation_date');
#4773 = CALENDAR_DATE (2026, 15, 8);
#4774 = COORDINATED_UNIVERSAL_TIME_OFFSET (0, $, .AHEAD.);
#4775 = LOCAL_TIME (16, 29, 17., #4774);
#4776 = DATE_AND_TIME (#4773, #4775);
#4777 = CC_DESIGN_DATE_AND_TIME_ASSIGNMENT (#4776, #4772, (#4758));
#4778 = PERSON_AND_ORGANIZATION_ROLE ('creator');
#4779 = PERSON ('', '', $, $, $, $);
#4780 = ORGANIZATION ($, '', '');
#4781 = PERSON_AND_ORGANIZATION (#4779, #4780);
#4782 = CC_DESIGN_PERSON_AND_ORGANIZATION_ASSIGNMENT (#4781, #4778, (#4758));
#4783 = PRODUCT_DEFINITION_SHAPE ('', '', #4758);
#4784 = SHAPE_DEFINITION_REPRESENTATION (#4783, #4695);
ENDSEC;
END-ISO-10303-21;
