ISO-10303-21;
HEADER;
/* Generated by software containing ST-Developer
 * from STEP Tools, Inc. (www.steptools.com) 
 */

FILE_DESCRIPTION(
/* description */ (''),
/* implementation_level */ '2;1');

FILE_NAME(
/* name */ 'Spectrometer Base.stp',
/* time_stamp */ '2026-08-19T10:47:52-04:00',
/* author */ ('eliqu'),
/* organization */ (''),
/* preprocessor_version */ 'ST-DEVELOPER v20',
/* originating_system */ 'Autodesk Inventor 2025',
/* authorisation */ '');

FILE_SCHEMA (('CONFIG_CONTROL_DESIGN'));
ENDSEC;

DATA;
#10=MECHANICAL_DESIGN_GEOMETRIC_PRESENTATION_REPRESENTATION('',(#59,#60,
#61,#62,#63,#64,#65,#66,#67,#68,#69,#70,#71,#72,#73,#74,#75,#76,#77,#78,
#79,#80,#81,#82,#83,#84,#85),#6006);
#11=GEOMETRICALLY_BOUNDED_WIREFRAME_SHAPE_REPRESENTATION('',(#12,#13),#6005);
#12=GEOMETRIC_CURVE_SET('Sketch7',(#5953));
#13=GEOMETRIC_CURVE_SET('Sketch21',(#39,#17,#18,#19,#20,#21,#22,#23,#24,
#25,#26,#27,#28,#29,#30,#31,#32,#33,#34,#35,#36,#37,#38,#6001,#6002));
#14=SHAPE_REPRESENTATION_RELATIONSHIP('SRR','None',#6017,#16);
#15=SHAPE_REPRESENTATION_RELATIONSHIP('SRR','None',#6017,#11);
#16=ADVANCED_BREP_SHAPE_REPRESENTATION('',(#42,#43),#6005);
#17=POLYLINE('',(#5957,#5958));
#18=POLYLINE('',(#5959,#5960));
#19=POLYLINE('',(#5961,#5962));
#20=POLYLINE('',(#5963,#5964));
#21=POLYLINE('',(#5965,#5966));
#22=POLYLINE('',(#5967,#5968));
#23=POLYLINE('',(#5969,#5970));
#24=POLYLINE('',(#5971,#5972));
#25=POLYLINE('',(#5973,#5974));
#26=POLYLINE('',(#5975,#5976));
#27=POLYLINE('',(#5977,#5978));
#28=POLYLINE('',(#5979,#5980));
#29=POLYLINE('',(#5981,#5982));
#30=POLYLINE('',(#5983,#5984));
#31=POLYLINE('',(#5985,#5986));
#32=POLYLINE('',(#5987,#5988));
#33=POLYLINE('',(#5989,#5990));
#34=POLYLINE('',(#5991,#5992));
#35=POLYLINE('',(#5993,#5994));
#36=POLYLINE('',(#5995,#5996));
#37=POLYLINE('',(#5997,#5998));
#38=POLYLINE('',(#5999,#6000));
#39=TRIMMED_CURVE('',#307,(#5955,PARAMETER_VALUE(4.37010039086979)),(#5956,
PARAMETER_VALUE(5.05467756989959)),.T.,.PARAMETER.);
#40=(
BOUNDED_CURVE()
B_SPLINE_CURVE(2,(#5938,#5939,#5940),.UNSPECIFIED.,.F.,.F.)
B_SPLINE_CURVE_WITH_KNOTS((3,3),(2.27960371965067,2.28678818311925),
 .UNSPECIFIED.)
CURVE()
GEOMETRIC_REPRESENTATION_ITEM()
RATIONAL_B_SPLINE_CURVE((1.43301302577997,1.43301516953102,1.43301302577997))
REPRESENTATION_ITEM('')
);
#41=(
BOUNDED_CURVE()
B_SPLINE_CURVE(2,(#5945,#5946,#5947),.UNSPECIFIED.,.F.,.F.)
B_SPLINE_CURVE_WITH_KNOTS((3,3),(2.27960371965171,2.2867881831183),
 .UNSPECIFIED.)
CURVE()
GEOMETRIC_REPRESENTATION_ITEM()
RATIONAL_B_SPLINE_CURVE((1.43301302577999,1.43301516953105,1.43301302577999))
REPRESENTATION_ITEM('')
);
#42=MANIFOLD_SOLID_BREP('Solid1',#3620);
#43=MANIFOLD_SOLID_BREP('Solid1',#3621);
#44=SPHERICAL_SURFACE('',#3843,3.77716535433071);
#45=SPHERICAL_SURFACE('',#3866,4.41771653543307);
#46=SPHERICAL_SURFACE('',#3870,3.41889763779528);
#47=SPHERICAL_SURFACE('',#3886,12.8092125984252);
#48=SPHERICAL_SURFACE('',#3893,35.2444094488188);
#49=CONICAL_SURFACE('',#3831,1.,0.785398163397445);
#50=CONICAL_SURFACE('',#3836,1.,0.785398163397445);
#51=CONICAL_SURFACE('',#3841,1.,0.785398163397455);
#52=CONICAL_SURFACE('',#3882,1.,0.785398163397456);
#53=CONICAL_SURFACE('',#3884,1.00707106781187,0.785398163397441);
#54=CONICAL_SURFACE('',#3889,0.984251968503937,0.0279459644205285);
#55=CONICAL_SURFACE('',#3891,0.934251968503937,0.0265259674449981);
#56=CONICAL_SURFACE('',#3924,0.934981897756475,1.49773842832361);
#57=CONICAL_SURFACE('',#3940,0.490157480314961,0.785398163397434);
#58=CONICAL_SURFACE('',#3942,0.5,0.785398163397452);
#59=STYLED_ITEM('',(#6027),#3538);
#60=STYLED_ITEM('',(#6027),#3579);
#61=STYLED_ITEM('',(#6026),#42);
#62=STYLED_ITEM('',(#6026),#43);
#63=STYLED_ITEM('',(#6028),#39);
#64=STYLED_ITEM('',(#6028),#17);
#65=STYLED_ITEM('',(#6028),#18);
#66=STYLED_ITEM('',(#6028),#19);
#67=STYLED_ITEM('',(#6028),#20);
#68=STYLED_ITEM('',(#6028),#21);
#69=STYLED_ITEM('',(#6028),#22);
#70=STYLED_ITEM('',(#6028),#23);
#71=STYLED_ITEM('',(#6028),#24);
#72=STYLED_ITEM('',(#6028),#25);
#73=STYLED_ITEM('',(#6028),#26);
#74=STYLED_ITEM('',(#6028),#27);
#75=STYLED_ITEM('',(#6028),#28);
#76=STYLED_ITEM('',(#6028),#29);
#77=STYLED_ITEM('',(#6028),#30);
#78=STYLED_ITEM('',(#6028),#31);
#79=STYLED_ITEM('',(#6028),#32);
#80=STYLED_ITEM('',(#6028),#33);
#81=STYLED_ITEM('',(#6028),#34);
#82=STYLED_ITEM('',(#6028),#35);
#83=STYLED_ITEM('',(#6028),#36);
#84=STYLED_ITEM('',(#6028),#37);
#85=STYLED_ITEM('',(#6028),#38);
#86=CYLINDRICAL_SURFACE('',#3664,0.531496062992126);
#87=CYLINDRICAL_SURFACE('',#3667,0.0590551181102362);
#88=CYLINDRICAL_SURFACE('',#3670,0.0590551181102362);
#89=CYLINDRICAL_SURFACE('',#3673,0.0590551181102362);
#90=CYLINDRICAL_SURFACE('',#3676,0.0590551181102362);
#91=CYLINDRICAL_SURFACE('',#3682,0.3175);
#92=CYLINDRICAL_SURFACE('',#3687,0.0787401574803149);
#93=CYLINDRICAL_SURFACE('',#3690,0.078740157480315);
#94=CYLINDRICAL_SURFACE('',#3693,0.0787401574803149);
#95=CYLINDRICAL_SURFACE('',#3697,0.0787401574803148);
#96=CYLINDRICAL_SURFACE('',#3701,0.078740157480315);
#97=CYLINDRICAL_SURFACE('',#3705,0.078740157480315);
#98=CYLINDRICAL_SURFACE('',#3709,0.078740157480315);
#99=CYLINDRICAL_SURFACE('',#3712,0.078740157480315);
#100=CYLINDRICAL_SURFACE('',#3715,0.078740157480315);
#101=CYLINDRICAL_SURFACE('',#3725,0.065);
#102=CYLINDRICAL_SURFACE('',#3748,0.5);
#103=CYLINDRICAL_SURFACE('',#3765,0.139763779527559);
#104=CYLINDRICAL_SURFACE('',#3767,0.139763779527559);
#105=CYLINDRICAL_SURFACE('',#3769,0.139763779527559);
#106=CYLINDRICAL_SURFACE('',#3771,0.139763779527559);
#107=CYLINDRICAL_SURFACE('',#3773,0.139763779527559);
#108=CYLINDRICAL_SURFACE('',#3775,0.139763779527559);
#109=CYLINDRICAL_SURFACE('',#3779,0.139763779527559);
#110=CYLINDRICAL_SURFACE('',#3781,0.139763779527559);
#111=CYLINDRICAL_SURFACE('',#3789,0.241);
#112=CYLINDRICAL_SURFACE('',#3793,0.1085);
#113=CYLINDRICAL_SURFACE('',#3806,0.171259842519685);
#114=CYLINDRICAL_SURFACE('',#3811,0.0937499999999996);
#115=CYLINDRICAL_SURFACE('',#3817,0.5);
#116=CYLINDRICAL_SURFACE('',#3828,0.4);
#117=CYLINDRICAL_SURFACE('',#3834,1.);
#118=CYLINDRICAL_SURFACE('',#3838,1.);
#119=CYLINDRICAL_SURFACE('',#3846,0.984251968503937);
#120=CYLINDRICAL_SURFACE('',#3849,0.984251968503937);
#121=CYLINDRICAL_SURFACE('',#3851,0.4);
#122=CYLINDRICAL_SURFACE('',#3859,0.46);
#123=CYLINDRICAL_SURFACE('',#3874,0.934251968503937);
#124=CYLINDRICAL_SURFACE('',#3875,0.934251968503937);
#125=CYLINDRICAL_SURFACE('',#3877,0.934251968503937);
#126=CYLINDRICAL_SURFACE('',#3895,0.46);
#127=CYLINDRICAL_SURFACE('',#3919,0.1);
#128=CYLINDRICAL_SURFACE('',#3922,0.20454432631484);
#129=CYLINDRICAL_SURFACE('',#3931,0.5);
#130=CYLINDRICAL_SURFACE('',#3935,0.5);
#131=CYLINDRICAL_SURFACE('',#3937,0.065);
#132=CYLINDRICAL_SURFACE('',#3938,0.065);
#133=CYLINDRICAL_SURFACE('',#3939,0.065);
#134=CYLINDRICAL_SURFACE('',#3944,0.5);
#135=FACE_BOUND('',#497,.T.);
#136=FACE_BOUND('',#498,.T.);
#137=FACE_BOUND('',#500,.T.);
#138=FACE_BOUND('',#501,.T.);
#139=FACE_BOUND('',#502,.T.);
#140=FACE_BOUND('',#503,.T.);
#141=FACE_BOUND('',#504,.T.);
#142=FACE_BOUND('',#505,.T.);
#143=FACE_BOUND('',#506,.T.);
#144=FACE_BOUND('',#507,.T.);
#145=FACE_BOUND('',#510,.T.);
#146=FACE_BOUND('',#511,.T.);
#147=FACE_BOUND('',#512,.T.);
#148=FACE_BOUND('',#515,.T.);
#149=FACE_BOUND('',#526,.T.);
#150=FACE_BOUND('',#551,.T.);
#151=FACE_BOUND('',#554,.T.);
#152=FACE_BOUND('',#565,.T.);
#153=FACE_BOUND('',#566,.T.);
#154=FACE_BOUND('',#586,.T.);
#155=FACE_BOUND('',#599,.T.);
#156=FACE_BOUND('',#600,.T.);
#157=FACE_BOUND('',#601,.T.);
#158=FACE_BOUND('',#602,.T.);
#159=FACE_BOUND('',#603,.T.);
#160=FACE_BOUND('',#604,.T.);
#161=FACE_BOUND('',#605,.T.);
#162=FACE_BOUND('',#606,.T.);
#163=FACE_BOUND('',#607,.T.);
#164=FACE_BOUND('',#608,.T.);
#165=FACE_BOUND('',#611,.T.);
#166=FACE_BOUND('',#619,.T.);
#167=FACE_BOUND('',#627,.T.);
#168=FACE_BOUND('',#628,.T.);
#169=FACE_BOUND('',#629,.T.);
#170=FACE_BOUND('',#655,.T.);
#171=FACE_BOUND('',#656,.T.);
#172=FACE_BOUND('',#659,.T.);
#173=FACE_BOUND('',#660,.T.);
#174=FACE_BOUND('',#695,.T.);
#175=FACE_BOUND('',#696,.T.);
#176=FACE_BOUND('',#701,.T.);
#177=FACE_BOUND('',#706,.T.);
#178=FACE_BOUND('',#707,.T.);
#179=FACE_BOUND('',#708,.T.);
#180=FACE_BOUND('',#709,.T.);
#181=FACE_BOUND('',#710,.T.);
#182=FACE_BOUND('',#716,.T.);
#183=FACE_BOUND('',#717,.T.);
#184=FACE_BOUND('',#718,.T.);
#185=FACE_BOUND('',#719,.T.);
#186=FACE_BOUND('',#720,.T.);
#187=FACE_BOUND('',#723,.T.);
#188=FACE_BOUND('',#724,.T.);
#189=FACE_BOUND('',#725,.T.);
#190=CIRCLE('',#3646,0.078740157480315);
#191=CIRCLE('',#3647,0.0787401574803149);
#192=CIRCLE('',#3649,0.139763779527559);
#193=CIRCLE('',#3650,0.139763779527559);
#194=CIRCLE('',#3651,0.139763779527559);
#195=CIRCLE('',#3652,0.139763779527559);
#196=CIRCLE('',#3653,0.139763779527559);
#197=CIRCLE('',#3654,0.139763779527559);
#198=CIRCLE('',#3657,0.078740157480315);
#199=CIRCLE('',#3658,0.078740157480315);
#200=CIRCLE('',#3659,0.078740157480315);
#201=CIRCLE('',#3662,0.5);
#202=CIRCLE('',#3663,0.5);
#203=CIRCLE('',#3665,0.531496062992126);
#204=CIRCLE('',#3666,0.531496062992126);
#205=CIRCLE('',#3668,0.0590551181102362);
#206=CIRCLE('',#3669,0.0590551181102362);
#207=CIRCLE('',#3671,0.0590551181102362);
#208=CIRCLE('',#3672,0.0590551181102362);
#209=CIRCLE('',#3674,0.0590551181102362);
#210=CIRCLE('',#3675,0.0590551181102362);
#211=CIRCLE('',#3677,0.0590551181102362);
#212=CIRCLE('',#3678,0.0590551181102362);
#213=CIRCLE('',#3683,0.3175);
#214=CIRCLE('',#3684,0.3175);
#215=CIRCLE('',#3686,0.171259842519685);
#216=CIRCLE('',#3688,0.0787401574803149);
#217=CIRCLE('',#3691,0.078740157480315);
#218=CIRCLE('',#3694,0.0787401574803149);
#219=CIRCLE('',#3695,0.0787401574803149);
#220=CIRCLE('',#3698,0.0787401574803148);
#221=CIRCLE('',#3699,0.0787401574803148);
#222=CIRCLE('',#3702,0.078740157480315);
#223=CIRCLE('',#3703,0.078740157480315);
#224=CIRCLE('',#3706,0.078740157480315);
#225=CIRCLE('',#3707,0.078740157480315);
#226=CIRCLE('',#3710,0.078740157480315);
#227=CIRCLE('',#3713,0.078740157480315);
#228=CIRCLE('',#3716,0.078740157480315);
#229=CIRCLE('',#3724,0.065);
#230=CIRCLE('',#3726,0.065);
#231=CIRCLE('',#3728,0.065);
#232=CIRCLE('',#3739,0.065);
#233=CIRCLE('',#3741,0.5);
#234=CIRCLE('',#3743,0.5);
#235=CIRCLE('',#3749,0.5);
#236=CIRCLE('',#3750,0.5);
#237=CIRCLE('',#3763,0.139763779527559);
#238=CIRCLE('',#3766,0.139763779527559);
#239=CIRCLE('',#3768,0.139763779527559);
#240=CIRCLE('',#3770,0.139763779527559);
#241=CIRCLE('',#3772,0.139763779527559);
#242=CIRCLE('',#3774,0.139763779527559);
#243=CIRCLE('',#3776,0.139763779527559);
#244=CIRCLE('',#3777,0.139763779527559);
#245=CIRCLE('',#3780,0.139763779527559);
#246=CIRCLE('',#3782,0.139763779527559);
#247=CIRCLE('',#3785,0.5);
#248=CIRCLE('',#3786,0.5);
#249=CIRCLE('',#3787,0.241);
#250=CIRCLE('',#3788,0.20454432631484);
#251=CIRCLE('',#3790,0.241);
#252=CIRCLE('',#3792,0.1085);
#253=CIRCLE('',#3794,0.108500001892059);
#254=CIRCLE('',#3807,0.171259842519685);
#255=CIRCLE('',#3809,0.065);
#256=CIRCLE('',#3810,0.065);
#257=CIRCLE('',#3812,0.0937500000000054);
#258=CIRCLE('',#3813,0.0937499999999996);
#259=CIRCLE('',#3816,0.46);
#260=CIRCLE('',#3818,0.5);
#261=CIRCLE('',#3819,0.5);
#262=CIRCLE('',#3822,0.4);
#263=CIRCLE('',#3825,0.4);
#264=CIRCLE('',#3829,0.4);
#265=CIRCLE('',#3832,1.);
#266=CIRCLE('',#3833,0.990157480314961);
#267=CIRCLE('',#3835,1.);
#268=CIRCLE('',#3837,0.990157480314961);
#269=CIRCLE('',#3839,1.);
#270=CIRCLE('',#3840,1.);
#271=CIRCLE('',#3842,0.992270707254455);
#272=CIRCLE('',#3844,3.77716535433071);
#273=CIRCLE('',#3845,3.77716535433071);
#274=CIRCLE('',#3847,0.984251968503937);
#275=CIRCLE('',#3848,0.984251968503937);
#276=CIRCLE('',#3850,0.984251968503937);
#277=CIRCLE('',#3852,0.4);
#278=CIRCLE('',#3860,0.46);
#279=CIRCLE('',#3861,0.46);
#280=CIRCLE('',#3863,0.934251968503937);
#281=CIRCLE('',#3865,0.934251968503937);
#282=CIRCLE('',#3867,0.934251968503937);
#283=CIRCLE('',#3868,4.41771653543307);
#284=CIRCLE('',#3869,4.41771653543307);
#285=CIRCLE('',#3871,0.934251968503937);
#286=CIRCLE('',#3872,3.41889763779528);
#287=CIRCLE('',#3873,3.41889763779528);
#288=CIRCLE('',#3876,0.934251968503937);
#289=CIRCLE('',#3878,0.934251968503937);
#290=CIRCLE('',#3880,35.2444094488188);
#291=CIRCLE('',#3881,12.8092125984252);
#292=CIRCLE('',#3883,1.00707106781187);
#293=CIRCLE('',#3885,0.994616047475977);
#294=CIRCLE('',#3887,0.934981897756475);
#295=CIRCLE('',#3888,12.8092125984252);
#296=CIRCLE('',#3890,0.984810815044677);
#297=CIRCLE('',#3892,0.934782425640407);
#298=CIRCLE('',#3894,35.2444094488188);
#299=CIRCLE('',#3896,0.46);
#300=CIRCLE('',#3913,0.1);
#301=CIRCLE('',#3915,0.1);
#302=CIRCLE('',#3921,0.20454432631484);
#303=CIRCLE('',#3933,0.065);
#304=CIRCLE('',#3934,0.065);
#305=CIRCLE('',#3941,0.5);
#306=CIRCLE('',#3943,0.5);
#307=CIRCLE('',#3946,1.28295275590551);
#308=FACE_OUTER_BOUND('',#494,.T.);
#309=FACE_OUTER_BOUND('',#495,.T.);
#310=FACE_OUTER_BOUND('',#496,.T.);
#311=FACE_OUTER_BOUND('',#499,.T.);
#312=FACE_OUTER_BOUND('',#508,.T.);
#313=FACE_OUTER_BOUND('',#509,.T.);
#314=FACE_OUTER_BOUND('',#513,.T.);
#315=FACE_OUTER_BOUND('',#514,.T.);
#316=FACE_OUTER_BOUND('',#516,.T.);
#317=FACE_OUTER_BOUND('',#517,.T.);
#318=FACE_OUTER_BOUND('',#518,.T.);
#319=FACE_OUTER_BOUND('',#519,.T.);
#320=FACE_OUTER_BOUND('',#520,.T.);
#321=FACE_OUTER_BOUND('',#521,.T.);
#322=FACE_OUTER_BOUND('',#522,.T.);
#323=FACE_OUTER_BOUND('',#523,.T.);
#324=FACE_OUTER_BOUND('',#524,.T.);
#325=FACE_OUTER_BOUND('',#525,.T.);
#326=FACE_OUTER_BOUND('',#527,.T.);
#327=FACE_OUTER_BOUND('',#528,.T.);
#328=FACE_OUTER_BOUND('',#529,.T.);
#329=FACE_OUTER_BOUND('',#530,.T.);
#330=FACE_OUTER_BOUND('',#531,.T.);
#331=FACE_OUTER_BOUND('',#532,.T.);
#332=FACE_OUTER_BOUND('',#533,.T.);
#333=FACE_OUTER_BOUND('',#534,.T.);
#334=FACE_OUTER_BOUND('',#535,.T.);
#335=FACE_OUTER_BOUND('',#536,.T.);
#336=FACE_OUTER_BOUND('',#537,.T.);
#337=FACE_OUTER_BOUND('',#538,.T.);
#338=FACE_OUTER_BOUND('',#539,.T.);
#339=FACE_OUTER_BOUND('',#540,.T.);
#340=FACE_OUTER_BOUND('',#541,.T.);
#341=FACE_OUTER_BOUND('',#542,.T.);
#342=FACE_OUTER_BOUND('',#543,.T.);
#343=FACE_OUTER_BOUND('',#544,.T.);
#344=FACE_OUTER_BOUND('',#545,.T.);
#345=FACE_OUTER_BOUND('',#546,.T.);
#346=FACE_OUTER_BOUND('',#547,.T.);
#347=FACE_OUTER_BOUND('',#548,.T.);
#348=FACE_OUTER_BOUND('',#549,.T.);
#349=FACE_OUTER_BOUND('',#550,.T.);
#350=FACE_OUTER_BOUND('',#552,.T.);
#351=FACE_OUTER_BOUND('',#553,.T.);
#352=FACE_OUTER_BOUND('',#555,.T.);
#353=FACE_OUTER_BOUND('',#556,.T.);
#354=FACE_OUTER_BOUND('',#557,.T.);
#355=FACE_OUTER_BOUND('',#558,.T.);
#356=FACE_OUTER_BOUND('',#559,.T.);
#357=FACE_OUTER_BOUND('',#560,.T.);
#358=FACE_OUTER_BOUND('',#561,.T.);
#359=FACE_OUTER_BOUND('',#562,.T.);
#360=FACE_OUTER_BOUND('',#563,.T.);
#361=FACE_OUTER_BOUND('',#564,.T.);
#362=FACE_OUTER_BOUND('',#567,.T.);
#363=FACE_OUTER_BOUND('',#568,.T.);
#364=FACE_OUTER_BOUND('',#569,.T.);
#365=FACE_OUTER_BOUND('',#570,.T.);
#366=FACE_OUTER_BOUND('',#571,.T.);
#367=FACE_OUTER_BOUND('',#572,.T.);
#368=FACE_OUTER_BOUND('',#573,.T.);
#369=FACE_OUTER_BOUND('',#574,.T.);
#370=FACE_OUTER_BOUND('',#575,.T.);
#371=FACE_OUTER_BOUND('',#576,.T.);
#372=FACE_OUTER_BOUND('',#577,.T.);
#373=FACE_OUTER_BOUND('',#578,.T.);
#374=FACE_OUTER_BOUND('',#579,.T.);
#375=FACE_OUTER_BOUND('',#580,.T.);
#376=FACE_OUTER_BOUND('',#581,.T.);
#377=FACE_OUTER_BOUND('',#582,.T.);
#378=FACE_OUTER_BOUND('',#583,.T.);
#379=FACE_OUTER_BOUND('',#584,.T.);
#380=FACE_OUTER_BOUND('',#585,.T.);
#381=FACE_OUTER_BOUND('',#587,.T.);
#382=FACE_OUTER_BOUND('',#588,.T.);
#383=FACE_OUTER_BOUND('',#589,.T.);
#384=FACE_OUTER_BOUND('',#590,.T.);
#385=FACE_OUTER_BOUND('',#591,.T.);
#386=FACE_OUTER_BOUND('',#592,.T.);
#387=FACE_OUTER_BOUND('',#593,.T.);
#388=FACE_OUTER_BOUND('',#594,.T.);
#389=FACE_OUTER_BOUND('',#595,.T.);
#390=FACE_OUTER_BOUND('',#596,.T.);
#391=FACE_OUTER_BOUND('',#597,.T.);
#392=FACE_OUTER_BOUND('',#598,.T.);
#393=FACE_OUTER_BOUND('',#609,.T.);
#394=FACE_OUTER_BOUND('',#610,.T.);
#395=FACE_OUTER_BOUND('',#612,.T.);
#396=FACE_OUTER_BOUND('',#613,.T.);
#397=FACE_OUTER_BOUND('',#614,.T.);
#398=FACE_OUTER_BOUND('',#615,.T.);
#399=FACE_OUTER_BOUND('',#616,.T.);
#400=FACE_OUTER_BOUND('',#617,.T.);
#401=FACE_OUTER_BOUND('',#618,.T.);
#402=FACE_OUTER_BOUND('',#620,.T.);
#403=FACE_OUTER_BOUND('',#621,.T.);
#404=FACE_OUTER_BOUND('',#622,.T.);
#405=FACE_OUTER_BOUND('',#623,.T.);
#406=FACE_OUTER_BOUND('',#624,.T.);
#407=FACE_OUTER_BOUND('',#625,.T.);
#408=FACE_OUTER_BOUND('',#626,.T.);
#409=FACE_OUTER_BOUND('',#630,.T.);
#410=FACE_OUTER_BOUND('',#631,.T.);
#411=FACE_OUTER_BOUND('',#632,.T.);
#412=FACE_OUTER_BOUND('',#633,.T.);
#413=FACE_OUTER_BOUND('',#634,.T.);
#414=FACE_OUTER_BOUND('',#635,.T.);
#415=FACE_OUTER_BOUND('',#636,.T.);
#416=FACE_OUTER_BOUND('',#637,.T.);
#417=FACE_OUTER_BOUND('',#638,.T.);
#418=FACE_OUTER_BOUND('',#639,.T.);
#419=FACE_OUTER_BOUND('',#640,.T.);
#420=FACE_OUTER_BOUND('',#641,.T.);
#421=FACE_OUTER_BOUND('',#642,.T.);
#422=FACE_OUTER_BOUND('',#643,.T.);
#423=FACE_OUTER_BOUND('',#644,.T.);
#424=FACE_OUTER_BOUND('',#645,.T.);
#425=FACE_OUTER_BOUND('',#646,.T.);
#426=FACE_OUTER_BOUND('',#647,.T.);
#427=FACE_OUTER_BOUND('',#648,.T.);
#428=FACE_OUTER_BOUND('',#649,.T.);
#429=FACE_OUTER_BOUND('',#650,.T.);
#430=FACE_OUTER_BOUND('',#651,.T.);
#431=FACE_OUTER_BOUND('',#652,.T.);
#432=FACE_OUTER_BOUND('',#653,.T.);
#433=FACE_OUTER_BOUND('',#654,.T.);
#434=FACE_OUTER_BOUND('',#657,.T.);
#435=FACE_OUTER_BOUND('',#658,.T.);
#436=FACE_OUTER_BOUND('',#661,.T.);
#437=FACE_OUTER_BOUND('',#662,.T.);
#438=FACE_OUTER_BOUND('',#663,.T.);
#439=FACE_OUTER_BOUND('',#664,.T.);
#440=FACE_OUTER_BOUND('',#665,.T.);
#441=FACE_OUTER_BOUND('',#666,.T.);
#442=FACE_OUTER_BOUND('',#667,.T.);
#443=FACE_OUTER_BOUND('',#668,.T.);
#444=FACE_OUTER_BOUND('',#669,.T.);
#445=FACE_OUTER_BOUND('',#670,.T.);
#446=FACE_OUTER_BOUND('',#671,.T.);
#447=FACE_OUTER_BOUND('',#672,.T.);
#448=FACE_OUTER_BOUND('',#673,.T.);
#449=FACE_OUTER_BOUND('',#674,.T.);
#450=FACE_OUTER_BOUND('',#675,.T.);
#451=FACE_OUTER_BOUND('',#676,.T.);
#452=FACE_OUTER_BOUND('',#677,.T.);
#453=FACE_OUTER_BOUND('',#678,.T.);
#454=FACE_OUTER_BOUND('',#679,.T.);
#455=FACE_OUTER_BOUND('',#680,.T.);
#456=FACE_OUTER_BOUND('',#681,.T.);
#457=FACE_OUTER_BOUND('',#682,.T.);
#458=FACE_OUTER_BOUND('',#683,.T.);
#459=FACE_OUTER_BOUND('',#684,.T.);
#460=FACE_OUTER_BOUND('',#685,.T.);
#461=FACE_OUTER_BOUND('',#686,.T.);
#462=FACE_OUTER_BOUND('',#687,.T.);
#463=FACE_OUTER_BOUND('',#688,.T.);
#464=FACE_OUTER_BOUND('',#689,.T.);
#465=FACE_OUTER_BOUND('',#690,.T.);
#466=FACE_OUTER_BOUND('',#691,.T.);
#467=FACE_OUTER_BOUND('',#692,.T.);
#468=FACE_OUTER_BOUND('',#693,.T.);
#469=FACE_OUTER_BOUND('',#694,.T.);
#470=FACE_OUTER_BOUND('',#697,.T.);
#471=FACE_OUTER_BOUND('',#698,.T.);
#472=FACE_OUTER_BOUND('',#699,.T.);
#473=FACE_OUTER_BOUND('',#700,.T.);
#474=FACE_OUTER_BOUND('',#702,.T.);
#475=FACE_OUTER_BOUND('',#703,.T.);
#476=FACE_OUTER_BOUND('',#704,.T.);
#477=FACE_OUTER_BOUND('',#705,.T.);
#478=FACE_OUTER_BOUND('',#711,.T.);
#479=FACE_OUTER_BOUND('',#712,.T.);
#480=FACE_OUTER_BOUND('',#713,.T.);
#481=FACE_OUTER_BOUND('',#714,.T.);
#482=FACE_OUTER_BOUND('',#715,.T.);
#483=FACE_OUTER_BOUND('',#721,.T.);
#484=FACE_OUTER_BOUND('',#722,.T.);
#485=FACE_OUTER_BOUND('',#726,.T.);
#486=FACE_OUTER_BOUND('',#727,.T.);
#487=FACE_OUTER_BOUND('',#728,.T.);
#488=FACE_OUTER_BOUND('',#729,.T.);
#489=FACE_OUTER_BOUND('',#730,.T.);
#490=FACE_OUTER_BOUND('',#731,.T.);
#491=FACE_OUTER_BOUND('',#732,.T.);
#492=FACE_OUTER_BOUND('',#733,.T.);
#493=FACE_OUTER_BOUND('',#734,.T.);
#494=EDGE_LOOP('',(#2318,#2319,#2320,#2321));
#495=EDGE_LOOP('',(#2322,#2323,#2324,#2325,#2326,#2327));
#496=EDGE_LOOP('',(#2328,#2329,#2330,#2331,#2332,#2333));
#497=EDGE_LOOP('',(#2334));
#498=EDGE_LOOP('',(#2335));
#499=EDGE_LOOP('',(#2336,#2337,#2338,#2339,#2340,#2341,#2342,#2343,#2344,
#2345,#2346,#2347,#2348,#2349,#2350,#2351,#2352,#2353,#2354,#2355,#2356,
#2357,#2358,#2359));
#500=EDGE_LOOP('',(#2360));
#501=EDGE_LOOP('',(#2361));
#502=EDGE_LOOP('',(#2362));
#503=EDGE_LOOP('',(#2363));
#504=EDGE_LOOP('',(#2364));
#505=EDGE_LOOP('',(#2365));
#506=EDGE_LOOP('',(#2366,#2367,#2368,#2369));
#507=EDGE_LOOP('',(#2370,#2371,#2372,#2373));
#508=EDGE_LOOP('',(#2374,#2375,#2376,#2377,#2378,#2379));
#509=EDGE_LOOP('',(#2380,#2381,#2382,#2383,#2384,#2385));
#510=EDGE_LOOP('',(#2386));
#511=EDGE_LOOP('',(#2387));
#512=EDGE_LOOP('',(#2388));
#513=EDGE_LOOP('',(#2389,#2390,#2391,#2392));
#514=EDGE_LOOP('',(#2393,#2394,#2395,#2396,#2397,#2398,#2399,#2400,#2401,
#2402,#2403,#2404,#2405,#2406,#2407,#2408,#2409,#2410));
#515=EDGE_LOOP('',(#2411,#2412,#2413,#2414));
#516=EDGE_LOOP('',(#2415,#2416,#2417,#2418));
#517=EDGE_LOOP('',(#2419,#2420,#2421,#2422));
#518=EDGE_LOOP('',(#2423,#2424,#2425,#2426));
#519=EDGE_LOOP('',(#2427,#2428,#2429,#2430));
#520=EDGE_LOOP('',(#2431,#2432,#2433,#2434));
#521=EDGE_LOOP('',(#2435,#2436,#2437,#2438));
#522=EDGE_LOOP('',(#2439,#2440,#2441,#2442));
#523=EDGE_LOOP('',(#2443,#2444,#2445,#2446));
#524=EDGE_LOOP('',(#2447,#2448,#2449,#2450));
#525=EDGE_LOOP('',(#2451));
#526=EDGE_LOOP('',(#2452));
#527=EDGE_LOOP('',(#2453,#2454,#2455,#2456));
#528=EDGE_LOOP('',(#2457));
#529=EDGE_LOOP('',(#2458,#2459,#2460,#2461));
#530=EDGE_LOOP('',(#2462));
#531=EDGE_LOOP('',(#2463,#2464,#2465,#2466));
#532=EDGE_LOOP('',(#2467));
#533=EDGE_LOOP('',(#2468,#2469,#2470,#2471));
#534=EDGE_LOOP('',(#2472));
#535=EDGE_LOOP('',(#2473,#2474,#2475,#2476));
#536=EDGE_LOOP('',(#2477));
#537=EDGE_LOOP('',(#2478,#2479,#2480,#2481));
#538=EDGE_LOOP('',(#2482));
#539=EDGE_LOOP('',(#2483,#2484,#2485,#2486));
#540=EDGE_LOOP('',(#2487));
#541=EDGE_LOOP('',(#2488,#2489,#2490,#2491));
#542=EDGE_LOOP('',(#2492));
#543=EDGE_LOOP('',(#2493,#2494,#2495,#2496));
#544=EDGE_LOOP('',(#2497));
#545=EDGE_LOOP('',(#2498,#2499,#2500,#2501));
#546=EDGE_LOOP('',(#2502,#2503,#2504,#2505));
#547=EDGE_LOOP('',(#2506,#2507,#2508,#2509));
#548=EDGE_LOOP('',(#2510,#2511,#2512,#2513));
#549=EDGE_LOOP('',(#2514,#2515,#2516,#2517));
#550=EDGE_LOOP('',(#2518,#2519,#2520,#2521,#2522,#2523));
#551=EDGE_LOOP('',(#2524));
#552=EDGE_LOOP('',(#2525,#2526,#2527,#2528));
#553=EDGE_LOOP('',(#2529,#2530,#2531,#2532,#2533,#2534));
#554=EDGE_LOOP('',(#2535));
#555=EDGE_LOOP('',(#2536,#2537,#2538,#2539));
#556=EDGE_LOOP('',(#2540,#2541,#2542,#2543,#2544));
#557=EDGE_LOOP('',(#2545,#2546,#2547,#2548,#2549,#2550));
#558=EDGE_LOOP('',(#2551,#2552,#2553,#2554,#2555));
#559=EDGE_LOOP('',(#2556,#2557,#2558,#2559));
#560=EDGE_LOOP('',(#2560,#2561,#2562,#2563));
#561=EDGE_LOOP('',(#2564,#2565,#2566,#2567,#2568));
#562=EDGE_LOOP('',(#2569,#2570,#2571,#2572,#2573));
#563=EDGE_LOOP('',(#2574,#2575,#2576,#2577,#2578,#2579));
#564=EDGE_LOOP('',(#2580,#2581,#2582,#2583,#2584,#2585,#2586,#2587,#2588,
#2589,#2590,#2591));
#565=EDGE_LOOP('',(#2592));
#566=EDGE_LOOP('',(#2593));
#567=EDGE_LOOP('',(#2594,#2595,#2596,#2597,#2598));
#568=EDGE_LOOP('',(#2599,#2600,#2601,#2602,#2603));
#569=EDGE_LOOP('',(#2604,#2605,#2606,#2607));
#570=EDGE_LOOP('',(#2608,#2609,#2610,#2611));
#571=EDGE_LOOP('',(#2612,#2613,#2614,#2615,#2616,#2617));
#572=EDGE_LOOP('',(#2618,#2619,#2620,#2621,#2622,#2623));
#573=EDGE_LOOP('',(#2624,#2625,#2626,#2627,#2628,#2629,#2630,#2631));
#574=EDGE_LOOP('',(#2632,#2633,#2634,#2635));
#575=EDGE_LOOP('',(#2636,#2637,#2638,#2639));
#576=EDGE_LOOP('',(#2640,#2641,#2642,#2643));
#577=EDGE_LOOP('',(#2644,#2645,#2646,#2647));
#578=EDGE_LOOP('',(#2648,#2649,#2650,#2651,#2652,#2653,#2654,#2655,#2656));
#579=EDGE_LOOP('',(#2657,#2658,#2659,#2660));
#580=EDGE_LOOP('',(#2661,#2662,#2663,#2664));
#581=EDGE_LOOP('',(#2665,#2666,#2667,#2668));
#582=EDGE_LOOP('',(#2669,#2670,#2671,#2672,#2673));
#583=EDGE_LOOP('',(#2674,#2675,#2676,#2677));
#584=EDGE_LOOP('',(#2678,#2679,#2680,#2681));
#585=EDGE_LOOP('',(#2682,#2683,#2684,#2685));
#586=EDGE_LOOP('',(#2686));
#587=EDGE_LOOP('',(#2687,#2688,#2689,#2690));
#588=EDGE_LOOP('',(#2691,#2692,#2693,#2694));
#589=EDGE_LOOP('',(#2695,#2696,#2697,#2698));
#590=EDGE_LOOP('',(#2699,#2700,#2701,#2702));
#591=EDGE_LOOP('',(#2703,#2704,#2705,#2706));
#592=EDGE_LOOP('',(#2707,#2708,#2709,#2710));
#593=EDGE_LOOP('',(#2711,#2712,#2713,#2714));
#594=EDGE_LOOP('',(#2715));
#595=EDGE_LOOP('',(#2716,#2717,#2718,#2719));
#596=EDGE_LOOP('',(#2720,#2721,#2722,#2723));
#597=EDGE_LOOP('',(#2724,#2725,#2726,#2727,#2728,#2729,#2730,#2731));
#598=EDGE_LOOP('',(#2732,#2733,#2734,#2735,#2736,#2737,#2738,#2739,#2740,
#2741,#2742,#2743,#2744,#2745));
#599=EDGE_LOOP('',(#2746));
#600=EDGE_LOOP('',(#2747));
#601=EDGE_LOOP('',(#2748));
#602=EDGE_LOOP('',(#2749));
#603=EDGE_LOOP('',(#2750));
#604=EDGE_LOOP('',(#2751));
#605=EDGE_LOOP('',(#2752));
#606=EDGE_LOOP('',(#2753));
#607=EDGE_LOOP('',(#2754));
#608=EDGE_LOOP('',(#2755));
#609=EDGE_LOOP('',(#2756,#2757,#2758,#2759));
#610=EDGE_LOOP('',(#2760));
#611=EDGE_LOOP('',(#2761));
#612=EDGE_LOOP('',(#2762,#2763,#2764,#2765));
#613=EDGE_LOOP('',(#2766,#2767,#2768,#2769));
#614=EDGE_LOOP('',(#2770,#2771,#2772,#2773));
#615=EDGE_LOOP('',(#2774,#2775,#2776,#2777));
#616=EDGE_LOOP('',(#2778,#2779,#2780,#2781));
#617=EDGE_LOOP('',(#2782,#2783,#2784,#2785,#2786,#2787));
#618=EDGE_LOOP('',(#2788,#2789,#2790,#2791));
#619=EDGE_LOOP('',(#2792));
#620=EDGE_LOOP('',(#2793,#2794,#2795,#2796));
#621=EDGE_LOOP('',(#2797,#2798,#2799,#2800,#2801,#2802,#2803));
#622=EDGE_LOOP('',(#2804,#2805,#2806,#2807));
#623=EDGE_LOOP('',(#2808,#2809,#2810,#2811,#2812,#2813,#2814));
#624=EDGE_LOOP('',(#2815,#2816,#2817,#2818));
#625=EDGE_LOOP('',(#2819,#2820,#2821,#2822));
#626=EDGE_LOOP('',(#2823,#2824,#2825,#2826));
#627=EDGE_LOOP('',(#2827));
#628=EDGE_LOOP('',(#2828));
#629=EDGE_LOOP('',(#2829));
#630=EDGE_LOOP('',(#2830,#2831,#2832,#2833));
#631=EDGE_LOOP('',(#2834,#2835,#2836,#2837));
#632=EDGE_LOOP('',(#2838,#2839,#2840,#2841,#2842,#2843));
#633=EDGE_LOOP('',(#2844,#2845,#2846,#2847));
#634=EDGE_LOOP('',(#2848,#2849,#2850,#2851));
#635=EDGE_LOOP('',(#2852,#2853,#2854,#2855,#2856,#2857));
#636=EDGE_LOOP('',(#2858,#2859,#2860,#2861,#2862,#2863,#2864,#2865));
#637=EDGE_LOOP('',(#2866,#2867,#2868,#2869,#2870,#2871));
#638=EDGE_LOOP('',(#2872,#2873,#2874,#2875,#2876,#2877));
#639=EDGE_LOOP('',(#2878,#2879,#2880,#2881,#2882,#2883));
#640=EDGE_LOOP('',(#2884,#2885,#2886,#2887));
#641=EDGE_LOOP('',(#2888,#2889,#2890,#2891));
#642=EDGE_LOOP('',(#2892,#2893,#2894,#2895));
#643=EDGE_LOOP('',(#2896,#2897,#2898,#2899));
#644=EDGE_LOOP('',(#2900,#2901,#2902,#2903));
#645=EDGE_LOOP('',(#2904,#2905,#2906,#2907));
#646=EDGE_LOOP('',(#2908,#2909,#2910,#2911));
#647=EDGE_LOOP('',(#2912,#2913,#2914,#2915));
#648=EDGE_LOOP('',(#2916,#2917,#2918,#2919));
#649=EDGE_LOOP('',(#2920,#2921,#2922,#2923));
#650=EDGE_LOOP('',(#2924,#2925,#2926,#2927));
#651=EDGE_LOOP('',(#2928,#2929,#2930,#2931,#2932,#2933,#2934,#2935));
#652=EDGE_LOOP('',(#2936,#2937,#2938,#2939));
#653=EDGE_LOOP('',(#2940,#2941,#2942,#2943,#2944));
#654=EDGE_LOOP('',(#2945,#2946,#2947,#2948));
#655=EDGE_LOOP('',(#2949));
#656=EDGE_LOOP('',(#2950));
#657=EDGE_LOOP('',(#2951,#2952,#2953,#2954));
#658=EDGE_LOOP('',(#2955,#2956,#2957,#2958));
#659=EDGE_LOOP('',(#2959));
#660=EDGE_LOOP('',(#2960));
#661=EDGE_LOOP('',(#2961,#2962,#2963,#2964));
#662=EDGE_LOOP('',(#2965,#2966,#2967,#2968,#2969,#2970,#2971,#2972,#2973,
#2974));
#663=EDGE_LOOP('',(#2975,#2976,#2977,#2978,#2979,#2980));
#664=EDGE_LOOP('',(#2981,#2982,#2983,#2984));
#665=EDGE_LOOP('',(#2985,#2986,#2987,#2988));
#666=EDGE_LOOP('',(#2989,#2990,#2991,#2992));
#667=EDGE_LOOP('',(#2993,#2994,#2995,#2996));
#668=EDGE_LOOP('',(#2997,#2998,#2999,#3000));
#669=EDGE_LOOP('',(#3001,#3002,#3003,#3004,#3005,#3006,#3007,#3008,#3009,
#3010,#3011,#3012,#3013,#3014,#3015,#3016,#3017,#3018,#3019,#3020,#3021,
#3022,#3023));
#670=EDGE_LOOP('',(#3024,#3025,#3026,#3027));
#671=EDGE_LOOP('',(#3028,#3029,#3030,#3031));
#672=EDGE_LOOP('',(#3032,#3033,#3034,#3035));
#673=EDGE_LOOP('',(#3036,#3037,#3038,#3039));
#674=EDGE_LOOP('',(#3040,#3041,#3042,#3043));
#675=EDGE_LOOP('',(#3044,#3045,#3046,#3047));
#676=EDGE_LOOP('',(#3048,#3049,#3050,#3051));
#677=EDGE_LOOP('',(#3052,#3053,#3054,#3055,#3056,#3057,#3058,#3059));
#678=EDGE_LOOP('',(#3060,#3061,#3062,#3063));
#679=EDGE_LOOP('',(#3064,#3065,#3066,#3067,#3068,#3069,#3070,#3071));
#680=EDGE_LOOP('',(#3072,#3073,#3074,#3075));
#681=EDGE_LOOP('',(#3076,#3077,#3078,#3079,#3080,#3081,#3082,#3083,#3084,
#3085));
#682=EDGE_LOOP('',(#3086,#3087,#3088,#3089,#3090,#3091));
#683=EDGE_LOOP('',(#3092,#3093,#3094,#3095));
#684=EDGE_LOOP('',(#3096,#3097,#3098,#3099));
#685=EDGE_LOOP('',(#3100,#3101,#3102,#3103,#3104,#3105,#3106,#3107));
#686=EDGE_LOOP('',(#3108,#3109,#3110,#3111,#3112));
#687=EDGE_LOOP('',(#3113,#3114,#3115,#3116));
#688=EDGE_LOOP('',(#3117,#3118,#3119,#3120,#3121,#3122));
#689=EDGE_LOOP('',(#3123,#3124,#3125,#3126));
#690=EDGE_LOOP('',(#3127,#3128,#3129,#3130));
#691=EDGE_LOOP('',(#3131,#3132,#3133,#3134));
#692=EDGE_LOOP('',(#3135,#3136,#3137,#3138,#3139,#3140,#3141,#3142,#3143));
#693=EDGE_LOOP('',(#3144,#3145,#3146,#3147,#3148,#3149,#3150,#3151,#3152));
#694=EDGE_LOOP('',(#3153,#3154,#3155,#3156,#3157,#3158,#3159,#3160,#3161,
#3162,#3163,#3164,#3165,#3166,#3167,#3168,#3169));
#695=EDGE_LOOP('',(#3170,#3171,#3172));
#696=EDGE_LOOP('',(#3173));
#697=EDGE_LOOP('',(#3174,#3175,#3176,#3177));
#698=EDGE_LOOP('',(#3178,#3179,#3180,#3181));
#699=EDGE_LOOP('',(#3182,#3183,#3184,#3185));
#700=EDGE_LOOP('',(#3186));
#701=EDGE_LOOP('',(#3187));
#702=EDGE_LOOP('',(#3188,#3189,#3190,#3191));
#703=EDGE_LOOP('',(#3192,#3193,#3194,#3195,#3196,#3197,#3198,#3199,#3200,
#3201,#3202,#3203,#3204,#3205,#3206,#3207,#3208,#3209,#3210,#3211,#3212,
#3213,#3214));
#704=EDGE_LOOP('',(#3215,#3216,#3217,#3218));
#705=EDGE_LOOP('',(#3219,#3220,#3221,#3222,#3223,#3224,#3225,#3226,#3227));
#706=EDGE_LOOP('',(#3228));
#707=EDGE_LOOP('',(#3229));
#708=EDGE_LOOP('',(#3230));
#709=EDGE_LOOP('',(#3231));
#710=EDGE_LOOP('',(#3232));
#711=EDGE_LOOP('',(#3233,#3234,#3235,#3236));
#712=EDGE_LOOP('',(#3237,#3238,#3239,#3240));
#713=EDGE_LOOP('',(#3241,#3242,#3243,#3244,#3245,#3246));
#714=EDGE_LOOP('',(#3247,#3248,#3249,#3250));
#715=EDGE_LOOP('',(#3251,#3252,#3253,#3254,#3255,#3256,#3257,#3258,#3259));
#716=EDGE_LOOP('',(#3260));
#717=EDGE_LOOP('',(#3261));
#718=EDGE_LOOP('',(#3262));
#719=EDGE_LOOP('',(#3263));
#720=EDGE_LOOP('',(#3264));
#721=EDGE_LOOP('',(#3265,#3266,#3267,#3268));
#722=EDGE_LOOP('',(#3269,#3270,#3271,#3272));
#723=EDGE_LOOP('',(#3273));
#724=EDGE_LOOP('',(#3274));
#725=EDGE_LOOP('',(#3275));
#726=EDGE_LOOP('',(#3276,#3277,#3278,#3279));
#727=EDGE_LOOP('',(#3280,#3281,#3282,#3283,#3284,#3285,#3286,#3287));
#728=EDGE_LOOP('',(#3288,#3289,#3290,#3291));
#729=EDGE_LOOP('',(#3292,#3293,#3294,#3295));
#730=EDGE_LOOP('',(#3296,#3297,#3298,#3299));
#731=EDGE_LOOP('',(#3300,#3301));
#732=EDGE_LOOP('',(#3302,#3303));
#733=EDGE_LOOP('',(#3304,#3305,#3306,#3307));
#734=EDGE_LOOP('',(#3308,#3309,#3310,#3311));
#735=LINE('',#4939,#1113);
#736=LINE('',#4941,#1114);
#737=LINE('',#4943,#1115);
#738=LINE('',#4944,#1116);
#739=LINE('',#4948,#1117);
#740=LINE('',#4950,#1118);
#741=LINE('',#4952,#1119);
#742=LINE('',#4954,#1120);
#743=LINE('',#4956,#1121);
#744=LINE('',#4957,#1122);
#745=LINE('',#4960,#1123);
#746=LINE('',#4962,#1124);
#747=LINE('',#4964,#1125);
#748=LINE('',#4966,#1126);
#749=LINE('',#4967,#1127);
#750=LINE('',#4974,#1128);
#751=LINE('',#4976,#1129);
#752=LINE('',#4978,#1130);
#753=LINE('',#4980,#1131);
#754=LINE('',#4982,#1132);
#755=LINE('',#4984,#1133);
#756=LINE('',#4986,#1134);
#757=LINE('',#4988,#1135);
#758=LINE('',#4990,#1136);
#759=LINE('',#4992,#1137);
#760=LINE('',#4994,#1138);
#761=LINE('',#4996,#1139);
#762=LINE('',#4998,#1140);
#763=LINE('',#5000,#1141);
#764=LINE('',#5002,#1142);
#765=LINE('',#5004,#1143);
#766=LINE('',#5006,#1144);
#767=LINE('',#5007,#1145);
#768=LINE('',#5009,#1146);
#769=LINE('',#5011,#1147);
#770=LINE('',#5013,#1148);
#771=LINE('',#5014,#1149);
#772=LINE('',#5029,#1150);
#773=LINE('',#5031,#1151);
#774=LINE('',#5033,#1152);
#775=LINE('',#5034,#1153);
#776=LINE('',#5037,#1154);
#777=LINE('',#5039,#1155);
#778=LINE('',#5041,#1156);
#779=LINE('',#5042,#1157);
#780=LINE('',#5045,#1158);
#781=LINE('',#5047,#1159);
#782=LINE('',#5049,#1160);
#783=LINE('',#5051,#1161);
#784=LINE('',#5052,#1162);
#785=LINE('',#5055,#1163);
#786=LINE('',#5057,#1164);
#787=LINE('',#5059,#1165);
#788=LINE('',#5060,#1166);
#789=LINE('',#5070,#1167);
#790=LINE('',#5072,#1168);
#791=LINE('',#5074,#1169);
#792=LINE('',#5075,#1170);
#793=LINE('',#5078,#1171);
#794=LINE('',#5080,#1172);
#795=LINE('',#5082,#1173);
#796=LINE('',#5084,#1174);
#797=LINE('',#5086,#1175);
#798=LINE('',#5088,#1176);
#799=LINE('',#5090,#1177);
#800=LINE('',#5092,#1178);
#801=LINE('',#5094,#1179);
#802=LINE('',#5096,#1180);
#803=LINE('',#5098,#1181);
#804=LINE('',#5102,#1182);
#805=LINE('',#5106,#1183);
#806=LINE('',#5108,#1184);
#807=LINE('',#5109,#1185);
#808=LINE('',#5112,#1186);
#809=LINE('',#5114,#1187);
#810=LINE('',#5116,#1188);
#811=LINE('',#5117,#1189);
#812=LINE('',#5122,#1190);
#813=LINE('',#5128,#1191);
#814=LINE('',#5134,#1192);
#815=LINE('',#5140,#1193);
#816=LINE('',#5146,#1194);
#817=LINE('',#5150,#1195);
#818=LINE('',#5152,#1196);
#819=LINE('',#5153,#1197);
#820=LINE('',#5156,#1198);
#821=LINE('',#5158,#1199);
#822=LINE('',#5159,#1200);
#823=LINE('',#5161,#1201);
#824=LINE('',#5162,#1202);
#825=LINE('',#5167,#1203);
#826=LINE('',#5174,#1204);
#827=LINE('',#5179,#1205);
#828=LINE('',#5186,#1206);
#829=LINE('',#5193,#1207);
#830=LINE('',#5200,#1208);
#831=LINE('',#5207,#1209);
#832=LINE('',#5212,#1210);
#833=LINE('',#5217,#1211);
#834=LINE('',#5222,#1212);
#835=LINE('',#5228,#1213);
#836=LINE('',#5230,#1214);
#837=LINE('',#5232,#1215);
#838=LINE('',#5233,#1216);
#839=LINE('',#5235,#1217);
#840=LINE('',#5236,#1218);
#841=LINE('',#5240,#1219);
#842=LINE('',#5242,#1220);
#843=LINE('',#5244,#1221);
#844=LINE('',#5245,#1222);
#845=LINE('',#5247,#1223);
#846=LINE('',#5248,#1224);
#847=LINE('',#5251,#1225);
#848=LINE('',#5253,#1226);
#849=LINE('',#5254,#1227);
#850=LINE('',#5257,#1228);
#851=LINE('',#5258,#1229);
#852=LINE('',#5263,#1230);
#853=LINE('',#5267,#1231);
#854=LINE('',#5269,#1232);
#855=LINE('',#5270,#1233);
#856=LINE('',#5275,#1234);
#857=LINE('',#5276,#1235);
#858=LINE('',#5279,#1236);
#859=LINE('',#5281,#1237);
#860=LINE('',#5282,#1238);
#861=LINE('',#5286,#1239);
#862=LINE('',#5288,#1240);
#863=LINE('',#5290,#1241);
#864=LINE('',#5291,#1242);
#865=LINE('',#5292,#1243);
#866=LINE('',#5295,#1244);
#867=LINE('',#5296,#1245);
#868=LINE('',#5297,#1246);
#869=LINE('',#5301,#1247);
#870=LINE('',#5303,#1248);
#871=LINE('',#5304,#1249);
#872=LINE('',#5307,#1250);
#873=LINE('',#5308,#1251);
#874=LINE('',#5311,#1252);
#875=LINE('',#5313,#1253);
#876=LINE('',#5314,#1254);
#877=LINE('',#5317,#1255);
#878=LINE('',#5319,#1256);
#879=LINE('',#5320,#1257);
#880=LINE('',#5323,#1258);
#881=LINE('',#5324,#1259);
#882=LINE('',#5326,#1260);
#883=LINE('',#5327,#1261);
#884=LINE('',#5328,#1262);
#885=LINE('',#5336,#1263);
#886=LINE('',#5338,#1264);
#887=LINE('',#5340,#1265);
#888=LINE('',#5341,#1266);
#889=LINE('',#5347,#1267);
#890=LINE('',#5349,#1268);
#891=LINE('',#5351,#1269);
#892=LINE('',#5352,#1270);
#893=LINE('',#5354,#1271);
#894=LINE('',#5355,#1272);
#895=LINE('',#5357,#1273);
#896=LINE('',#5360,#1274);
#897=LINE('',#5362,#1275);
#898=LINE('',#5364,#1276);
#899=LINE('',#5366,#1277);
#900=LINE('',#5367,#1278);
#901=LINE('',#5370,#1279);
#902=LINE('',#5372,#1280);
#903=LINE('',#5374,#1281);
#904=LINE('',#5376,#1282);
#905=LINE('',#5377,#1283);
#906=LINE('',#5382,#1284);
#907=LINE('',#5387,#1285);
#908=LINE('',#5388,#1286);
#909=LINE('',#5389,#1287);
#910=LINE('',#5392,#1288);
#911=LINE('',#5393,#1289);
#912=LINE('',#5396,#1290);
#913=LINE('',#5397,#1291);
#914=LINE('',#5400,#1292);
#915=LINE('',#5401,#1293);
#916=LINE('',#5405,#1294);
#917=LINE('',#5407,#1295);
#918=LINE('',#5408,#1296);
#919=LINE('',#5410,#1297);
#920=LINE('',#5412,#1298);
#921=LINE('',#5414,#1299);
#922=LINE('',#5416,#1300);
#923=LINE('',#5417,#1301);
#924=LINE('',#5420,#1302);
#925=LINE('',#5421,#1303);
#926=LINE('',#5424,#1304);
#927=LINE('',#5425,#1305);
#928=LINE('',#5428,#1306);
#929=LINE('',#5430,#1307);
#930=LINE('',#5431,#1308);
#931=LINE('',#5434,#1309);
#932=LINE('',#5436,#1310);
#933=LINE('',#5437,#1311);
#934=LINE('',#5440,#1312);
#935=LINE('',#5441,#1313);
#936=LINE('',#5444,#1314);
#937=LINE('',#5445,#1315);
#938=LINE('',#5447,#1316);
#939=LINE('',#5453,#1317);
#940=LINE('',#5454,#1318);
#941=LINE('',#5455,#1319);
#942=LINE('',#5458,#1320);
#943=LINE('',#5462,#1321);
#944=LINE('',#5466,#1322);
#945=LINE('',#5470,#1323);
#946=LINE('',#5474,#1324);
#947=LINE('',#5480,#1325);
#948=LINE('',#5485,#1326);
#949=LINE('',#5489,#1327);
#950=LINE('',#5494,#1328);
#951=LINE('',#5495,#1329);
#952=LINE('',#5496,#1330);
#953=LINE('',#5497,#1331);
#954=LINE('',#5500,#1332);
#955=LINE('',#5502,#1333);
#956=LINE('',#5503,#1334);
#957=LINE('',#5505,#1335);
#958=LINE('',#5506,#1336);
#959=LINE('',#5508,#1337);
#960=LINE('',#5512,#1338);
#961=LINE('',#5520,#1339);
#962=LINE('',#5527,#1340);
#963=LINE('',#5532,#1341);
#964=LINE('',#5534,#1342);
#965=LINE('',#5536,#1343);
#966=LINE('',#5537,#1344);
#967=LINE('',#5540,#1345);
#968=LINE('',#5542,#1346);
#969=LINE('',#5543,#1347);
#970=LINE('',#5546,#1348);
#971=LINE('',#5548,#1349);
#972=LINE('',#5549,#1350);
#973=LINE('',#5551,#1351);
#974=LINE('',#5553,#1352);
#975=LINE('',#5554,#1353);
#976=LINE('',#5557,#1354);
#977=LINE('',#5559,#1355);
#978=LINE('',#5560,#1356);
#979=LINE('',#5563,#1357);
#980=LINE('',#5565,#1358);
#981=LINE('',#5566,#1359);
#982=LINE('',#5569,#1360);
#983=LINE('',#5570,#1361);
#984=LINE('',#5573,#1362);
#985=LINE('',#5574,#1363);
#986=LINE('',#5576,#1364);
#987=LINE('',#5580,#1365);
#988=LINE('',#5583,#1366);
#989=LINE('',#5584,#1367);
#990=LINE('',#5593,#1368);
#991=LINE('',#5597,#1369);
#992=LINE('',#5599,#1370);
#993=LINE('',#5600,#1371);
#994=LINE('',#5603,#1372);
#995=LINE('',#5607,#1373);
#996=LINE('',#5608,#1374);
#997=LINE('',#5612,#1375);
#998=LINE('',#5616,#1376);
#999=LINE('',#5621,#1377);
#1000=LINE('',#5622,#1378);
#1001=LINE('',#5623,#1379);
#1002=LINE('',#5627,#1380);
#1003=LINE('',#5628,#1381);
#1004=LINE('',#5630,#1382);
#1005=LINE('',#5634,#1383);
#1006=LINE('',#5637,#1384);
#1007=LINE('',#5639,#1385);
#1008=LINE('',#5640,#1386);
#1009=LINE('',#5643,#1387);
#1010=LINE('',#5645,#1388);
#1011=LINE('',#5646,#1389);
#1012=LINE('',#5650,#1390);
#1013=LINE('',#5652,#1391);
#1014=LINE('',#5656,#1392);
#1015=LINE('',#5660,#1393);
#1016=LINE('',#5664,#1394);
#1017=LINE('',#5667,#1395);
#1018=LINE('',#5670,#1396);
#1019=LINE('',#5673,#1397);
#1020=LINE('',#5677,#1398);
#1021=LINE('',#5681,#1399);
#1022=LINE('',#5685,#1400);
#1023=LINE('',#5688,#1401);
#1024=LINE('',#5695,#1402);
#1025=LINE('',#5699,#1403);
#1026=LINE('',#5703,#1404);
#1027=LINE('',#5706,#1405);
#1028=LINE('',#5710,#1406);
#1029=LINE('',#5712,#1407);
#1030=LINE('',#5715,#1408);
#1031=LINE('',#5717,#1409);
#1032=LINE('',#5725,#1410);
#1033=LINE('',#5728,#1411);
#1034=LINE('',#5731,#1412);
#1035=LINE('',#5734,#1413);
#1036=LINE('',#5739,#1414);
#1037=LINE('',#5740,#1415);
#1038=LINE('',#5754,#1416);
#1039=LINE('',#5755,#1417);
#1040=LINE('',#5760,#1418);
#1041=LINE('',#5761,#1419);
#1042=LINE('',#5766,#1420);
#1043=LINE('',#5767,#1421);
#1044=LINE('',#5770,#1422);
#1045=LINE('',#5772,#1423);
#1046=LINE('',#5775,#1424);
#1047=LINE('',#5777,#1425);
#1048=LINE('',#5779,#1426);
#1049=LINE('',#5784,#1427);
#1050=LINE('',#5787,#1428);
#1051=LINE('',#5796,#1429);
#1052=LINE('',#5800,#1430);
#1053=LINE('',#5807,#1431);
#1054=LINE('',#5808,#1432);
#1055=LINE('',#5810,#1433);
#1056=LINE('',#5811,#1434);
#1057=LINE('',#5812,#1435);
#1058=LINE('',#5814,#1436);
#1059=LINE('',#5816,#1437);
#1060=LINE('',#5818,#1438);
#1061=LINE('',#5819,#1439);
#1062=LINE('',#5823,#1440);
#1063=LINE('',#5824,#1441);
#1064=LINE('',#5826,#1442);
#1065=LINE('',#5828,#1443);
#1066=LINE('',#5830,#1444);
#1067=LINE('',#5831,#1445);
#1068=LINE('',#5833,#1446);
#1069=LINE('',#5835,#1447);
#1070=LINE('',#5839,#1448);
#1071=LINE('',#5841,#1449);
#1072=LINE('',#5843,#1450);
#1073=LINE('',#5844,#1451);
#1074=LINE('',#5848,#1452);
#1075=LINE('',#5850,#1453);
#1076=LINE('',#5851,#1454);
#1077=LINE('',#5853,#1455);
#1078=LINE('',#5854,#1456);
#1079=LINE('',#5855,#1457);
#1080=LINE('',#5858,#1458);
#1081=LINE('',#5860,#1459);
#1082=LINE('',#5862,#1460);
#1083=LINE('',#5863,#1461);
#1084=LINE('',#5865,#1462);
#1085=LINE('',#5867,#1463);
#1086=LINE('',#5868,#1464);
#1087=LINE('',#5873,#1465);
#1088=LINE('',#5874,#1466);
#1089=LINE('',#5875,#1467);
#1090=LINE('',#5878,#1468);
#1091=LINE('',#5880,#1469);
#1092=LINE('',#5881,#1470);
#1093=LINE('',#5883,#1471);
#1094=LINE('',#5885,#1472);
#1095=LINE('',#5888,#1473);
#1096=LINE('',#5890,#1474);
#1097=LINE('',#5892,#1475);
#1098=LINE('',#5895,#1476);
#1099=LINE('',#5898,#1477);
#1100=LINE('',#5900,#1478);
#1101=LINE('',#5906,#1479);
#1102=LINE('',#5908,#1480);
#1103=LINE('',#5911,#1481);
#1104=LINE('',#5913,#1482);
#1105=LINE('',#5915,#1483);
#1106=LINE('',#5920,#1484);
#1107=LINE('',#5922,#1485);
#1108=LINE('',#5930,#1486);
#1109=LINE('',#5932,#1487);
#1110=LINE('',#5934,#1488);
#1111=LINE('',#5950,#1489);
#1112=LINE('',#5951,#1490);
#1113=VECTOR('',#3951,0.393700787401575);
#1114=VECTOR('',#3952,0.393700787401575);
#1115=VECTOR('',#3953,0.393700787401575);
#1116=VECTOR('',#3954,0.393700787401575);
#1117=VECTOR('',#3957,0.393700787401575);
#1118=VECTOR('',#3958,0.393700787401575);
#1119=VECTOR('',#3959,0.393700787401575);
#1120=VECTOR('',#3960,0.393700787401575);
#1121=VECTOR('',#3961,0.393700787401575);
#1122=VECTOR('',#3962,0.393700787401575);
#1123=VECTOR('',#3965,0.393700787401575);
#1124=VECTOR('',#3966,0.393700787401575);
#1125=VECTOR('',#3967,0.393700787401575);
#1126=VECTOR('',#3968,0.393700787401575);
#1127=VECTOR('',#3969,0.393700787401575);
#1128=VECTOR('',#3976,0.393700787401575);
#1129=VECTOR('',#3977,0.393700787401575);
#1130=VECTOR('',#3978,0.393700787401575);
#1131=VECTOR('',#3979,0.393700787401575);
#1132=VECTOR('',#3980,0.393700787401575);
#1133=VECTOR('',#3981,0.393700787401575);
#1134=VECTOR('',#3982,0.393700787401575);
#1135=VECTOR('',#3983,0.393700787401575);
#1136=VECTOR('',#3984,0.393700787401575);
#1137=VECTOR('',#3985,0.393700787401575);
#1138=VECTOR('',#3986,0.393700787401575);
#1139=VECTOR('',#3987,0.393700787401575);
#1140=VECTOR('',#3988,0.393700787401575);
#1141=VECTOR('',#3989,0.393700787401575);
#1142=VECTOR('',#3990,0.393700787401575);
#1143=VECTOR('',#3991,0.393700787401575);
#1144=VECTOR('',#3992,0.393700787401575);
#1145=VECTOR('',#3993,0.393700787401575);
#1146=VECTOR('',#3994,0.393700787401575);
#1147=VECTOR('',#3995,0.393700787401575);
#1148=VECTOR('',#3996,0.393700787401575);
#1149=VECTOR('',#3997,0.393700787401575);
#1150=VECTOR('',#4010,0.393700787401575);
#1151=VECTOR('',#4011,0.393700787401575);
#1152=VECTOR('',#4012,0.393700787401575);
#1153=VECTOR('',#4013,0.393700787401575);
#1154=VECTOR('',#4014,0.393700787401575);
#1155=VECTOR('',#4015,0.393700787401575);
#1156=VECTOR('',#4016,0.393700787401575);
#1157=VECTOR('',#4017,0.393700787401575);
#1158=VECTOR('',#4020,0.393700787401575);
#1159=VECTOR('',#4021,0.393700787401575);
#1160=VECTOR('',#4022,0.393700787401575);
#1161=VECTOR('',#4023,0.393700787401575);
#1162=VECTOR('',#4024,0.393700787401575);
#1163=VECTOR('',#4027,0.393700787401575);
#1164=VECTOR('',#4028,0.393700787401575);
#1165=VECTOR('',#4029,0.393700787401575);
#1166=VECTOR('',#4030,0.393700787401575);
#1167=VECTOR('',#4039,0.393700787401575);
#1168=VECTOR('',#4040,0.393700787401575);
#1169=VECTOR('',#4041,0.393700787401575);
#1170=VECTOR('',#4042,0.393700787401575);
#1171=VECTOR('',#4045,0.393700787401575);
#1172=VECTOR('',#4046,0.393700787401575);
#1173=VECTOR('',#4047,0.393700787401575);
#1174=VECTOR('',#4048,0.393700787401575);
#1175=VECTOR('',#4049,0.393700787401575);
#1176=VECTOR('',#4050,0.393700787401575);
#1177=VECTOR('',#4051,0.393700787401575);
#1178=VECTOR('',#4052,0.393700787401575);
#1179=VECTOR('',#4053,0.393700787401575);
#1180=VECTOR('',#4054,0.393700787401575);
#1181=VECTOR('',#4055,0.393700787401575);
#1182=VECTOR('',#4058,0.393700787401575);
#1183=VECTOR('',#4061,0.393700787401575);
#1184=VECTOR('',#4062,0.393700787401575);
#1185=VECTOR('',#4063,0.393700787401575);
#1186=VECTOR('',#4064,0.393700787401575);
#1187=VECTOR('',#4065,0.393700787401575);
#1188=VECTOR('',#4066,0.393700787401575);
#1189=VECTOR('',#4067,0.393700787401575);
#1190=VECTOR('',#4072,0.531496062992126);
#1191=VECTOR('',#4079,0.0590551181102362);
#1192=VECTOR('',#4086,0.0590551181102362);
#1193=VECTOR('',#4093,0.0590551181102362);
#1194=VECTOR('',#4100,0.0590551181102362);
#1195=VECTOR('',#4105,0.393700787401575);
#1196=VECTOR('',#4106,0.393700787401575);
#1197=VECTOR('',#4107,0.393700787401575);
#1198=VECTOR('',#4110,0.393700787401575);
#1199=VECTOR('',#4111,0.393700787401575);
#1200=VECTOR('',#4112,0.393700787401575);
#1201=VECTOR('',#4115,0.393700787401575);
#1202=VECTOR('',#4116,0.393700787401575);
#1203=VECTOR('',#4121,0.3175);
#1204=VECTOR('',#4130,0.0787401574803149);
#1205=VECTOR('',#4137,0.078740157480315);
#1206=VECTOR('',#4146,0.0787401574803149);
#1207=VECTOR('',#4155,0.0787401574803148);
#1208=VECTOR('',#4164,0.078740157480315);
#1209=VECTOR('',#4173,0.078740157480315);
#1210=VECTOR('',#4180,0.078740157480315);
#1211=VECTOR('',#4187,0.078740157480315);
#1212=VECTOR('',#4194,0.078740157480315);
#1213=VECTOR('',#4201,0.393700787401575);
#1214=VECTOR('',#4202,0.393700787401575);
#1215=VECTOR('',#4203,0.393700787401575);
#1216=VECTOR('',#4204,0.393700787401575);
#1217=VECTOR('',#4207,0.393700787401575);
#1218=VECTOR('',#4208,0.393700787401575);
#1219=VECTOR('',#4211,0.393700787401575);
#1220=VECTOR('',#4212,0.393700787401575);
#1221=VECTOR('',#4213,0.393700787401575);
#1222=VECTOR('',#4214,0.393700787401575);
#1223=VECTOR('',#4217,0.393700787401575);
#1224=VECTOR('',#4218,0.393700787401575);
#1225=VECTOR('',#4221,0.393700787401575);
#1226=VECTOR('',#4222,0.393700787401575);
#1227=VECTOR('',#4223,0.393700787401575);
#1228=VECTOR('',#4226,0.393700787401575);
#1229=VECTOR('',#4227,0.393700787401575);
#1230=VECTOR('',#4232,0.065);
#1231=VECTOR('',#4237,0.393700787401575);
#1232=VECTOR('',#4238,0.393700787401575);
#1233=VECTOR('',#4239,0.393700787401575);
#1234=VECTOR('',#4244,0.393700787401575);
#1235=VECTOR('',#4245,0.393700787401575);
#1236=VECTOR('',#4248,0.393700787401575);
#1237=VECTOR('',#4249,0.393700787401575);
#1238=VECTOR('',#4250,0.393700787401575);
#1239=VECTOR('',#4253,0.393700787401575);
#1240=VECTOR('',#4254,0.393700787401575);
#1241=VECTOR('',#4255,0.393700787401575);
#1242=VECTOR('',#4256,0.393700787401575);
#1243=VECTOR('',#4257,0.393700787401575);
#1244=VECTOR('',#4260,0.393700787401575);
#1245=VECTOR('',#4261,0.393700787401575);
#1246=VECTOR('',#4262,0.393700787401575);
#1247=VECTOR('',#4267,0.393700787401575);
#1248=VECTOR('',#4268,0.393700787401575);
#1249=VECTOR('',#4269,0.393700787401575);
#1250=VECTOR('',#4272,0.393700787401575);
#1251=VECTOR('',#4273,0.393700787401575);
#1252=VECTOR('',#4276,0.393700787401575);
#1253=VECTOR('',#4277,0.393700787401575);
#1254=VECTOR('',#4278,0.393700787401575);
#1255=VECTOR('',#4281,0.393700787401575);
#1256=VECTOR('',#4282,0.393700787401575);
#1257=VECTOR('',#4283,0.393700787401575);
#1258=VECTOR('',#4286,0.393700787401575);
#1259=VECTOR('',#4287,0.393700787401575);
#1260=VECTOR('',#4288,0.393700787401575);
#1261=VECTOR('',#4289,0.393700787401575);
#1262=VECTOR('',#4290,0.393700787401575);
#1263=VECTOR('',#4297,0.393700787401575);
#1264=VECTOR('',#4298,0.393700787401575);
#1265=VECTOR('',#4299,0.393700787401575);
#1266=VECTOR('',#4300,0.393700787401575);
#1267=VECTOR('',#4305,0.393700787401575);
#1268=VECTOR('',#4306,0.393700787401575);
#1269=VECTOR('',#4307,0.393700787401575);
#1270=VECTOR('',#4308,0.393700787401575);
#1271=VECTOR('',#4311,0.393700787401575);
#1272=VECTOR('',#4312,0.393700787401575);
#1273=VECTOR('',#4315,0.393700787401575);
#1274=VECTOR('',#4318,0.393700787401575);
#1275=VECTOR('',#4319,0.393700787401575);
#1276=VECTOR('',#4320,0.393700787401575);
#1277=VECTOR('',#4321,0.393700787401575);
#1278=VECTOR('',#4322,0.393700787401575);
#1279=VECTOR('',#4325,0.393700787401575);
#1280=VECTOR('',#4326,0.393700787401575);
#1281=VECTOR('',#4327,0.393700787401575);
#1282=VECTOR('',#4328,0.393700787401575);
#1283=VECTOR('',#4329,0.393700787401575);
#1284=VECTOR('',#4334,0.393700787401575);
#1285=VECTOR('',#4339,0.393700787401575);
#1286=VECTOR('',#4340,0.393700787401575);
#1287=VECTOR('',#4341,0.393700787401575);
#1288=VECTOR('',#4344,0.393700787401575);
#1289=VECTOR('',#4345,0.393700787401575);
#1290=VECTOR('',#4348,0.393700787401575);
#1291=VECTOR('',#4349,0.393700787401575);
#1292=VECTOR('',#4352,0.393700787401575);
#1293=VECTOR('',#4353,0.393700787401575);
#1294=VECTOR('',#4356,0.393700787401575);
#1295=VECTOR('',#4357,0.393700787401575);
#1296=VECTOR('',#4358,0.393700787401575);
#1297=VECTOR('',#4359,0.393700787401575);
#1298=VECTOR('',#4360,0.393700787401575);
#1299=VECTOR('',#4361,0.393700787401575);
#1300=VECTOR('',#4362,0.393700787401575);
#1301=VECTOR('',#4363,0.393700787401575);
#1302=VECTOR('',#4366,0.393700787401575);
#1303=VECTOR('',#4367,0.393700787401575);
#1304=VECTOR('',#4370,0.393700787401575);
#1305=VECTOR('',#4371,0.393700787401575);
#1306=VECTOR('',#4374,0.393700787401575);
#1307=VECTOR('',#4375,0.393700787401575);
#1308=VECTOR('',#4376,0.393700787401575);
#1309=VECTOR('',#4379,0.393700787401575);
#1310=VECTOR('',#4380,0.393700787401575);
#1311=VECTOR('',#4381,0.393700787401575);
#1312=VECTOR('',#4384,0.393700787401575);
#1313=VECTOR('',#4385,0.393700787401575);
#1314=VECTOR('',#4388,0.393700787401575);
#1315=VECTOR('',#4389,0.393700787401575);
#1316=VECTOR('',#4392,0.393700787401575);
#1317=VECTOR('',#4397,0.393700787401575);
#1318=VECTOR('',#4398,0.393700787401575);
#1319=VECTOR('',#4399,0.393700787401575);
#1320=VECTOR('',#4402,0.139763779527559);
#1321=VECTOR('',#4407,0.139763779527559);
#1322=VECTOR('',#4412,0.139763779527559);
#1323=VECTOR('',#4417,0.139763779527559);
#1324=VECTOR('',#4422,0.139763779527559);
#1325=VECTOR('',#4429,0.139763779527559);
#1326=VECTOR('',#4436,0.139763779527559);
#1327=VECTOR('',#4441,0.139763779527559);
#1328=VECTOR('',#4446,0.393700787401575);
#1329=VECTOR('',#4447,0.393700787401575);
#1330=VECTOR('',#4448,0.393700787401575);
#1331=VECTOR('',#4449,0.393700787401575);
#1332=VECTOR('',#4452,0.393700787401575);
#1333=VECTOR('',#4453,0.393700787401575);
#1334=VECTOR('',#4454,0.393700787401575);
#1335=VECTOR('',#4455,0.393700787401575);
#1336=VECTOR('',#4456,0.393700787401575);
#1337=VECTOR('',#4457,0.393700787401575);
#1338=VECTOR('',#4460,0.393700787401575);
#1339=VECTOR('',#4469,0.241);
#1340=VECTOR('',#4478,0.1085);
#1341=VECTOR('',#4483,0.393700787401575);
#1342=VECTOR('',#4484,0.393700787401575);
#1343=VECTOR('',#4485,0.393700787401575);
#1344=VECTOR('',#4486,0.393700787401575);
#1345=VECTOR('',#4489,0.393700787401575);
#1346=VECTOR('',#4490,0.393700787401575);
#1347=VECTOR('',#4491,0.393700787401575);
#1348=VECTOR('',#4494,0.393700787401575);
#1349=VECTOR('',#4495,0.393700787401575);
#1350=VECTOR('',#4496,0.393700787401575);
#1351=VECTOR('',#4499,0.393700787401575);
#1352=VECTOR('',#4502,0.393700787401575);
#1353=VECTOR('',#4503,0.393700787401575);
#1354=VECTOR('',#4506,0.393700787401575);
#1355=VECTOR('',#4507,0.393700787401575);
#1356=VECTOR('',#4508,0.393700787401575);
#1357=VECTOR('',#4511,0.393700787401575);
#1358=VECTOR('',#4512,0.393700787401575);
#1359=VECTOR('',#4513,0.393700787401575);
#1360=VECTOR('',#4516,0.393700787401575);
#1361=VECTOR('',#4517,0.393700787401575);
#1362=VECTOR('',#4520,0.393700787401575);
#1363=VECTOR('',#4521,0.393700787401575);
#1364=VECTOR('',#4524,0.393700787401575);
#1365=VECTOR('',#4529,0.171259842519685);
#1366=VECTOR('',#4534,0.393700787401575);
#1367=VECTOR('',#4535,0.393700787401575);
#1368=VECTOR('',#4544,0.0937499999999996);
#1369=VECTOR('',#4549,0.393700787401575);
#1370=VECTOR('',#4550,0.393700787401575);
#1371=VECTOR('',#4551,0.393700787401575);
#1372=VECTOR('',#4554,0.393700787401575);
#1373=VECTOR('',#4557,0.393700787401575);
#1374=VECTOR('',#4558,0.393700787401575);
#1375=VECTOR('',#4561,0.393700787401575);
#1376=VECTOR('',#4564,0.393700787401575);
#1377=VECTOR('',#4569,0.393700787401575);
#1378=VECTOR('',#4570,0.393700787401575);
#1379=VECTOR('',#4571,0.393700787401575);
#1380=VECTOR('',#4576,0.393700787401575);
#1381=VECTOR('',#4577,0.393700787401575);
#1382=VECTOR('',#4580,0.393700787401575);
#1383=VECTOR('',#4585,0.393700787401575);
#1384=VECTOR('',#4588,0.393700787401575);
#1385=VECTOR('',#4589,0.393700787401575);
#1386=VECTOR('',#4590,0.393700787401575);
#1387=VECTOR('',#4593,0.393700787401575);
#1388=VECTOR('',#4594,0.393700787401575);
#1389=VECTOR('',#4595,0.393700787401575);
#1390=VECTOR('',#4600,0.393700787401575);
#1391=VECTOR('',#4603,0.393700787401575);
#1392=VECTOR('',#4606,0.393700787401575);
#1393=VECTOR('',#4609,0.393700787401575);
#1394=VECTOR('',#4614,0.393700787401575);
#1395=VECTOR('',#4617,0.393700787401575);
#1396=VECTOR('',#4620,0.393700787401575);
#1397=VECTOR('',#4623,0.393700787401575);
#1398=VECTOR('',#4626,0.393700787401575);
#1399=VECTOR('',#4629,0.393700787401575);
#1400=VECTOR('',#4634,0.393700787401575);
#1401=VECTOR('',#4637,0.393700787401575);
#1402=VECTOR('',#4646,0.393700787401575);
#1403=VECTOR('',#4649,0.393700787401575);
#1404=VECTOR('',#4654,0.393700787401575);
#1405=VECTOR('',#4657,0.393700787401575);
#1406=VECTOR('',#4662,0.393700787401575);
#1407=VECTOR('',#4665,0.393700787401575);
#1408=VECTOR('',#4670,0.393700787401575);
#1409=VECTOR('',#4673,0.393700787401575);
#1410=VECTOR('',#4682,0.393700787401575);
#1411=VECTOR('',#4685,0.393700787401575);
#1412=VECTOR('',#4688,0.393700787401575);
#1413=VECTOR('',#4691,0.393700787401575);
#1414=VECTOR('',#4696,0.393700787401575);
#1415=VECTOR('',#4697,0.393700787401575);
#1416=VECTOR('',#4716,0.393700787401575);
#1417=VECTOR('',#4717,0.393700787401575);
#1418=VECTOR('',#4722,0.393700787401575);
#1419=VECTOR('',#4723,0.393700787401575);
#1420=VECTOR('',#4728,0.393700787401575);
#1421=VECTOR('',#4729,0.393700787401575);
#1422=VECTOR('',#4732,0.393700787401575);
#1423=VECTOR('',#4733,0.393700787401575);
#1424=VECTOR('',#4736,0.393700787401575);
#1425=VECTOR('',#4737,0.393700787401575);
#1426=VECTOR('',#4738,0.393700787401575);
#1427=VECTOR('',#4745,0.393700787401575);
#1428=VECTOR('',#4748,0.393700787401575);
#1429=VECTOR('',#4761,0.393700787401575);
#1430=VECTOR('',#4766,0.393700787401575);
#1431=VECTOR('',#4775,0.393700787401575);
#1432=VECTOR('',#4776,0.393700787401575);
#1433=VECTOR('',#4779,0.393700787401575);
#1434=VECTOR('',#4780,0.393700787401575);
#1435=VECTOR('',#4781,0.393700787401575);
#1436=VECTOR('',#4784,0.393700787401575);
#1437=VECTOR('',#4787,0.393700787401575);
#1438=VECTOR('',#4788,0.393700787401575);
#1439=VECTOR('',#4789,0.393700787401575);
#1440=VECTOR('',#4794,0.393700787401575);
#1441=VECTOR('',#4795,0.393700787401575);
#1442=VECTOR('',#4796,0.393700787401575);
#1443=VECTOR('',#4797,0.393700787401575);
#1444=VECTOR('',#4798,0.393700787401575);
#1445=VECTOR('',#4799,0.393700787401575);
#1446=VECTOR('',#4802,0.393700787401575);
#1447=VECTOR('',#4805,0.393700787401575);
#1448=VECTOR('',#4808,0.393700787401575);
#1449=VECTOR('',#4809,0.393700787401575);
#1450=VECTOR('',#4810,0.393700787401575);
#1451=VECTOR('',#4811,0.393700787401575);
#1452=VECTOR('',#4814,0.393700787401575);
#1453=VECTOR('',#4815,0.393700787401575);
#1454=VECTOR('',#4816,0.393700787401575);
#1455=VECTOR('',#4817,0.393700787401575);
#1456=VECTOR('',#4818,0.393700787401575);
#1457=VECTOR('',#4819,0.393700787401575);
#1458=VECTOR('',#4822,0.393700787401575);
#1459=VECTOR('',#4823,0.393700787401575);
#1460=VECTOR('',#4824,0.393700787401575);
#1461=VECTOR('',#4825,0.393700787401575);
#1462=VECTOR('',#4828,0.393700787401575);
#1463=VECTOR('',#4831,0.393700787401575);
#1464=VECTOR('',#4832,0.393700787401575);
#1465=VECTOR('',#4837,0.393700787401575);
#1466=VECTOR('',#4838,0.393700787401575);
#1467=VECTOR('',#4839,0.393700787401575);
#1468=VECTOR('',#4842,0.393700787401575);
#1469=VECTOR('',#4843,0.393700787401575);
#1470=VECTOR('',#4844,0.393700787401575);
#1471=VECTOR('',#4847,0.393700787401575);
#1472=VECTOR('',#4848,0.393700787401575);
#1473=VECTOR('',#4851,0.393700787401575);
#1474=VECTOR('',#4854,0.393700787401575);
#1475=VECTOR('',#4855,0.393700787401575);
#1476=VECTOR('',#4858,0.393700787401575);
#1477=VECTOR('',#4863,0.393700787401575);
#1478=VECTOR('',#4866,0.393700787401575);
#1479=VECTOR('',#4875,0.20454432631484);
#1480=VECTOR('',#4878,0.393700787401575);
#1481=VECTOR('',#4883,0.393700787401575);
#1482=VECTOR('',#4886,0.393700787401575);
#1483=VECTOR('',#4889,0.393700787401575);
#1484=VECTOR('',#4898,0.393700787401575);
#1485=VECTOR('',#4901,0.393700787401575);
#1486=VECTOR('',#4912,0.065);
#1487=VECTOR('',#4915,0.065);
#1488=VECTOR('',#4918,0.065);
#1489=VECTOR('',#4929,0.393700787401575);
#1490=VECTOR('',#4930,0.393700787401575);
#1491=VERTEX_POINT('',#4937);
#1492=VERTEX_POINT('',#4938);
#1493=VERTEX_POINT('',#4940);
#1494=VERTEX_POINT('',#4942);
#1495=VERTEX_POINT('',#4946);
#1496=VERTEX_POINT('',#4947);
#1497=VERTEX_POINT('',#4949);
#1498=VERTEX_POINT('',#4951);
#1499=VERTEX_POINT('',#4953);
#1500=VERTEX_POINT('',#4955);
#1501=VERTEX_POINT('',#4959);
#1502=VERTEX_POINT('',#4961);
#1503=VERTEX_POINT('',#4963);
#1504=VERTEX_POINT('',#4965);
#1505=VERTEX_POINT('',#4968);
#1506=VERTEX_POINT('',#4970);
#1507=VERTEX_POINT('',#4973);
#1508=VERTEX_POINT('',#4975);
#1509=VERTEX_POINT('',#4977);
#1510=VERTEX_POINT('',#4979);
#1511=VERTEX_POINT('',#4981);
#1512=VERTEX_POINT('',#4983);
#1513=VERTEX_POINT('',#4985);
#1514=VERTEX_POINT('',#4987);
#1515=VERTEX_POINT('',#4989);
#1516=VERTEX_POINT('',#4991);
#1517=VERTEX_POINT('',#4993);
#1518=VERTEX_POINT('',#4995);
#1519=VERTEX_POINT('',#4997);
#1520=VERTEX_POINT('',#4999);
#1521=VERTEX_POINT('',#5001);
#1522=VERTEX_POINT('',#5003);
#1523=VERTEX_POINT('',#5005);
#1524=VERTEX_POINT('',#5008);
#1525=VERTEX_POINT('',#5010);
#1526=VERTEX_POINT('',#5012);
#1527=VERTEX_POINT('',#5015);
#1528=VERTEX_POINT('',#5017);
#1529=VERTEX_POINT('',#5019);
#1530=VERTEX_POINT('',#5021);
#1531=VERTEX_POINT('',#5023);
#1532=VERTEX_POINT('',#5025);
#1533=VERTEX_POINT('',#5027);
#1534=VERTEX_POINT('',#5028);
#1535=VERTEX_POINT('',#5030);
#1536=VERTEX_POINT('',#5032);
#1537=VERTEX_POINT('',#5035);
#1538=VERTEX_POINT('',#5036);
#1539=VERTEX_POINT('',#5038);
#1540=VERTEX_POINT('',#5040);
#1541=VERTEX_POINT('',#5044);
#1542=VERTEX_POINT('',#5046);
#1543=VERTEX_POINT('',#5048);
#1544=VERTEX_POINT('',#5050);
#1545=VERTEX_POINT('',#5054);
#1546=VERTEX_POINT('',#5056);
#1547=VERTEX_POINT('',#5058);
#1548=VERTEX_POINT('',#5061);
#1549=VERTEX_POINT('',#5063);
#1550=VERTEX_POINT('',#5065);
#1551=VERTEX_POINT('',#5068);
#1552=VERTEX_POINT('',#5069);
#1553=VERTEX_POINT('',#5071);
#1554=VERTEX_POINT('',#5073);
#1555=VERTEX_POINT('',#5077);
#1556=VERTEX_POINT('',#5079);
#1557=VERTEX_POINT('',#5081);
#1558=VERTEX_POINT('',#5083);
#1559=VERTEX_POINT('',#5085);
#1560=VERTEX_POINT('',#5087);
#1561=VERTEX_POINT('',#5089);
#1562=VERTEX_POINT('',#5091);
#1563=VERTEX_POINT('',#5093);
#1564=VERTEX_POINT('',#5095);
#1565=VERTEX_POINT('',#5097);
#1566=VERTEX_POINT('',#5099);
#1567=VERTEX_POINT('',#5101);
#1568=VERTEX_POINT('',#5103);
#1569=VERTEX_POINT('',#5105);
#1570=VERTEX_POINT('',#5107);
#1571=VERTEX_POINT('',#5110);
#1572=VERTEX_POINT('',#5111);
#1573=VERTEX_POINT('',#5113);
#1574=VERTEX_POINT('',#5115);
#1575=VERTEX_POINT('',#5119);
#1576=VERTEX_POINT('',#5121);
#1577=VERTEX_POINT('',#5125);
#1578=VERTEX_POINT('',#5127);
#1579=VERTEX_POINT('',#5131);
#1580=VERTEX_POINT('',#5133);
#1581=VERTEX_POINT('',#5137);
#1582=VERTEX_POINT('',#5139);
#1583=VERTEX_POINT('',#5143);
#1584=VERTEX_POINT('',#5145);
#1585=VERTEX_POINT('',#5149);
#1586=VERTEX_POINT('',#5151);
#1587=VERTEX_POINT('',#5155);
#1588=VERTEX_POINT('',#5157);
#1589=VERTEX_POINT('',#5164);
#1590=VERTEX_POINT('',#5166);
#1591=VERTEX_POINT('',#5170);
#1592=VERTEX_POINT('',#5173);
#1593=VERTEX_POINT('',#5178);
#1594=VERTEX_POINT('',#5183);
#1595=VERTEX_POINT('',#5185);
#1596=VERTEX_POINT('',#5190);
#1597=VERTEX_POINT('',#5192);
#1598=VERTEX_POINT('',#5197);
#1599=VERTEX_POINT('',#5199);
#1600=VERTEX_POINT('',#5204);
#1601=VERTEX_POINT('',#5206);
#1602=VERTEX_POINT('',#5211);
#1603=VERTEX_POINT('',#5216);
#1604=VERTEX_POINT('',#5221);
#1605=VERTEX_POINT('',#5226);
#1606=VERTEX_POINT('',#5227);
#1607=VERTEX_POINT('',#5229);
#1608=VERTEX_POINT('',#5231);
#1609=VERTEX_POINT('',#5238);
#1610=VERTEX_POINT('',#5239);
#1611=VERTEX_POINT('',#5241);
#1612=VERTEX_POINT('',#5243);
#1613=VERTEX_POINT('',#5250);
#1614=VERTEX_POINT('',#5252);
#1615=VERTEX_POINT('',#5256);
#1616=VERTEX_POINT('',#5259);
#1617=VERTEX_POINT('',#5262);
#1618=VERTEX_POINT('',#5266);
#1619=VERTEX_POINT('',#5268);
#1620=VERTEX_POINT('',#5271);
#1621=VERTEX_POINT('',#5274);
#1622=VERTEX_POINT('',#5278);
#1623=VERTEX_POINT('',#5280);
#1624=VERTEX_POINT('',#5284);
#1625=VERTEX_POINT('',#5285);
#1626=VERTEX_POINT('',#5287);
#1627=VERTEX_POINT('',#5289);
#1628=VERTEX_POINT('',#5294);
#1629=VERTEX_POINT('',#5300);
#1630=VERTEX_POINT('',#5302);
#1631=VERTEX_POINT('',#5306);
#1632=VERTEX_POINT('',#5310);
#1633=VERTEX_POINT('',#5312);
#1634=VERTEX_POINT('',#5316);
#1635=VERTEX_POINT('',#5318);
#1636=VERTEX_POINT('',#5322);
#1637=VERTEX_POINT('',#5325);
#1638=VERTEX_POINT('',#5329);
#1639=VERTEX_POINT('',#5332);
#1640=VERTEX_POINT('',#5333);
#1641=VERTEX_POINT('',#5335);
#1642=VERTEX_POINT('',#5337);
#1643=VERTEX_POINT('',#5339);
#1644=VERTEX_POINT('',#5343);
#1645=VERTEX_POINT('',#5344);
#1646=VERTEX_POINT('',#5346);
#1647=VERTEX_POINT('',#5348);
#1648=VERTEX_POINT('',#5350);
#1649=VERTEX_POINT('',#5359);
#1650=VERTEX_POINT('',#5361);
#1651=VERTEX_POINT('',#5363);
#1652=VERTEX_POINT('',#5365);
#1653=VERTEX_POINT('',#5369);
#1654=VERTEX_POINT('',#5371);
#1655=VERTEX_POINT('',#5373);
#1656=VERTEX_POINT('',#5375);
#1657=VERTEX_POINT('',#5379);
#1658=VERTEX_POINT('',#5381);
#1659=VERTEX_POINT('',#5385);
#1660=VERTEX_POINT('',#5386);
#1661=VERTEX_POINT('',#5391);
#1662=VERTEX_POINT('',#5395);
#1663=VERTEX_POINT('',#5399);
#1664=VERTEX_POINT('',#5403);
#1665=VERTEX_POINT('',#5404);
#1666=VERTEX_POINT('',#5406);
#1667=VERTEX_POINT('',#5409);
#1668=VERTEX_POINT('',#5411);
#1669=VERTEX_POINT('',#5413);
#1670=VERTEX_POINT('',#5415);
#1671=VERTEX_POINT('',#5419);
#1672=VERTEX_POINT('',#5423);
#1673=VERTEX_POINT('',#5427);
#1674=VERTEX_POINT('',#5429);
#1675=VERTEX_POINT('',#5433);
#1676=VERTEX_POINT('',#5435);
#1677=VERTEX_POINT('',#5439);
#1678=VERTEX_POINT('',#5443);
#1679=VERTEX_POINT('',#5448);
#1680=VERTEX_POINT('',#5451);
#1681=VERTEX_POINT('',#5452);
#1682=VERTEX_POINT('',#5457);
#1683=VERTEX_POINT('',#5461);
#1684=VERTEX_POINT('',#5465);
#1685=VERTEX_POINT('',#5469);
#1686=VERTEX_POINT('',#5473);
#1687=VERTEX_POINT('',#5477);
#1688=VERTEX_POINT('',#5479);
#1689=VERTEX_POINT('',#5484);
#1690=VERTEX_POINT('',#5488);
#1691=VERTEX_POINT('',#5492);
#1692=VERTEX_POINT('',#5493);
#1693=VERTEX_POINT('',#5499);
#1694=VERTEX_POINT('',#5501);
#1695=VERTEX_POINT('',#5504);
#1696=VERTEX_POINT('',#5507);
#1697=VERTEX_POINT('',#5509);
#1698=VERTEX_POINT('',#5511);
#1699=VERTEX_POINT('',#5514);
#1700=VERTEX_POINT('',#5516);
#1701=VERTEX_POINT('',#5519);
#1702=VERTEX_POINT('',#5523);
#1703=VERTEX_POINT('',#5526);
#1704=VERTEX_POINT('',#5530);
#1705=VERTEX_POINT('',#5531);
#1706=VERTEX_POINT('',#5533);
#1707=VERTEX_POINT('',#5535);
#1708=VERTEX_POINT('',#5539);
#1709=VERTEX_POINT('',#5541);
#1710=VERTEX_POINT('',#5545);
#1711=VERTEX_POINT('',#5547);
#1712=VERTEX_POINT('',#5556);
#1713=VERTEX_POINT('',#5558);
#1714=VERTEX_POINT('',#5562);
#1715=VERTEX_POINT('',#5564);
#1716=VERTEX_POINT('',#5568);
#1717=VERTEX_POINT('',#5572);
#1718=VERTEX_POINT('',#5579);
#1719=VERTEX_POINT('',#5585);
#1720=VERTEX_POINT('',#5587);
#1721=VERTEX_POINT('',#5590);
#1722=VERTEX_POINT('',#5592);
#1723=VERTEX_POINT('',#5596);
#1724=VERTEX_POINT('',#5598);
#1725=VERTEX_POINT('',#5602);
#1726=VERTEX_POINT('',#5604);
#1727=VERTEX_POINT('',#5606);
#1728=VERTEX_POINT('',#5610);
#1729=VERTEX_POINT('',#5611);
#1730=VERTEX_POINT('',#5613);
#1731=VERTEX_POINT('',#5615);
#1732=VERTEX_POINT('',#5619);
#1733=VERTEX_POINT('',#5620);
#1734=VERTEX_POINT('',#5625);
#1735=VERTEX_POINT('',#5632);
#1736=VERTEX_POINT('',#5636);
#1737=VERTEX_POINT('',#5638);
#1738=VERTEX_POINT('',#5642);
#1739=VERTEX_POINT('',#5644);
#1740=VERTEX_POINT('',#5648);
#1741=VERTEX_POINT('',#5654);
#1742=VERTEX_POINT('',#5655);
#1743=VERTEX_POINT('',#5657);
#1744=VERTEX_POINT('',#5659);
#1745=VERTEX_POINT('',#5663);
#1746=VERTEX_POINT('',#5665);
#1747=VERTEX_POINT('',#5669);
#1748=VERTEX_POINT('',#5671);
#1749=VERTEX_POINT('',#5675);
#1750=VERTEX_POINT('',#5676);
#1751=VERTEX_POINT('',#5678);
#1752=VERTEX_POINT('',#5680);
#1753=VERTEX_POINT('',#5684);
#1754=VERTEX_POINT('',#5686);
#1755=VERTEX_POINT('',#5693);
#1756=VERTEX_POINT('',#5694);
#1757=VERTEX_POINT('',#5696);
#1758=VERTEX_POINT('',#5698);
#1759=VERTEX_POINT('',#5702);
#1760=VERTEX_POINT('',#5704);
#1761=VERTEX_POINT('',#5708);
#1762=VERTEX_POINT('',#5721);
#1763=VERTEX_POINT('',#5722);
#1764=VERTEX_POINT('',#5724);
#1765=VERTEX_POINT('',#5726);
#1766=VERTEX_POINT('',#5730);
#1767=VERTEX_POINT('',#5732);
#1768=VERTEX_POINT('',#5736);
#1769=VERTEX_POINT('',#5737);
#1770=VERTEX_POINT('',#5742);
#1771=VERTEX_POINT('',#5743);
#1772=VERTEX_POINT('',#5748);
#1773=VERTEX_POINT('',#5749);
#1774=VERTEX_POINT('',#5757);
#1775=VERTEX_POINT('',#5758);
#1776=VERTEX_POINT('',#5763);
#1777=VERTEX_POINT('',#5764);
#1778=VERTEX_POINT('',#5769);
#1779=VERTEX_POINT('',#5771);
#1780=VERTEX_POINT('',#5773);
#1781=VERTEX_POINT('',#5776);
#1782=VERTEX_POINT('',#5778);
#1783=VERTEX_POINT('',#5782);
#1784=VERTEX_POINT('',#5786);
#1785=VERTEX_POINT('',#5790);
#1786=VERTEX_POINT('',#5794);
#1787=VERTEX_POINT('',#5798);
#1788=VERTEX_POINT('',#5804);
#1789=VERTEX_POINT('',#5805);
#1790=VERTEX_POINT('',#5817);
#1791=VERTEX_POINT('',#5822);
#1792=VERTEX_POINT('',#5825);
#1793=VERTEX_POINT('',#5827);
#1794=VERTEX_POINT('',#5829);
#1795=VERTEX_POINT('',#5837);
#1796=VERTEX_POINT('',#5838);
#1797=VERTEX_POINT('',#5840);
#1798=VERTEX_POINT('',#5842);
#1799=VERTEX_POINT('',#5846);
#1800=VERTEX_POINT('',#5847);
#1801=VERTEX_POINT('',#5849);
#1802=VERTEX_POINT('',#5852);
#1803=VERTEX_POINT('',#5857);
#1804=VERTEX_POINT('',#5859);
#1805=VERTEX_POINT('',#5861);
#1806=VERTEX_POINT('',#5871);
#1807=VERTEX_POINT('',#5872);
#1808=VERTEX_POINT('',#5877);
#1809=VERTEX_POINT('',#5879);
#1810=VERTEX_POINT('',#5884);
#1811=VERTEX_POINT('',#5886);
#1812=VERTEX_POINT('',#5891);
#1813=VERTEX_POINT('',#5893);
#1814=VERTEX_POINT('',#5903);
#1815=VERTEX_POINT('',#5923);
#1816=VERTEX_POINT('',#5925);
#1817=VERTEX_POINT('',#5936);
#1818=VERTEX_POINT('',#5937);
#1819=VERTEX_POINT('',#5943);
#1820=VERTEX_POINT('',#5944);
#1821=EDGE_CURVE('',#1491,#1492,#735,.T.);
#1822=EDGE_CURVE('',#1492,#1493,#736,.T.);
#1823=EDGE_CURVE('',#1493,#1494,#737,.T.);
#1824=EDGE_CURVE('',#1494,#1491,#738,.T.);
#1825=EDGE_CURVE('',#1495,#1496,#739,.T.);
#1826=EDGE_CURVE('',#1496,#1497,#740,.T.);
#1827=EDGE_CURVE('',#1497,#1498,#741,.F.);
#1828=EDGE_CURVE('',#1498,#1499,#742,.T.);
#1829=EDGE_CURVE('',#1499,#1500,#743,.F.);
#1830=EDGE_CURVE('',#1500,#1495,#744,.T.);
#1831=EDGE_CURVE('',#1501,#1497,#745,.T.);
#1832=EDGE_CURVE('',#1502,#1496,#746,.T.);
#1833=EDGE_CURVE('',#1502,#1503,#747,.T.);
#1834=EDGE_CURVE('',#1504,#1503,#748,.T.);
#1835=EDGE_CURVE('',#1504,#1501,#749,.T.);
#1836=EDGE_CURVE('',#1505,#1505,#190,.T.);
#1837=EDGE_CURVE('',#1506,#1506,#191,.T.);
#1838=EDGE_CURVE('',#1495,#1507,#750,.T.);
#1839=EDGE_CURVE('',#1507,#1508,#751,.T.);
#1840=EDGE_CURVE('',#1508,#1509,#752,.T.);
#1841=EDGE_CURVE('',#1510,#1509,#753,.T.);
#1842=EDGE_CURVE('',#1510,#1511,#754,.T.);
#1843=EDGE_CURVE('',#1511,#1512,#755,.T.);
#1844=EDGE_CURVE('',#1512,#1513,#756,.T.);
#1845=EDGE_CURVE('',#1513,#1514,#757,.T.);
#1846=EDGE_CURVE('',#1514,#1515,#758,.T.);
#1847=EDGE_CURVE('',#1515,#1516,#759,.T.);
#1848=EDGE_CURVE('',#1516,#1517,#760,.T.);
#1849=EDGE_CURVE('',#1517,#1518,#761,.T.);
#1850=EDGE_CURVE('',#1518,#1519,#762,.T.);
#1851=EDGE_CURVE('',#1519,#1520,#763,.T.);
#1852=EDGE_CURVE('',#1520,#1521,#764,.T.);
#1853=EDGE_CURVE('',#1521,#1522,#765,.T.);
#1854=EDGE_CURVE('',#1522,#1523,#766,.T.);
#1855=EDGE_CURVE('',#1523,#1513,#767,.T.);
#1856=EDGE_CURVE('',#1513,#1524,#768,.T.);
#1857=EDGE_CURVE('',#1524,#1525,#769,.T.);
#1858=EDGE_CURVE('',#1525,#1526,#770,.T.);
#1859=EDGE_CURVE('',#1526,#1502,#771,.T.);
#1860=EDGE_CURVE('',#1527,#1527,#192,.T.);
#1861=EDGE_CURVE('',#1528,#1528,#193,.T.);
#1862=EDGE_CURVE('',#1529,#1529,#194,.T.);
#1863=EDGE_CURVE('',#1530,#1530,#195,.T.);
#1864=EDGE_CURVE('',#1531,#1531,#196,.T.);
#1865=EDGE_CURVE('',#1532,#1532,#197,.T.);
#1866=EDGE_CURVE('',#1533,#1534,#772,.T.);
#1867=EDGE_CURVE('',#1534,#1535,#773,.T.);
#1868=EDGE_CURVE('',#1535,#1536,#774,.T.);
#1869=EDGE_CURVE('',#1536,#1533,#775,.T.);
#1870=EDGE_CURVE('',#1537,#1538,#776,.T.);
#1871=EDGE_CURVE('',#1538,#1539,#777,.T.);
#1872=EDGE_CURVE('',#1539,#1540,#778,.T.);
#1873=EDGE_CURVE('',#1540,#1537,#779,.T.);
#1874=EDGE_CURVE('',#1509,#1541,#780,.T.);
#1875=EDGE_CURVE('',#1542,#1541,#781,.T.);
#1876=EDGE_CURVE('',#1542,#1543,#782,.T.);
#1877=EDGE_CURVE('',#1543,#1544,#783,.F.);
#1878=EDGE_CURVE('',#1544,#1510,#784,.T.);
#1879=EDGE_CURVE('',#1544,#1545,#785,.T.);
#1880=EDGE_CURVE('',#1545,#1546,#786,.T.);
#1881=EDGE_CURVE('',#1547,#1546,#787,.T.);
#1882=EDGE_CURVE('',#1511,#1547,#788,.T.);
#1883=EDGE_CURVE('',#1548,#1548,#198,.T.);
#1884=EDGE_CURVE('',#1549,#1549,#199,.T.);
#1885=EDGE_CURVE('',#1550,#1550,#200,.T.);
#1886=EDGE_CURVE('',#1551,#1552,#789,.T.);
#1887=EDGE_CURVE('',#1552,#1553,#790,.T.);
#1888=EDGE_CURVE('',#1553,#1554,#791,.T.);
#1889=EDGE_CURVE('',#1554,#1551,#792,.T.);
#1890=EDGE_CURVE('',#1552,#1555,#793,.T.);
#1891=EDGE_CURVE('',#1555,#1556,#794,.T.);
#1892=EDGE_CURVE('',#1556,#1557,#795,.T.);
#1893=EDGE_CURVE('',#1557,#1558,#796,.T.);
#1894=EDGE_CURVE('',#1558,#1559,#797,.T.);
#1895=EDGE_CURVE('',#1559,#1560,#798,.T.);
#1896=EDGE_CURVE('',#1560,#1561,#799,.T.);
#1897=EDGE_CURVE('',#1561,#1562,#800,.T.);
#1898=EDGE_CURVE('',#1562,#1563,#801,.T.);
#1899=EDGE_CURVE('',#1563,#1564,#802,.T.);
#1900=EDGE_CURVE('',#1564,#1565,#803,.T.);
#1901=EDGE_CURVE('',#1566,#1565,#201,.T.);
#1902=EDGE_CURVE('',#1566,#1567,#804,.T.);
#1903=EDGE_CURVE('',#1568,#1567,#202,.T.);
#1904=EDGE_CURVE('',#1568,#1569,#805,.T.);
#1905=EDGE_CURVE('',#1569,#1570,#806,.T.);
#1906=EDGE_CURVE('',#1570,#1553,#807,.T.);
#1907=EDGE_CURVE('',#1571,#1572,#808,.T.);
#1908=EDGE_CURVE('',#1573,#1571,#809,.T.);
#1909=EDGE_CURVE('',#1574,#1573,#810,.T.);
#1910=EDGE_CURVE('',#1572,#1574,#811,.T.);
#1911=EDGE_CURVE('',#1575,#1575,#203,.T.);
#1912=EDGE_CURVE('',#1575,#1576,#812,.T.);
#1913=EDGE_CURVE('',#1576,#1576,#204,.T.);
#1914=EDGE_CURVE('',#1577,#1577,#205,.T.);
#1915=EDGE_CURVE('',#1577,#1578,#813,.T.);
#1916=EDGE_CURVE('',#1578,#1578,#206,.T.);
#1917=EDGE_CURVE('',#1579,#1579,#207,.T.);
#1918=EDGE_CURVE('',#1579,#1580,#814,.T.);
#1919=EDGE_CURVE('',#1580,#1580,#208,.T.);
#1920=EDGE_CURVE('',#1581,#1581,#209,.T.);
#1921=EDGE_CURVE('',#1581,#1582,#815,.T.);
#1922=EDGE_CURVE('',#1582,#1582,#210,.T.);
#1923=EDGE_CURVE('',#1583,#1583,#211,.T.);
#1924=EDGE_CURVE('',#1583,#1584,#816,.T.);
#1925=EDGE_CURVE('',#1584,#1584,#212,.T.);
#1926=EDGE_CURVE('',#1554,#1585,#817,.T.);
#1927=EDGE_CURVE('',#1586,#1585,#818,.T.);
#1928=EDGE_CURVE('',#1551,#1586,#819,.T.);
#1929=EDGE_CURVE('',#1563,#1587,#820,.T.);
#1930=EDGE_CURVE('',#1588,#1587,#821,.T.);
#1931=EDGE_CURVE('',#1564,#1588,#822,.T.);
#1932=EDGE_CURVE('',#1585,#1588,#823,.T.);
#1933=EDGE_CURVE('',#1587,#1586,#824,.T.);
#1934=EDGE_CURVE('',#1589,#1589,#213,.T.);
#1935=EDGE_CURVE('',#1589,#1590,#825,.T.);
#1936=EDGE_CURVE('',#1590,#1590,#214,.T.);
#1937=EDGE_CURVE('',#1591,#1591,#215,.T.);
#1938=EDGE_CURVE('',#1506,#1592,#826,.T.);
#1939=EDGE_CURVE('',#1592,#1592,#216,.T.);
#1940=EDGE_CURVE('',#1505,#1593,#827,.T.);
#1941=EDGE_CURVE('',#1593,#1593,#217,.T.);
#1942=EDGE_CURVE('',#1594,#1594,#218,.T.);
#1943=EDGE_CURVE('',#1594,#1595,#828,.T.);
#1944=EDGE_CURVE('',#1595,#1595,#219,.T.);
#1945=EDGE_CURVE('',#1596,#1596,#220,.T.);
#1946=EDGE_CURVE('',#1596,#1597,#829,.T.);
#1947=EDGE_CURVE('',#1597,#1597,#221,.T.);
#1948=EDGE_CURVE('',#1598,#1598,#222,.T.);
#1949=EDGE_CURVE('',#1598,#1599,#830,.T.);
#1950=EDGE_CURVE('',#1599,#1599,#223,.T.);
#1951=EDGE_CURVE('',#1600,#1600,#224,.T.);
#1952=EDGE_CURVE('',#1600,#1601,#831,.T.);
#1953=EDGE_CURVE('',#1601,#1601,#225,.T.);
#1954=EDGE_CURVE('',#1550,#1602,#832,.T.);
#1955=EDGE_CURVE('',#1602,#1602,#226,.T.);
#1956=EDGE_CURVE('',#1549,#1603,#833,.T.);
#1957=EDGE_CURVE('',#1603,#1603,#227,.T.);
#1958=EDGE_CURVE('',#1548,#1604,#834,.T.);
#1959=EDGE_CURVE('',#1604,#1604,#228,.T.);
#1960=EDGE_CURVE('',#1605,#1606,#835,.T.);
#1961=EDGE_CURVE('',#1607,#1605,#836,.T.);
#1962=EDGE_CURVE('',#1607,#1608,#837,.T.);
#1963=EDGE_CURVE('',#1608,#1606,#838,.T.);
#1964=EDGE_CURVE('',#1556,#1608,#839,.T.);
#1965=EDGE_CURVE('',#1557,#1607,#840,.T.);
#1966=EDGE_CURVE('',#1609,#1610,#841,.T.);
#1967=EDGE_CURVE('',#1609,#1611,#842,.T.);
#1968=EDGE_CURVE('',#1612,#1611,#843,.T.);
#1969=EDGE_CURVE('',#1610,#1612,#844,.T.);
#1970=EDGE_CURVE('',#1612,#1558,#845,.T.);
#1971=EDGE_CURVE('',#1611,#1559,#846,.T.);
#1972=EDGE_CURVE('',#1606,#1613,#847,.T.);
#1973=EDGE_CURVE('',#1613,#1614,#848,.T.);
#1974=EDGE_CURVE('',#1605,#1614,#849,.T.);
#1975=EDGE_CURVE('',#1555,#1615,#850,.T.);
#1976=EDGE_CURVE('',#1615,#1613,#851,.T.);
#1977=EDGE_CURVE('',#1616,#1616,#229,.T.);
#1978=EDGE_CURVE('',#1616,#1617,#852,.T.);
#1979=EDGE_CURVE('',#1617,#1617,#230,.T.);
#1980=EDGE_CURVE('',#1609,#1618,#853,.T.);
#1981=EDGE_CURVE('',#1618,#1619,#854,.T.);
#1982=EDGE_CURVE('',#1560,#1619,#855,.T.);
#1983=EDGE_CURVE('',#1620,#1620,#231,.T.);
#1984=EDGE_CURVE('',#1621,#1610,#856,.T.);
#1985=EDGE_CURVE('',#1621,#1618,#857,.T.);
#1986=EDGE_CURVE('',#1622,#1501,#858,.T.);
#1987=EDGE_CURVE('',#1622,#1623,#859,.T.);
#1988=EDGE_CURVE('',#1623,#1498,#860,.T.);
#1989=EDGE_CURVE('',#1624,#1625,#861,.T.);
#1990=EDGE_CURVE('',#1626,#1624,#862,.T.);
#1991=EDGE_CURVE('',#1626,#1627,#863,.T.);
#1992=EDGE_CURVE('',#1627,#1623,#864,.T.);
#1993=EDGE_CURVE('',#1625,#1622,#865,.T.);
#1994=EDGE_CURVE('',#1628,#1626,#866,.T.);
#1995=EDGE_CURVE('',#1500,#1628,#867,.T.);
#1996=EDGE_CURVE('',#1499,#1627,#868,.T.);
#1997=EDGE_CURVE('',#1629,#1542,#869,.T.);
#1998=EDGE_CURVE('',#1630,#1629,#870,.T.);
#1999=EDGE_CURVE('',#1543,#1630,#871,.T.);
#2000=EDGE_CURVE('',#1631,#1630,#872,.T.);
#2001=EDGE_CURVE('',#1545,#1631,#873,.T.);
#2002=EDGE_CURVE('',#1632,#1541,#874,.T.);
#2003=EDGE_CURVE('',#1633,#1632,#875,.T.);
#2004=EDGE_CURVE('',#1633,#1629,#876,.T.);
#2005=EDGE_CURVE('',#1634,#1633,#877,.T.);
#2006=EDGE_CURVE('',#1635,#1634,#878,.T.);
#2007=EDGE_CURVE('',#1631,#1635,#879,.T.);
#2008=EDGE_CURVE('',#1636,#1504,#880,.T.);
#2009=EDGE_CURVE('',#1636,#1570,#881,.T.);
#2010=EDGE_CURVE('',#1569,#1637,#882,.T.);
#2011=EDGE_CURVE('',#1546,#1637,#883,.T.);
#2012=EDGE_CURVE('',#1625,#1635,#884,.T.);
#2013=EDGE_CURVE('',#1638,#1638,#232,.T.);
#2014=EDGE_CURVE('',#1639,#1640,#233,.T.);
#2015=EDGE_CURVE('',#1639,#1641,#885,.T.);
#2016=EDGE_CURVE('',#1642,#1641,#886,.T.);
#2017=EDGE_CURVE('',#1643,#1642,#887,.T.);
#2018=EDGE_CURVE('',#1640,#1643,#888,.T.);
#2019=EDGE_CURVE('',#1644,#1645,#234,.T.);
#2020=EDGE_CURVE('',#1646,#1644,#889,.T.);
#2021=EDGE_CURVE('',#1647,#1646,#890,.T.);
#2022=EDGE_CURVE('',#1647,#1648,#891,.T.);
#2023=EDGE_CURVE('',#1648,#1645,#892,.T.);
#2024=EDGE_CURVE('',#1642,#1647,#893,.T.);
#2025=EDGE_CURVE('',#1641,#1648,#894,.T.);
#2026=EDGE_CURVE('',#1645,#1639,#895,.T.);
#2027=EDGE_CURVE('',#1643,#1649,#896,.T.);
#2028=EDGE_CURVE('',#1649,#1650,#897,.T.);
#2029=EDGE_CURVE('',#1650,#1651,#898,.T.);
#2030=EDGE_CURVE('',#1651,#1652,#899,.T.);
#2031=EDGE_CURVE('',#1652,#1640,#900,.T.);
#2032=EDGE_CURVE('',#1644,#1653,#901,.T.);
#2033=EDGE_CURVE('',#1653,#1654,#902,.T.);
#2034=EDGE_CURVE('',#1654,#1655,#903,.T.);
#2035=EDGE_CURVE('',#1655,#1656,#904,.T.);
#2036=EDGE_CURVE('',#1656,#1646,#905,.T.);
#2037=EDGE_CURVE('',#1652,#1657,#235,.T.);
#2038=EDGE_CURVE('',#1658,#1657,#906,.T.);
#2039=EDGE_CURVE('',#1653,#1658,#236,.T.);
#2040=EDGE_CURVE('',#1659,#1660,#907,.T.);
#2041=EDGE_CURVE('',#1522,#1659,#908,.T.);
#2042=EDGE_CURVE('',#1660,#1521,#909,.T.);
#2043=EDGE_CURVE('',#1661,#1659,#910,.T.);
#2044=EDGE_CURVE('',#1523,#1661,#911,.T.);
#2045=EDGE_CURVE('',#1662,#1661,#912,.T.);
#2046=EDGE_CURVE('',#1513,#1662,#913,.T.);
#2047=EDGE_CURVE('',#1663,#1662,#914,.T.);
#2048=EDGE_CURVE('',#1514,#1663,#915,.T.);
#2049=EDGE_CURVE('',#1664,#1665,#916,.T.);
#2050=EDGE_CURVE('',#1666,#1664,#917,.T.);
#2051=EDGE_CURVE('',#1518,#1666,#918,.T.);
#2052=EDGE_CURVE('',#1517,#1667,#919,.T.);
#2053=EDGE_CURVE('',#1668,#1667,#920,.T.);
#2054=EDGE_CURVE('',#1669,#1668,#921,.T.);
#2055=EDGE_CURVE('',#1670,#1669,#922,.T.);
#2056=EDGE_CURVE('',#1665,#1670,#923,.T.);
#2057=EDGE_CURVE('',#1667,#1671,#924,.T.);
#2058=EDGE_CURVE('',#1516,#1671,#925,.T.);
#2059=EDGE_CURVE('',#1671,#1672,#926,.T.);
#2060=EDGE_CURVE('',#1515,#1672,#927,.T.);
#2061=EDGE_CURVE('',#1673,#1665,#928,.T.);
#2062=EDGE_CURVE('',#1674,#1673,#929,.T.);
#2063=EDGE_CURVE('',#1664,#1674,#930,.T.);
#2064=EDGE_CURVE('',#1670,#1675,#931,.T.);
#2065=EDGE_CURVE('',#1675,#1676,#932,.T.);
#2066=EDGE_CURVE('',#1676,#1673,#933,.T.);
#2067=EDGE_CURVE('',#1669,#1677,#934,.T.);
#2068=EDGE_CURVE('',#1677,#1675,#935,.T.);
#2069=EDGE_CURVE('',#1678,#1668,#936,.T.);
#2070=EDGE_CURVE('',#1678,#1677,#937,.T.);
#2071=EDGE_CURVE('',#1634,#1624,#938,.T.);
#2072=EDGE_CURVE('',#1679,#1679,#237,.T.);
#2073=EDGE_CURVE('',#1680,#1681,#939,.T.);
#2074=EDGE_CURVE('',#1525,#1681,#940,.T.);
#2075=EDGE_CURVE('',#1524,#1680,#941,.T.);
#2076=EDGE_CURVE('',#1527,#1682,#942,.T.);
#2077=EDGE_CURVE('',#1682,#1682,#238,.T.);
#2078=EDGE_CURVE('',#1679,#1683,#943,.T.);
#2079=EDGE_CURVE('',#1683,#1683,#239,.T.);
#2080=EDGE_CURVE('',#1528,#1684,#944,.T.);
#2081=EDGE_CURVE('',#1684,#1684,#240,.T.);
#2082=EDGE_CURVE('',#1529,#1685,#945,.T.);
#2083=EDGE_CURVE('',#1685,#1685,#241,.T.);
#2084=EDGE_CURVE('',#1530,#1686,#946,.T.);
#2085=EDGE_CURVE('',#1686,#1686,#242,.T.);
#2086=EDGE_CURVE('',#1687,#1687,#243,.T.);
#2087=EDGE_CURVE('',#1687,#1688,#947,.T.);
#2088=EDGE_CURVE('',#1688,#1688,#244,.T.);
#2089=EDGE_CURVE('',#1531,#1689,#948,.T.);
#2090=EDGE_CURVE('',#1689,#1689,#245,.T.);
#2091=EDGE_CURVE('',#1532,#1690,#949,.T.);
#2092=EDGE_CURVE('',#1690,#1690,#246,.T.);
#2093=EDGE_CURVE('',#1691,#1692,#950,.T.);
#2094=EDGE_CURVE('',#1619,#1691,#951,.T.);
#2095=EDGE_CURVE('',#1614,#1621,#952,.T.);
#2096=EDGE_CURVE('',#1692,#1615,#953,.T.);
#2097=EDGE_CURVE('',#1693,#1636,#954,.T.);
#2098=EDGE_CURVE('',#1503,#1694,#955,.T.);
#2099=EDGE_CURVE('',#1694,#1681,#956,.T.);
#2100=EDGE_CURVE('',#1695,#1680,#957,.T.);
#2101=EDGE_CURVE('',#1695,#1547,#958,.T.);
#2102=EDGE_CURVE('',#1637,#1696,#959,.T.);
#2103=EDGE_CURVE('',#1696,#1697,#247,.T.);
#2104=EDGE_CURVE('',#1697,#1698,#960,.T.);
#2105=EDGE_CURVE('',#1698,#1693,#248,.T.);
#2106=EDGE_CURVE('',#1699,#1699,#249,.T.);
#2107=EDGE_CURVE('',#1700,#1700,#250,.T.);
#2108=EDGE_CURVE('',#1699,#1701,#961,.T.);
#2109=EDGE_CURVE('',#1701,#1701,#251,.T.);
#2110=EDGE_CURVE('',#1702,#1702,#252,.T.);
#2111=EDGE_CURVE('',#1702,#1703,#962,.T.);
#2112=EDGE_CURVE('',#1703,#1703,#253,.T.);
#2113=EDGE_CURVE('',#1704,#1705,#963,.T.);
#2114=EDGE_CURVE('',#1705,#1706,#964,.T.);
#2115=EDGE_CURVE('',#1707,#1706,#965,.T.);
#2116=EDGE_CURVE('',#1704,#1707,#966,.T.);
#2117=EDGE_CURVE('',#1704,#1708,#967,.T.);
#2118=EDGE_CURVE('',#1709,#1707,#968,.T.);
#2119=EDGE_CURVE('',#1708,#1709,#969,.T.);
#2120=EDGE_CURVE('',#1710,#1708,#970,.T.);
#2121=EDGE_CURVE('',#1711,#1709,#971,.T.);
#2122=EDGE_CURVE('',#1710,#1711,#972,.T.);
#2123=EDGE_CURVE('',#1706,#1711,#973,.T.);
#2124=EDGE_CURVE('',#1533,#1705,#974,.T.);
#2125=EDGE_CURVE('',#1536,#1710,#975,.T.);
#2126=EDGE_CURVE('',#1708,#1712,#976,.T.);
#2127=EDGE_CURVE('',#1713,#1712,#977,.T.);
#2128=EDGE_CURVE('',#1713,#1704,#978,.T.);
#2129=EDGE_CURVE('',#1712,#1714,#979,.T.);
#2130=EDGE_CURVE('',#1715,#1714,#980,.T.);
#2131=EDGE_CURVE('',#1713,#1715,#981,.T.);
#2132=EDGE_CURVE('',#1716,#1715,#982,.T.);
#2133=EDGE_CURVE('',#1534,#1716,#983,.T.);
#2134=EDGE_CURVE('',#1717,#1716,#984,.T.);
#2135=EDGE_CURVE('',#1535,#1717,#985,.T.);
#2136=EDGE_CURVE('',#1714,#1717,#986,.T.);
#2137=EDGE_CURVE('',#1591,#1718,#987,.T.);
#2138=EDGE_CURVE('',#1718,#1718,#254,.T.);
#2139=EDGE_CURVE('',#1562,#1692,#988,.T.);
#2140=EDGE_CURVE('',#1561,#1691,#989,.T.);
#2141=EDGE_CURVE('',#1719,#1719,#255,.T.);
#2142=EDGE_CURVE('',#1720,#1720,#256,.T.);
#2143=EDGE_CURVE('',#1721,#1721,#257,.T.);
#2144=EDGE_CURVE('',#1721,#1722,#990,.T.);
#2145=EDGE_CURVE('',#1722,#1722,#258,.T.);
#2146=EDGE_CURVE('',#1723,#1574,#991,.T.);
#2147=EDGE_CURVE('',#1724,#1723,#992,.T.);
#2148=EDGE_CURVE('',#1724,#1572,#993,.T.);
#2149=EDGE_CURVE('',#1725,#1724,#994,.T.);
#2150=EDGE_CURVE('',#1725,#1726,#259,.T.);
#2151=EDGE_CURVE('',#1727,#1726,#995,.T.);
#2152=EDGE_CURVE('',#1727,#1571,#996,.T.);
#2153=EDGE_CURVE('',#1728,#1729,#997,.T.);
#2154=EDGE_CURVE('',#1730,#1728,#260,.T.);
#2155=EDGE_CURVE('',#1731,#1730,#998,.T.);
#2156=EDGE_CURVE('',#1731,#1729,#261,.T.);
#2157=EDGE_CURVE('',#1732,#1733,#999,.T.);
#2158=EDGE_CURVE('',#1537,#1732,#1000,.T.);
#2159=EDGE_CURVE('',#1540,#1733,#1001,.T.);
#2160=EDGE_CURVE('',#1655,#1734,#262,.T.);
#2161=EDGE_CURVE('',#1733,#1734,#1002,.T.);
#2162=EDGE_CURVE('',#1539,#1656,#1003,.T.);
#2163=EDGE_CURVE('',#1538,#1649,#1004,.T.);
#2164=EDGE_CURVE('',#1735,#1650,#263,.T.);
#2165=EDGE_CURVE('',#1735,#1732,#1005,.T.);
#2166=EDGE_CURVE('',#1736,#1508,#1006,.T.);
#2167=EDGE_CURVE('',#1737,#1736,#1007,.T.);
#2168=EDGE_CURVE('',#1737,#1632,#1008,.T.);
#2169=EDGE_CURVE('',#1738,#1628,#1009,.T.);
#2170=EDGE_CURVE('',#1739,#1738,#1010,.T.);
#2171=EDGE_CURVE('',#1739,#1507,#1011,.T.);
#2172=EDGE_CURVE('',#1654,#1740,#264,.T.);
#2173=EDGE_CURVE('',#1734,#1740,#1012,.T.);
#2174=EDGE_CURVE('',#1740,#1658,#1013,.T.);
#2175=EDGE_CURVE('',#1741,#1742,#1014,.T.);
#2176=EDGE_CURVE('',#1743,#1741,#265,.T.);
#2177=EDGE_CURVE('',#1744,#1743,#1015,.T.);
#2178=EDGE_CURVE('',#1744,#1742,#266,.T.);
#2179=EDGE_CURVE('',#1745,#1741,#1016,.T.);
#2180=EDGE_CURVE('',#1746,#1745,#267,.T.);
#2181=EDGE_CURVE('',#1743,#1746,#1017,.T.);
#2182=EDGE_CURVE('',#1747,#1745,#1018,.T.);
#2183=EDGE_CURVE('',#1748,#1747,#268,.T.);
#2184=EDGE_CURVE('',#1746,#1748,#1019,.T.);
#2185=EDGE_CURVE('',#1749,#1750,#1020,.T.);
#2186=EDGE_CURVE('',#1749,#1751,#269,.T.);
#2187=EDGE_CURVE('',#1752,#1751,#1021,.T.);
#2188=EDGE_CURVE('',#1750,#1752,#270,.T.);
#2189=EDGE_CURVE('',#1753,#1749,#1022,.T.);
#2190=EDGE_CURVE('',#1753,#1754,#271,.T.);
#2191=EDGE_CURVE('',#1751,#1754,#1023,.T.);
#2192=EDGE_CURVE('',#1742,#1753,#272,.T.);
#2193=EDGE_CURVE('',#1754,#1744,#273,.T.);
#2194=EDGE_CURVE('',#1755,#1756,#1024,.T.);
#2195=EDGE_CURVE('',#1755,#1757,#274,.T.);
#2196=EDGE_CURVE('',#1758,#1757,#1025,.T.);
#2197=EDGE_CURVE('',#1756,#1758,#275,.T.);
#2198=EDGE_CURVE('',#1759,#1755,#1026,.T.);
#2199=EDGE_CURVE('',#1759,#1760,#276,.T.);
#2200=EDGE_CURVE('',#1757,#1760,#1027,.T.);
#2201=EDGE_CURVE('',#1761,#1651,#277,.T.);
#2202=EDGE_CURVE('',#1761,#1735,#1028,.T.);
#2203=EDGE_CURVE('',#1657,#1761,#1029,.T.);
#2204=EDGE_CURVE('',#1512,#1695,#1030,.T.);
#2205=EDGE_CURVE('',#1526,#1694,#1031,.T.);
#2206=EDGE_CURVE('',#1762,#1763,#278,.T.);
#2207=EDGE_CURVE('',#1764,#1763,#1032,.T.);
#2208=EDGE_CURVE('',#1765,#1764,#279,.T.);
#2209=EDGE_CURVE('',#1762,#1765,#1033,.T.);
#2210=EDGE_CURVE('',#1766,#1737,#1034,.T.);
#2211=EDGE_CURVE('',#1766,#1767,#280,.T.);
#2212=EDGE_CURVE('',#1738,#1767,#1035,.T.);
#2213=EDGE_CURVE('',#1768,#1769,#281,.T.);
#2214=EDGE_CURVE('',#1736,#1769,#1036,.T.);
#2215=EDGE_CURVE('',#1768,#1739,#1037,.T.);
#2216=EDGE_CURVE('',#1770,#1771,#282,.T.);
#2217=EDGE_CURVE('',#1748,#1771,#283,.T.);
#2218=EDGE_CURVE('',#1770,#1747,#284,.T.);
#2219=EDGE_CURVE('',#1772,#1773,#285,.T.);
#2220=EDGE_CURVE('',#1756,#1773,#286,.T.);
#2221=EDGE_CURVE('',#1772,#1758,#287,.T.);
#2222=EDGE_CURVE('',#1771,#1772,#1038,.T.);
#2223=EDGE_CURVE('',#1773,#1770,#1039,.T.);
#2224=EDGE_CURVE('',#1774,#1775,#288,.T.);
#2225=EDGE_CURVE('',#1767,#1774,#1040,.T.);
#2226=EDGE_CURVE('',#1775,#1766,#1041,.T.);
#2227=EDGE_CURVE('',#1776,#1777,#289,.T.);
#2228=EDGE_CURVE('',#1769,#1777,#1042,.T.);
#2229=EDGE_CURVE('',#1776,#1768,#1043,.T.);
#2230=EDGE_CURVE('',#1778,#1776,#1044,.T.);
#2231=EDGE_CURVE('',#1774,#1779,#1045,.T.);
#2232=EDGE_CURVE('',#1779,#1780,#290,.T.);
#2233=EDGE_CURVE('',#1780,#1759,#1046,.T.);
#2234=EDGE_CURVE('',#1750,#1781,#1047,.T.);
#2235=EDGE_CURVE('',#1781,#1782,#1048,.T.);
#2236=EDGE_CURVE('',#1782,#1778,#291,.T.);
#2237=EDGE_CURVE('',#1781,#1783,#292,.T.);
#2238=EDGE_CURVE('',#1783,#1752,#1049,.T.);
#2239=EDGE_CURVE('',#1784,#1783,#1050,.T.);
#2240=EDGE_CURVE('',#1782,#1784,#293,.F.);
#2241=EDGE_CURVE('',#1785,#1778,#294,.T.);
#2242=EDGE_CURVE('',#1785,#1784,#295,.T.);
#2243=EDGE_CURVE('',#1780,#1786,#296,.T.);
#2244=EDGE_CURVE('',#1760,#1786,#1051,.T.);
#2245=EDGE_CURVE('',#1779,#1787,#297,.T.);
#2246=EDGE_CURVE('',#1787,#1775,#1052,.T.);
#2247=EDGE_CURVE('',#1786,#1787,#298,.T.);
#2248=EDGE_CURVE('',#1788,#1789,#299,.T.);
#2249=EDGE_CURVE('',#1726,#1789,#1053,.T.);
#2250=EDGE_CURVE('',#1788,#1725,#1054,.T.);
#2251=EDGE_CURVE('',#1730,#1788,#1055,.T.);
#2252=EDGE_CURVE('',#1723,#1764,#1056,.T.);
#2253=EDGE_CURVE('',#1763,#1731,#1057,.T.);
#2254=EDGE_CURVE('',#1789,#1728,#1058,.T.);
#2255=EDGE_CURVE('',#1729,#1762,#1059,.T.);
#2256=EDGE_CURVE('',#1765,#1790,#1060,.T.);
#2257=EDGE_CURVE('',#1790,#1727,#1061,.T.);
#2258=EDGE_CURVE('',#1520,#1791,#1062,.T.);
#2259=EDGE_CURVE('',#1519,#1676,#1063,.T.);
#2260=EDGE_CURVE('',#1792,#1678,#1064,.T.);
#2261=EDGE_CURVE('',#1792,#1793,#1065,.T.);
#2262=EDGE_CURVE('',#1794,#1793,#1066,.T.);
#2263=EDGE_CURVE('',#1791,#1794,#1067,.T.);
#2264=EDGE_CURVE('',#1674,#1666,#1068,.T.);
#2265=EDGE_CURVE('',#1672,#1663,#1069,.T.);
#2266=EDGE_CURVE('',#1795,#1796,#1070,.T.);
#2267=EDGE_CURVE('',#1796,#1797,#1071,.T.);
#2268=EDGE_CURVE('',#1798,#1797,#1072,.T.);
#2269=EDGE_CURVE('',#1795,#1798,#1073,.T.);
#2270=EDGE_CURVE('',#1799,#1800,#1074,.T.);
#2271=EDGE_CURVE('',#1799,#1801,#1075,.T.);
#2272=EDGE_CURVE('',#1793,#1801,#1076,.T.);
#2273=EDGE_CURVE('',#1802,#1792,#1077,.T.);
#2274=EDGE_CURVE('',#1802,#1493,#1078,.T.);
#2275=EDGE_CURVE('',#1800,#1492,#1079,.T.);
#2276=EDGE_CURVE('',#1803,#1799,#1080,.T.);
#2277=EDGE_CURVE('',#1804,#1803,#1081,.T.);
#2278=EDGE_CURVE('',#1805,#1804,#1082,.T.);
#2279=EDGE_CURVE('',#1801,#1805,#1083,.T.);
#2280=EDGE_CURVE('',#1794,#1805,#1084,.T.);
#2281=EDGE_CURVE('',#1804,#1791,#1085,.T.);
#2282=EDGE_CURVE('',#1660,#1803,#1086,.T.);
#2283=EDGE_CURVE('',#1806,#1807,#1087,.T.);
#2284=EDGE_CURVE('',#1807,#1491,#1088,.T.);
#2285=EDGE_CURVE('',#1806,#1494,#1089,.T.);
#2286=EDGE_CURVE('',#1797,#1808,#1090,.T.);
#2287=EDGE_CURVE('',#1808,#1809,#1091,.T.);
#2288=EDGE_CURVE('',#1809,#1798,#1092,.T.);
#2289=EDGE_CURVE('',#1800,#1796,#1093,.T.);
#2290=EDGE_CURVE('',#1810,#1807,#1094,.T.);
#2291=EDGE_CURVE('',#1811,#1810,#300,.T.);
#2292=EDGE_CURVE('',#1811,#1808,#1095,.T.);
#2293=EDGE_CURVE('',#1795,#1802,#1096,.T.);
#2294=EDGE_CURVE('',#1812,#1809,#1097,.T.);
#2295=EDGE_CURVE('',#1813,#1812,#301,.T.);
#2296=EDGE_CURVE('',#1806,#1813,#1098,.T.);
#2297=EDGE_CURVE('',#1812,#1811,#1099,.T.);
#2298=EDGE_CURVE('',#1810,#1813,#1100,.T.);
#2299=EDGE_CURVE('',#1814,#1814,#302,.T.);
#2300=EDGE_CURVE('',#1700,#1814,#1101,.T.);
#2301=EDGE_CURVE('',#1777,#1785,#1102,.T.);
#2302=EDGE_CURVE('',#1565,#1693,#1103,.T.);
#2303=EDGE_CURVE('',#1696,#1568,#1104,.T.);
#2304=EDGE_CURVE('',#1790,#1573,#1105,.T.);
#2305=EDGE_CURVE('',#1567,#1697,#1106,.T.);
#2306=EDGE_CURVE('',#1698,#1566,#1107,.T.);
#2307=EDGE_CURVE('',#1815,#1815,#303,.T.);
#2308=EDGE_CURVE('',#1816,#1816,#304,.T.);
#2309=EDGE_CURVE('',#1816,#1719,#1108,.T.);
#2310=EDGE_CURVE('',#1815,#1720,#1109,.T.);
#2311=EDGE_CURVE('',#1620,#1638,#1110,.T.);
#2312=EDGE_CURVE('',#1817,#1818,#40,.T.);
#2313=EDGE_CURVE('',#1817,#1818,#305,.T.);
#2314=EDGE_CURVE('',#1819,#1820,#41,.T.);
#2315=EDGE_CURVE('',#1819,#1820,#306,.T.);
#2316=EDGE_CURVE('',#1818,#1819,#1111,.T.);
#2317=EDGE_CURVE('',#1820,#1817,#1112,.T.);
#2318=ORIENTED_EDGE('',*,*,#1821,.T.);
#2319=ORIENTED_EDGE('',*,*,#1822,.T.);
#2320=ORIENTED_EDGE('',*,*,#1823,.T.);
#2321=ORIENTED_EDGE('',*,*,#1824,.T.);
#2322=ORIENTED_EDGE('',*,*,#1825,.T.);
#2323=ORIENTED_EDGE('',*,*,#1826,.T.);
#2324=ORIENTED_EDGE('',*,*,#1827,.T.);
#2325=ORIENTED_EDGE('',*,*,#1828,.T.);
#2326=ORIENTED_EDGE('',*,*,#1829,.T.);
#2327=ORIENTED_EDGE('',*,*,#1830,.T.);
#2328=ORIENTED_EDGE('',*,*,#1831,.T.);
#2329=ORIENTED_EDGE('',*,*,#1826,.F.);
#2330=ORIENTED_EDGE('',*,*,#1832,.F.);
#2331=ORIENTED_EDGE('',*,*,#1833,.T.);
#2332=ORIENTED_EDGE('',*,*,#1834,.F.);
#2333=ORIENTED_EDGE('',*,*,#1835,.T.);
#2334=ORIENTED_EDGE('',*,*,#1836,.T.);
#2335=ORIENTED_EDGE('',*,*,#1837,.T.);
#2336=ORIENTED_EDGE('',*,*,#1825,.F.);
#2337=ORIENTED_EDGE('',*,*,#1838,.T.);
#2338=ORIENTED_EDGE('',*,*,#1839,.T.);
#2339=ORIENTED_EDGE('',*,*,#1840,.T.);
#2340=ORIENTED_EDGE('',*,*,#1841,.F.);
#2341=ORIENTED_EDGE('',*,*,#1842,.T.);
#2342=ORIENTED_EDGE('',*,*,#1843,.T.);
#2343=ORIENTED_EDGE('',*,*,#1844,.T.);
#2344=ORIENTED_EDGE('',*,*,#1845,.T.);
#2345=ORIENTED_EDGE('',*,*,#1846,.T.);
#2346=ORIENTED_EDGE('',*,*,#1847,.T.);
#2347=ORIENTED_EDGE('',*,*,#1848,.T.);
#2348=ORIENTED_EDGE('',*,*,#1849,.T.);
#2349=ORIENTED_EDGE('',*,*,#1850,.T.);
#2350=ORIENTED_EDGE('',*,*,#1851,.T.);
#2351=ORIENTED_EDGE('',*,*,#1852,.T.);
#2352=ORIENTED_EDGE('',*,*,#1853,.T.);
#2353=ORIENTED_EDGE('',*,*,#1854,.T.);
#2354=ORIENTED_EDGE('',*,*,#1855,.T.);
#2355=ORIENTED_EDGE('',*,*,#1856,.T.);
#2356=ORIENTED_EDGE('',*,*,#1857,.T.);
#2357=ORIENTED_EDGE('',*,*,#1858,.T.);
#2358=ORIENTED_EDGE('',*,*,#1859,.T.);
#2359=ORIENTED_EDGE('',*,*,#1832,.T.);
#2360=ORIENTED_EDGE('',*,*,#1860,.T.);
#2361=ORIENTED_EDGE('',*,*,#1861,.T.);
#2362=ORIENTED_EDGE('',*,*,#1862,.T.);
#2363=ORIENTED_EDGE('',*,*,#1863,.T.);
#2364=ORIENTED_EDGE('',*,*,#1864,.T.);
#2365=ORIENTED_EDGE('',*,*,#1865,.T.);
#2366=ORIENTED_EDGE('',*,*,#1866,.T.);
#2367=ORIENTED_EDGE('',*,*,#1867,.T.);
#2368=ORIENTED_EDGE('',*,*,#1868,.T.);
#2369=ORIENTED_EDGE('',*,*,#1869,.T.);
#2370=ORIENTED_EDGE('',*,*,#1870,.T.);
#2371=ORIENTED_EDGE('',*,*,#1871,.T.);
#2372=ORIENTED_EDGE('',*,*,#1872,.T.);
#2373=ORIENTED_EDGE('',*,*,#1873,.T.);
#2374=ORIENTED_EDGE('',*,*,#1874,.T.);
#2375=ORIENTED_EDGE('',*,*,#1875,.F.);
#2376=ORIENTED_EDGE('',*,*,#1876,.T.);
#2377=ORIENTED_EDGE('',*,*,#1877,.T.);
#2378=ORIENTED_EDGE('',*,*,#1878,.T.);
#2379=ORIENTED_EDGE('',*,*,#1841,.T.);
#2380=ORIENTED_EDGE('',*,*,#1878,.F.);
#2381=ORIENTED_EDGE('',*,*,#1879,.T.);
#2382=ORIENTED_EDGE('',*,*,#1880,.T.);
#2383=ORIENTED_EDGE('',*,*,#1881,.F.);
#2384=ORIENTED_EDGE('',*,*,#1882,.F.);
#2385=ORIENTED_EDGE('',*,*,#1842,.F.);
#2386=ORIENTED_EDGE('',*,*,#1883,.T.);
#2387=ORIENTED_EDGE('',*,*,#1884,.T.);
#2388=ORIENTED_EDGE('',*,*,#1885,.T.);
#2389=ORIENTED_EDGE('',*,*,#1886,.T.);
#2390=ORIENTED_EDGE('',*,*,#1887,.T.);
#2391=ORIENTED_EDGE('',*,*,#1888,.T.);
#2392=ORIENTED_EDGE('',*,*,#1889,.T.);
#2393=ORIENTED_EDGE('',*,*,#1887,.F.);
#2394=ORIENTED_EDGE('',*,*,#1890,.T.);
#2395=ORIENTED_EDGE('',*,*,#1891,.T.);
#2396=ORIENTED_EDGE('',*,*,#1892,.T.);
#2397=ORIENTED_EDGE('',*,*,#1893,.T.);
#2398=ORIENTED_EDGE('',*,*,#1894,.T.);
#2399=ORIENTED_EDGE('',*,*,#1895,.T.);
#2400=ORIENTED_EDGE('',*,*,#1896,.T.);
#2401=ORIENTED_EDGE('',*,*,#1897,.T.);
#2402=ORIENTED_EDGE('',*,*,#1898,.T.);
#2403=ORIENTED_EDGE('',*,*,#1899,.T.);
#2404=ORIENTED_EDGE('',*,*,#1900,.T.);
#2405=ORIENTED_EDGE('',*,*,#1901,.F.);
#2406=ORIENTED_EDGE('',*,*,#1902,.T.);
#2407=ORIENTED_EDGE('',*,*,#1903,.F.);
#2408=ORIENTED_EDGE('',*,*,#1904,.T.);
#2409=ORIENTED_EDGE('',*,*,#1905,.T.);
#2410=ORIENTED_EDGE('',*,*,#1906,.T.);
#2411=ORIENTED_EDGE('',*,*,#1907,.F.);
#2412=ORIENTED_EDGE('',*,*,#1908,.F.);
#2413=ORIENTED_EDGE('',*,*,#1909,.F.);
#2414=ORIENTED_EDGE('',*,*,#1910,.F.);
#2415=ORIENTED_EDGE('',*,*,#1911,.F.);
#2416=ORIENTED_EDGE('',*,*,#1912,.T.);
#2417=ORIENTED_EDGE('',*,*,#1913,.F.);
#2418=ORIENTED_EDGE('',*,*,#1912,.F.);
#2419=ORIENTED_EDGE('',*,*,#1914,.F.);
#2420=ORIENTED_EDGE('',*,*,#1915,.T.);
#2421=ORIENTED_EDGE('',*,*,#1916,.F.);
#2422=ORIENTED_EDGE('',*,*,#1915,.F.);
#2423=ORIENTED_EDGE('',*,*,#1917,.F.);
#2424=ORIENTED_EDGE('',*,*,#1918,.T.);
#2425=ORIENTED_EDGE('',*,*,#1919,.F.);
#2426=ORIENTED_EDGE('',*,*,#1918,.F.);
#2427=ORIENTED_EDGE('',*,*,#1920,.F.);
#2428=ORIENTED_EDGE('',*,*,#1921,.T.);
#2429=ORIENTED_EDGE('',*,*,#1922,.F.);
#2430=ORIENTED_EDGE('',*,*,#1921,.F.);
#2431=ORIENTED_EDGE('',*,*,#1923,.F.);
#2432=ORIENTED_EDGE('',*,*,#1924,.T.);
#2433=ORIENTED_EDGE('',*,*,#1925,.F.);
#2434=ORIENTED_EDGE('',*,*,#1924,.F.);
#2435=ORIENTED_EDGE('',*,*,#1889,.F.);
#2436=ORIENTED_EDGE('',*,*,#1926,.T.);
#2437=ORIENTED_EDGE('',*,*,#1927,.F.);
#2438=ORIENTED_EDGE('',*,*,#1928,.F.);
#2439=ORIENTED_EDGE('',*,*,#1899,.F.);
#2440=ORIENTED_EDGE('',*,*,#1929,.T.);
#2441=ORIENTED_EDGE('',*,*,#1930,.F.);
#2442=ORIENTED_EDGE('',*,*,#1931,.F.);
#2443=ORIENTED_EDGE('',*,*,#1932,.T.);
#2444=ORIENTED_EDGE('',*,*,#1930,.T.);
#2445=ORIENTED_EDGE('',*,*,#1933,.T.);
#2446=ORIENTED_EDGE('',*,*,#1927,.T.);
#2447=ORIENTED_EDGE('',*,*,#1934,.F.);
#2448=ORIENTED_EDGE('',*,*,#1935,.T.);
#2449=ORIENTED_EDGE('',*,*,#1936,.F.);
#2450=ORIENTED_EDGE('',*,*,#1935,.F.);
#2451=ORIENTED_EDGE('',*,*,#1934,.T.);
#2452=ORIENTED_EDGE('',*,*,#1937,.T.);
#2453=ORIENTED_EDGE('',*,*,#1837,.F.);
#2454=ORIENTED_EDGE('',*,*,#1938,.T.);
#2455=ORIENTED_EDGE('',*,*,#1939,.T.);
#2456=ORIENTED_EDGE('',*,*,#1938,.F.);
#2457=ORIENTED_EDGE('',*,*,#1939,.F.);
#2458=ORIENTED_EDGE('',*,*,#1836,.F.);
#2459=ORIENTED_EDGE('',*,*,#1940,.T.);
#2460=ORIENTED_EDGE('',*,*,#1941,.T.);
#2461=ORIENTED_EDGE('',*,*,#1940,.F.);
#2462=ORIENTED_EDGE('',*,*,#1941,.F.);
#2463=ORIENTED_EDGE('',*,*,#1942,.F.);
#2464=ORIENTED_EDGE('',*,*,#1943,.T.);
#2465=ORIENTED_EDGE('',*,*,#1944,.T.);
#2466=ORIENTED_EDGE('',*,*,#1943,.F.);
#2467=ORIENTED_EDGE('',*,*,#1944,.F.);
#2468=ORIENTED_EDGE('',*,*,#1945,.F.);
#2469=ORIENTED_EDGE('',*,*,#1946,.T.);
#2470=ORIENTED_EDGE('',*,*,#1947,.T.);
#2471=ORIENTED_EDGE('',*,*,#1946,.F.);
#2472=ORIENTED_EDGE('',*,*,#1947,.F.);
#2473=ORIENTED_EDGE('',*,*,#1948,.F.);
#2474=ORIENTED_EDGE('',*,*,#1949,.T.);
#2475=ORIENTED_EDGE('',*,*,#1950,.T.);
#2476=ORIENTED_EDGE('',*,*,#1949,.F.);
#2477=ORIENTED_EDGE('',*,*,#1950,.F.);
#2478=ORIENTED_EDGE('',*,*,#1951,.F.);
#2479=ORIENTED_EDGE('',*,*,#1952,.T.);
#2480=ORIENTED_EDGE('',*,*,#1953,.T.);
#2481=ORIENTED_EDGE('',*,*,#1952,.F.);
#2482=ORIENTED_EDGE('',*,*,#1953,.F.);
#2483=ORIENTED_EDGE('',*,*,#1885,.F.);
#2484=ORIENTED_EDGE('',*,*,#1954,.T.);
#2485=ORIENTED_EDGE('',*,*,#1955,.T.);
#2486=ORIENTED_EDGE('',*,*,#1954,.F.);
#2487=ORIENTED_EDGE('',*,*,#1955,.F.);
#2488=ORIENTED_EDGE('',*,*,#1884,.F.);
#2489=ORIENTED_EDGE('',*,*,#1956,.T.);
#2490=ORIENTED_EDGE('',*,*,#1957,.T.);
#2491=ORIENTED_EDGE('',*,*,#1956,.F.);
#2492=ORIENTED_EDGE('',*,*,#1957,.F.);
#2493=ORIENTED_EDGE('',*,*,#1883,.F.);
#2494=ORIENTED_EDGE('',*,*,#1958,.T.);
#2495=ORIENTED_EDGE('',*,*,#1959,.T.);
#2496=ORIENTED_EDGE('',*,*,#1958,.F.);
#2497=ORIENTED_EDGE('',*,*,#1959,.F.);
#2498=ORIENTED_EDGE('',*,*,#1960,.F.);
#2499=ORIENTED_EDGE('',*,*,#1961,.F.);
#2500=ORIENTED_EDGE('',*,*,#1962,.T.);
#2501=ORIENTED_EDGE('',*,*,#1963,.T.);
#2502=ORIENTED_EDGE('',*,*,#1892,.F.);
#2503=ORIENTED_EDGE('',*,*,#1964,.T.);
#2504=ORIENTED_EDGE('',*,*,#1962,.F.);
#2505=ORIENTED_EDGE('',*,*,#1965,.F.);
#2506=ORIENTED_EDGE('',*,*,#1966,.F.);
#2507=ORIENTED_EDGE('',*,*,#1967,.T.);
#2508=ORIENTED_EDGE('',*,*,#1968,.F.);
#2509=ORIENTED_EDGE('',*,*,#1969,.F.);
#2510=ORIENTED_EDGE('',*,*,#1894,.F.);
#2511=ORIENTED_EDGE('',*,*,#1970,.F.);
#2512=ORIENTED_EDGE('',*,*,#1968,.T.);
#2513=ORIENTED_EDGE('',*,*,#1971,.T.);
#2514=ORIENTED_EDGE('',*,*,#1960,.T.);
#2515=ORIENTED_EDGE('',*,*,#1972,.T.);
#2516=ORIENTED_EDGE('',*,*,#1973,.T.);
#2517=ORIENTED_EDGE('',*,*,#1974,.F.);
#2518=ORIENTED_EDGE('',*,*,#1963,.F.);
#2519=ORIENTED_EDGE('',*,*,#1964,.F.);
#2520=ORIENTED_EDGE('',*,*,#1891,.F.);
#2521=ORIENTED_EDGE('',*,*,#1975,.T.);
#2522=ORIENTED_EDGE('',*,*,#1976,.T.);
#2523=ORIENTED_EDGE('',*,*,#1972,.F.);
#2524=ORIENTED_EDGE('',*,*,#1977,.T.);
#2525=ORIENTED_EDGE('',*,*,#1977,.F.);
#2526=ORIENTED_EDGE('',*,*,#1978,.T.);
#2527=ORIENTED_EDGE('',*,*,#1979,.F.);
#2528=ORIENTED_EDGE('',*,*,#1978,.F.);
#2529=ORIENTED_EDGE('',*,*,#1980,.T.);
#2530=ORIENTED_EDGE('',*,*,#1981,.T.);
#2531=ORIENTED_EDGE('',*,*,#1982,.F.);
#2532=ORIENTED_EDGE('',*,*,#1895,.F.);
#2533=ORIENTED_EDGE('',*,*,#1971,.F.);
#2534=ORIENTED_EDGE('',*,*,#1967,.F.);
#2535=ORIENTED_EDGE('',*,*,#1983,.T.);
#2536=ORIENTED_EDGE('',*,*,#1966,.T.);
#2537=ORIENTED_EDGE('',*,*,#1984,.F.);
#2538=ORIENTED_EDGE('',*,*,#1985,.T.);
#2539=ORIENTED_EDGE('',*,*,#1980,.F.);
#2540=ORIENTED_EDGE('',*,*,#1831,.F.);
#2541=ORIENTED_EDGE('',*,*,#1986,.F.);
#2542=ORIENTED_EDGE('',*,*,#1987,.T.);
#2543=ORIENTED_EDGE('',*,*,#1988,.T.);
#2544=ORIENTED_EDGE('',*,*,#1827,.F.);
#2545=ORIENTED_EDGE('',*,*,#1989,.F.);
#2546=ORIENTED_EDGE('',*,*,#1990,.F.);
#2547=ORIENTED_EDGE('',*,*,#1991,.T.);
#2548=ORIENTED_EDGE('',*,*,#1992,.T.);
#2549=ORIENTED_EDGE('',*,*,#1987,.F.);
#2550=ORIENTED_EDGE('',*,*,#1993,.F.);
#2551=ORIENTED_EDGE('',*,*,#1994,.F.);
#2552=ORIENTED_EDGE('',*,*,#1995,.F.);
#2553=ORIENTED_EDGE('',*,*,#1829,.F.);
#2554=ORIENTED_EDGE('',*,*,#1996,.T.);
#2555=ORIENTED_EDGE('',*,*,#1991,.F.);
#2556=ORIENTED_EDGE('',*,*,#1828,.F.);
#2557=ORIENTED_EDGE('',*,*,#1988,.F.);
#2558=ORIENTED_EDGE('',*,*,#1992,.F.);
#2559=ORIENTED_EDGE('',*,*,#1996,.F.);
#2560=ORIENTED_EDGE('',*,*,#1876,.F.);
#2561=ORIENTED_EDGE('',*,*,#1997,.F.);
#2562=ORIENTED_EDGE('',*,*,#1998,.F.);
#2563=ORIENTED_EDGE('',*,*,#1999,.F.);
#2564=ORIENTED_EDGE('',*,*,#1879,.F.);
#2565=ORIENTED_EDGE('',*,*,#1877,.F.);
#2566=ORIENTED_EDGE('',*,*,#1999,.T.);
#2567=ORIENTED_EDGE('',*,*,#2000,.F.);
#2568=ORIENTED_EDGE('',*,*,#2001,.F.);
#2569=ORIENTED_EDGE('',*,*,#2002,.F.);
#2570=ORIENTED_EDGE('',*,*,#2003,.F.);
#2571=ORIENTED_EDGE('',*,*,#2004,.T.);
#2572=ORIENTED_EDGE('',*,*,#1997,.T.);
#2573=ORIENTED_EDGE('',*,*,#1875,.T.);
#2574=ORIENTED_EDGE('',*,*,#2005,.F.);
#2575=ORIENTED_EDGE('',*,*,#2006,.F.);
#2576=ORIENTED_EDGE('',*,*,#2007,.F.);
#2577=ORIENTED_EDGE('',*,*,#2000,.T.);
#2578=ORIENTED_EDGE('',*,*,#1998,.T.);
#2579=ORIENTED_EDGE('',*,*,#2004,.F.);
#2580=ORIENTED_EDGE('',*,*,#1993,.T.);
#2581=ORIENTED_EDGE('',*,*,#1986,.T.);
#2582=ORIENTED_EDGE('',*,*,#1835,.F.);
#2583=ORIENTED_EDGE('',*,*,#2008,.F.);
#2584=ORIENTED_EDGE('',*,*,#2009,.T.);
#2585=ORIENTED_EDGE('',*,*,#1905,.F.);
#2586=ORIENTED_EDGE('',*,*,#2010,.T.);
#2587=ORIENTED_EDGE('',*,*,#2011,.F.);
#2588=ORIENTED_EDGE('',*,*,#1880,.F.);
#2589=ORIENTED_EDGE('',*,*,#2001,.T.);
#2590=ORIENTED_EDGE('',*,*,#2007,.T.);
#2591=ORIENTED_EDGE('',*,*,#2012,.F.);
#2592=ORIENTED_EDGE('',*,*,#1979,.T.);
#2593=ORIENTED_EDGE('',*,*,#2013,.T.);
#2594=ORIENTED_EDGE('',*,*,#2014,.F.);
#2595=ORIENTED_EDGE('',*,*,#2015,.T.);
#2596=ORIENTED_EDGE('',*,*,#2016,.F.);
#2597=ORIENTED_EDGE('',*,*,#2017,.F.);
#2598=ORIENTED_EDGE('',*,*,#2018,.F.);
#2599=ORIENTED_EDGE('',*,*,#2019,.F.);
#2600=ORIENTED_EDGE('',*,*,#2020,.F.);
#2601=ORIENTED_EDGE('',*,*,#2021,.F.);
#2602=ORIENTED_EDGE('',*,*,#2022,.T.);
#2603=ORIENTED_EDGE('',*,*,#2023,.T.);
#2604=ORIENTED_EDGE('',*,*,#2024,.F.);
#2605=ORIENTED_EDGE('',*,*,#2016,.T.);
#2606=ORIENTED_EDGE('',*,*,#2025,.T.);
#2607=ORIENTED_EDGE('',*,*,#2022,.F.);
#2608=ORIENTED_EDGE('',*,*,#2026,.F.);
#2609=ORIENTED_EDGE('',*,*,#2023,.F.);
#2610=ORIENTED_EDGE('',*,*,#2025,.F.);
#2611=ORIENTED_EDGE('',*,*,#2015,.F.);
#2612=ORIENTED_EDGE('',*,*,#2018,.T.);
#2613=ORIENTED_EDGE('',*,*,#2027,.T.);
#2614=ORIENTED_EDGE('',*,*,#2028,.T.);
#2615=ORIENTED_EDGE('',*,*,#2029,.T.);
#2616=ORIENTED_EDGE('',*,*,#2030,.T.);
#2617=ORIENTED_EDGE('',*,*,#2031,.T.);
#2618=ORIENTED_EDGE('',*,*,#2020,.T.);
#2619=ORIENTED_EDGE('',*,*,#2032,.T.);
#2620=ORIENTED_EDGE('',*,*,#2033,.T.);
#2621=ORIENTED_EDGE('',*,*,#2034,.T.);
#2622=ORIENTED_EDGE('',*,*,#2035,.T.);
#2623=ORIENTED_EDGE('',*,*,#2036,.T.);
#2624=ORIENTED_EDGE('',*,*,#2019,.T.);
#2625=ORIENTED_EDGE('',*,*,#2026,.T.);
#2626=ORIENTED_EDGE('',*,*,#2014,.T.);
#2627=ORIENTED_EDGE('',*,*,#2031,.F.);
#2628=ORIENTED_EDGE('',*,*,#2037,.T.);
#2629=ORIENTED_EDGE('',*,*,#2038,.F.);
#2630=ORIENTED_EDGE('',*,*,#2039,.F.);
#2631=ORIENTED_EDGE('',*,*,#2032,.F.);
#2632=ORIENTED_EDGE('',*,*,#2040,.F.);
#2633=ORIENTED_EDGE('',*,*,#2041,.F.);
#2634=ORIENTED_EDGE('',*,*,#1853,.F.);
#2635=ORIENTED_EDGE('',*,*,#2042,.F.);
#2636=ORIENTED_EDGE('',*,*,#2043,.F.);
#2637=ORIENTED_EDGE('',*,*,#2044,.F.);
#2638=ORIENTED_EDGE('',*,*,#1854,.F.);
#2639=ORIENTED_EDGE('',*,*,#2041,.T.);
#2640=ORIENTED_EDGE('',*,*,#2045,.F.);
#2641=ORIENTED_EDGE('',*,*,#2046,.F.);
#2642=ORIENTED_EDGE('',*,*,#1855,.F.);
#2643=ORIENTED_EDGE('',*,*,#2044,.T.);
#2644=ORIENTED_EDGE('',*,*,#2047,.F.);
#2645=ORIENTED_EDGE('',*,*,#2048,.F.);
#2646=ORIENTED_EDGE('',*,*,#1845,.F.);
#2647=ORIENTED_EDGE('',*,*,#2046,.T.);
#2648=ORIENTED_EDGE('',*,*,#2049,.F.);
#2649=ORIENTED_EDGE('',*,*,#2050,.F.);
#2650=ORIENTED_EDGE('',*,*,#2051,.F.);
#2651=ORIENTED_EDGE('',*,*,#1849,.F.);
#2652=ORIENTED_EDGE('',*,*,#2052,.T.);
#2653=ORIENTED_EDGE('',*,*,#2053,.F.);
#2654=ORIENTED_EDGE('',*,*,#2054,.F.);
#2655=ORIENTED_EDGE('',*,*,#2055,.F.);
#2656=ORIENTED_EDGE('',*,*,#2056,.F.);
#2657=ORIENTED_EDGE('',*,*,#2057,.F.);
#2658=ORIENTED_EDGE('',*,*,#2052,.F.);
#2659=ORIENTED_EDGE('',*,*,#1848,.F.);
#2660=ORIENTED_EDGE('',*,*,#2058,.T.);
#2661=ORIENTED_EDGE('',*,*,#2059,.F.);
#2662=ORIENTED_EDGE('',*,*,#2058,.F.);
#2663=ORIENTED_EDGE('',*,*,#1847,.F.);
#2664=ORIENTED_EDGE('',*,*,#2060,.T.);
#2665=ORIENTED_EDGE('',*,*,#2049,.T.);
#2666=ORIENTED_EDGE('',*,*,#2061,.F.);
#2667=ORIENTED_EDGE('',*,*,#2062,.F.);
#2668=ORIENTED_EDGE('',*,*,#2063,.F.);
#2669=ORIENTED_EDGE('',*,*,#2056,.T.);
#2670=ORIENTED_EDGE('',*,*,#2064,.T.);
#2671=ORIENTED_EDGE('',*,*,#2065,.T.);
#2672=ORIENTED_EDGE('',*,*,#2066,.T.);
#2673=ORIENTED_EDGE('',*,*,#2061,.T.);
#2674=ORIENTED_EDGE('',*,*,#2055,.T.);
#2675=ORIENTED_EDGE('',*,*,#2067,.T.);
#2676=ORIENTED_EDGE('',*,*,#2068,.T.);
#2677=ORIENTED_EDGE('',*,*,#2064,.F.);
#2678=ORIENTED_EDGE('',*,*,#2054,.T.);
#2679=ORIENTED_EDGE('',*,*,#2069,.F.);
#2680=ORIENTED_EDGE('',*,*,#2070,.T.);
#2681=ORIENTED_EDGE('',*,*,#2067,.F.);
#2682=ORIENTED_EDGE('',*,*,#1989,.T.);
#2683=ORIENTED_EDGE('',*,*,#2012,.T.);
#2684=ORIENTED_EDGE('',*,*,#2006,.T.);
#2685=ORIENTED_EDGE('',*,*,#2071,.T.);
#2686=ORIENTED_EDGE('',*,*,#2072,.T.);
#2687=ORIENTED_EDGE('',*,*,#2073,.T.);
#2688=ORIENTED_EDGE('',*,*,#2074,.F.);
#2689=ORIENTED_EDGE('',*,*,#1857,.F.);
#2690=ORIENTED_EDGE('',*,*,#2075,.T.);
#2691=ORIENTED_EDGE('',*,*,#1860,.F.);
#2692=ORIENTED_EDGE('',*,*,#2076,.T.);
#2693=ORIENTED_EDGE('',*,*,#2077,.F.);
#2694=ORIENTED_EDGE('',*,*,#2076,.F.);
#2695=ORIENTED_EDGE('',*,*,#2072,.F.);
#2696=ORIENTED_EDGE('',*,*,#2078,.T.);
#2697=ORIENTED_EDGE('',*,*,#2079,.F.);
#2698=ORIENTED_EDGE('',*,*,#2078,.F.);
#2699=ORIENTED_EDGE('',*,*,#1861,.F.);
#2700=ORIENTED_EDGE('',*,*,#2080,.T.);
#2701=ORIENTED_EDGE('',*,*,#2081,.F.);
#2702=ORIENTED_EDGE('',*,*,#2080,.F.);
#2703=ORIENTED_EDGE('',*,*,#1862,.F.);
#2704=ORIENTED_EDGE('',*,*,#2082,.T.);
#2705=ORIENTED_EDGE('',*,*,#2083,.F.);
#2706=ORIENTED_EDGE('',*,*,#2082,.F.);
#2707=ORIENTED_EDGE('',*,*,#1863,.F.);
#2708=ORIENTED_EDGE('',*,*,#2084,.T.);
#2709=ORIENTED_EDGE('',*,*,#2085,.F.);
#2710=ORIENTED_EDGE('',*,*,#2084,.F.);
#2711=ORIENTED_EDGE('',*,*,#2086,.T.);
#2712=ORIENTED_EDGE('',*,*,#2087,.T.);
#2713=ORIENTED_EDGE('',*,*,#2088,.F.);
#2714=ORIENTED_EDGE('',*,*,#2087,.F.);
#2715=ORIENTED_EDGE('',*,*,#2086,.F.);
#2716=ORIENTED_EDGE('',*,*,#1864,.F.);
#2717=ORIENTED_EDGE('',*,*,#2089,.T.);
#2718=ORIENTED_EDGE('',*,*,#2090,.F.);
#2719=ORIENTED_EDGE('',*,*,#2089,.F.);
#2720=ORIENTED_EDGE('',*,*,#1865,.F.);
#2721=ORIENTED_EDGE('',*,*,#2091,.T.);
#2722=ORIENTED_EDGE('',*,*,#2092,.F.);
#2723=ORIENTED_EDGE('',*,*,#2091,.F.);
#2724=ORIENTED_EDGE('',*,*,#2093,.F.);
#2725=ORIENTED_EDGE('',*,*,#2094,.F.);
#2726=ORIENTED_EDGE('',*,*,#1981,.F.);
#2727=ORIENTED_EDGE('',*,*,#1985,.F.);
#2728=ORIENTED_EDGE('',*,*,#2095,.F.);
#2729=ORIENTED_EDGE('',*,*,#1973,.F.);
#2730=ORIENTED_EDGE('',*,*,#1976,.F.);
#2731=ORIENTED_EDGE('',*,*,#2096,.F.);
#2732=ORIENTED_EDGE('',*,*,#2097,.T.);
#2733=ORIENTED_EDGE('',*,*,#2008,.T.);
#2734=ORIENTED_EDGE('',*,*,#1834,.T.);
#2735=ORIENTED_EDGE('',*,*,#2098,.T.);
#2736=ORIENTED_EDGE('',*,*,#2099,.T.);
#2737=ORIENTED_EDGE('',*,*,#2073,.F.);
#2738=ORIENTED_EDGE('',*,*,#2100,.F.);
#2739=ORIENTED_EDGE('',*,*,#2101,.T.);
#2740=ORIENTED_EDGE('',*,*,#1881,.T.);
#2741=ORIENTED_EDGE('',*,*,#2011,.T.);
#2742=ORIENTED_EDGE('',*,*,#2102,.T.);
#2743=ORIENTED_EDGE('',*,*,#2103,.T.);
#2744=ORIENTED_EDGE('',*,*,#2104,.T.);
#2745=ORIENTED_EDGE('',*,*,#2105,.T.);
#2746=ORIENTED_EDGE('',*,*,#2077,.T.);
#2747=ORIENTED_EDGE('',*,*,#2079,.T.);
#2748=ORIENTED_EDGE('',*,*,#2081,.T.);
#2749=ORIENTED_EDGE('',*,*,#2083,.T.);
#2750=ORIENTED_EDGE('',*,*,#2085,.T.);
#2751=ORIENTED_EDGE('',*,*,#2088,.T.);
#2752=ORIENTED_EDGE('',*,*,#2090,.T.);
#2753=ORIENTED_EDGE('',*,*,#2092,.T.);
#2754=ORIENTED_EDGE('',*,*,#2106,.T.);
#2755=ORIENTED_EDGE('',*,*,#2107,.T.);
#2756=ORIENTED_EDGE('',*,*,#2106,.F.);
#2757=ORIENTED_EDGE('',*,*,#2108,.T.);
#2758=ORIENTED_EDGE('',*,*,#2109,.T.);
#2759=ORIENTED_EDGE('',*,*,#2108,.F.);
#2760=ORIENTED_EDGE('',*,*,#2109,.F.);
#2761=ORIENTED_EDGE('',*,*,#2110,.F.);
#2762=ORIENTED_EDGE('',*,*,#2110,.T.);
#2763=ORIENTED_EDGE('',*,*,#2111,.T.);
#2764=ORIENTED_EDGE('',*,*,#2112,.F.);
#2765=ORIENTED_EDGE('',*,*,#2111,.F.);
#2766=ORIENTED_EDGE('',*,*,#2113,.T.);
#2767=ORIENTED_EDGE('',*,*,#2114,.T.);
#2768=ORIENTED_EDGE('',*,*,#2115,.F.);
#2769=ORIENTED_EDGE('',*,*,#2116,.F.);
#2770=ORIENTED_EDGE('',*,*,#2117,.F.);
#2771=ORIENTED_EDGE('',*,*,#2116,.T.);
#2772=ORIENTED_EDGE('',*,*,#2118,.F.);
#2773=ORIENTED_EDGE('',*,*,#2119,.F.);
#2774=ORIENTED_EDGE('',*,*,#2120,.T.);
#2775=ORIENTED_EDGE('',*,*,#2119,.T.);
#2776=ORIENTED_EDGE('',*,*,#2121,.F.);
#2777=ORIENTED_EDGE('',*,*,#2122,.F.);
#2778=ORIENTED_EDGE('',*,*,#2121,.T.);
#2779=ORIENTED_EDGE('',*,*,#2118,.T.);
#2780=ORIENTED_EDGE('',*,*,#2115,.T.);
#2781=ORIENTED_EDGE('',*,*,#2123,.T.);
#2782=ORIENTED_EDGE('',*,*,#2124,.F.);
#2783=ORIENTED_EDGE('',*,*,#1869,.F.);
#2784=ORIENTED_EDGE('',*,*,#2125,.T.);
#2785=ORIENTED_EDGE('',*,*,#2122,.T.);
#2786=ORIENTED_EDGE('',*,*,#2123,.F.);
#2787=ORIENTED_EDGE('',*,*,#2114,.F.);
#2788=ORIENTED_EDGE('',*,*,#2117,.T.);
#2789=ORIENTED_EDGE('',*,*,#2126,.T.);
#2790=ORIENTED_EDGE('',*,*,#2127,.F.);
#2791=ORIENTED_EDGE('',*,*,#2128,.T.);
#2792=ORIENTED_EDGE('',*,*,#2112,.T.);
#2793=ORIENTED_EDGE('',*,*,#2127,.T.);
#2794=ORIENTED_EDGE('',*,*,#2129,.T.);
#2795=ORIENTED_EDGE('',*,*,#2130,.F.);
#2796=ORIENTED_EDGE('',*,*,#2131,.F.);
#2797=ORIENTED_EDGE('',*,*,#1866,.F.);
#2798=ORIENTED_EDGE('',*,*,#2124,.T.);
#2799=ORIENTED_EDGE('',*,*,#2113,.F.);
#2800=ORIENTED_EDGE('',*,*,#2128,.F.);
#2801=ORIENTED_EDGE('',*,*,#2131,.T.);
#2802=ORIENTED_EDGE('',*,*,#2132,.F.);
#2803=ORIENTED_EDGE('',*,*,#2133,.F.);
#2804=ORIENTED_EDGE('',*,*,#1867,.F.);
#2805=ORIENTED_EDGE('',*,*,#2133,.T.);
#2806=ORIENTED_EDGE('',*,*,#2134,.F.);
#2807=ORIENTED_EDGE('',*,*,#2135,.F.);
#2808=ORIENTED_EDGE('',*,*,#1868,.F.);
#2809=ORIENTED_EDGE('',*,*,#2135,.T.);
#2810=ORIENTED_EDGE('',*,*,#2136,.F.);
#2811=ORIENTED_EDGE('',*,*,#2129,.F.);
#2812=ORIENTED_EDGE('',*,*,#2126,.F.);
#2813=ORIENTED_EDGE('',*,*,#2120,.F.);
#2814=ORIENTED_EDGE('',*,*,#2125,.F.);
#2815=ORIENTED_EDGE('',*,*,#2136,.T.);
#2816=ORIENTED_EDGE('',*,*,#2134,.T.);
#2817=ORIENTED_EDGE('',*,*,#2132,.T.);
#2818=ORIENTED_EDGE('',*,*,#2130,.T.);
#2819=ORIENTED_EDGE('',*,*,#1937,.F.);
#2820=ORIENTED_EDGE('',*,*,#2137,.T.);
#2821=ORIENTED_EDGE('',*,*,#2138,.F.);
#2822=ORIENTED_EDGE('',*,*,#2137,.F.);
#2823=ORIENTED_EDGE('',*,*,#2139,.F.);
#2824=ORIENTED_EDGE('',*,*,#1897,.F.);
#2825=ORIENTED_EDGE('',*,*,#2140,.T.);
#2826=ORIENTED_EDGE('',*,*,#2093,.T.);
#2827=ORIENTED_EDGE('',*,*,#2138,.T.);
#2828=ORIENTED_EDGE('',*,*,#2141,.T.);
#2829=ORIENTED_EDGE('',*,*,#2142,.T.);
#2830=ORIENTED_EDGE('',*,*,#2143,.F.);
#2831=ORIENTED_EDGE('',*,*,#2144,.T.);
#2832=ORIENTED_EDGE('',*,*,#2145,.T.);
#2833=ORIENTED_EDGE('',*,*,#2144,.F.);
#2834=ORIENTED_EDGE('',*,*,#1910,.T.);
#2835=ORIENTED_EDGE('',*,*,#2146,.F.);
#2836=ORIENTED_EDGE('',*,*,#2147,.F.);
#2837=ORIENTED_EDGE('',*,*,#2148,.T.);
#2838=ORIENTED_EDGE('',*,*,#1907,.T.);
#2839=ORIENTED_EDGE('',*,*,#2148,.F.);
#2840=ORIENTED_EDGE('',*,*,#2149,.F.);
#2841=ORIENTED_EDGE('',*,*,#2150,.T.);
#2842=ORIENTED_EDGE('',*,*,#2151,.F.);
#2843=ORIENTED_EDGE('',*,*,#2152,.T.);
#2844=ORIENTED_EDGE('',*,*,#2153,.F.);
#2845=ORIENTED_EDGE('',*,*,#2154,.F.);
#2846=ORIENTED_EDGE('',*,*,#2155,.F.);
#2847=ORIENTED_EDGE('',*,*,#2156,.T.);
#2848=ORIENTED_EDGE('',*,*,#2157,.F.);
#2849=ORIENTED_EDGE('',*,*,#2158,.F.);
#2850=ORIENTED_EDGE('',*,*,#1873,.F.);
#2851=ORIENTED_EDGE('',*,*,#2159,.T.);
#2852=ORIENTED_EDGE('',*,*,#2160,.T.);
#2853=ORIENTED_EDGE('',*,*,#2161,.F.);
#2854=ORIENTED_EDGE('',*,*,#2159,.F.);
#2855=ORIENTED_EDGE('',*,*,#1872,.F.);
#2856=ORIENTED_EDGE('',*,*,#2162,.T.);
#2857=ORIENTED_EDGE('',*,*,#2035,.F.);
#2858=ORIENTED_EDGE('',*,*,#2021,.T.);
#2859=ORIENTED_EDGE('',*,*,#2036,.F.);
#2860=ORIENTED_EDGE('',*,*,#2162,.F.);
#2861=ORIENTED_EDGE('',*,*,#1871,.F.);
#2862=ORIENTED_EDGE('',*,*,#2163,.T.);
#2863=ORIENTED_EDGE('',*,*,#2027,.F.);
#2864=ORIENTED_EDGE('',*,*,#2017,.T.);
#2865=ORIENTED_EDGE('',*,*,#2024,.T.);
#2866=ORIENTED_EDGE('',*,*,#2164,.T.);
#2867=ORIENTED_EDGE('',*,*,#2028,.F.);
#2868=ORIENTED_EDGE('',*,*,#2163,.F.);
#2869=ORIENTED_EDGE('',*,*,#1870,.F.);
#2870=ORIENTED_EDGE('',*,*,#2158,.T.);
#2871=ORIENTED_EDGE('',*,*,#2165,.F.);
#2872=ORIENTED_EDGE('',*,*,#1874,.F.);
#2873=ORIENTED_EDGE('',*,*,#1840,.F.);
#2874=ORIENTED_EDGE('',*,*,#2166,.F.);
#2875=ORIENTED_EDGE('',*,*,#2167,.F.);
#2876=ORIENTED_EDGE('',*,*,#2168,.T.);
#2877=ORIENTED_EDGE('',*,*,#2002,.T.);
#2878=ORIENTED_EDGE('',*,*,#1995,.T.);
#2879=ORIENTED_EDGE('',*,*,#2169,.F.);
#2880=ORIENTED_EDGE('',*,*,#2170,.F.);
#2881=ORIENTED_EDGE('',*,*,#2171,.T.);
#2882=ORIENTED_EDGE('',*,*,#1838,.F.);
#2883=ORIENTED_EDGE('',*,*,#1830,.F.);
#2884=ORIENTED_EDGE('',*,*,#2172,.T.);
#2885=ORIENTED_EDGE('',*,*,#2173,.F.);
#2886=ORIENTED_EDGE('',*,*,#2160,.F.);
#2887=ORIENTED_EDGE('',*,*,#2034,.F.);
#2888=ORIENTED_EDGE('',*,*,#2033,.F.);
#2889=ORIENTED_EDGE('',*,*,#2039,.T.);
#2890=ORIENTED_EDGE('',*,*,#2174,.F.);
#2891=ORIENTED_EDGE('',*,*,#2172,.F.);
#2892=ORIENTED_EDGE('',*,*,#2175,.F.);
#2893=ORIENTED_EDGE('',*,*,#2176,.F.);
#2894=ORIENTED_EDGE('',*,*,#2177,.F.);
#2895=ORIENTED_EDGE('',*,*,#2178,.T.);
#2896=ORIENTED_EDGE('',*,*,#2179,.F.);
#2897=ORIENTED_EDGE('',*,*,#2180,.F.);
#2898=ORIENTED_EDGE('',*,*,#2181,.F.);
#2899=ORIENTED_EDGE('',*,*,#2176,.T.);
#2900=ORIENTED_EDGE('',*,*,#2182,.F.);
#2901=ORIENTED_EDGE('',*,*,#2183,.F.);
#2902=ORIENTED_EDGE('',*,*,#2184,.F.);
#2903=ORIENTED_EDGE('',*,*,#2180,.T.);
#2904=ORIENTED_EDGE('',*,*,#2185,.F.);
#2905=ORIENTED_EDGE('',*,*,#2186,.T.);
#2906=ORIENTED_EDGE('',*,*,#2187,.F.);
#2907=ORIENTED_EDGE('',*,*,#2188,.F.);
#2908=ORIENTED_EDGE('',*,*,#2189,.F.);
#2909=ORIENTED_EDGE('',*,*,#2190,.T.);
#2910=ORIENTED_EDGE('',*,*,#2191,.F.);
#2911=ORIENTED_EDGE('',*,*,#2186,.F.);
#2912=ORIENTED_EDGE('',*,*,#2192,.F.);
#2913=ORIENTED_EDGE('',*,*,#2178,.F.);
#2914=ORIENTED_EDGE('',*,*,#2193,.F.);
#2915=ORIENTED_EDGE('',*,*,#2190,.F.);
#2916=ORIENTED_EDGE('',*,*,#2194,.F.);
#2917=ORIENTED_EDGE('',*,*,#2195,.T.);
#2918=ORIENTED_EDGE('',*,*,#2196,.F.);
#2919=ORIENTED_EDGE('',*,*,#2197,.F.);
#2920=ORIENTED_EDGE('',*,*,#2198,.F.);
#2921=ORIENTED_EDGE('',*,*,#2199,.T.);
#2922=ORIENTED_EDGE('',*,*,#2200,.F.);
#2923=ORIENTED_EDGE('',*,*,#2195,.F.);
#2924=ORIENTED_EDGE('',*,*,#2201,.T.);
#2925=ORIENTED_EDGE('',*,*,#2029,.F.);
#2926=ORIENTED_EDGE('',*,*,#2164,.F.);
#2927=ORIENTED_EDGE('',*,*,#2202,.F.);
#2928=ORIENTED_EDGE('',*,*,#2174,.T.);
#2929=ORIENTED_EDGE('',*,*,#2038,.T.);
#2930=ORIENTED_EDGE('',*,*,#2203,.T.);
#2931=ORIENTED_EDGE('',*,*,#2202,.T.);
#2932=ORIENTED_EDGE('',*,*,#2165,.T.);
#2933=ORIENTED_EDGE('',*,*,#2157,.T.);
#2934=ORIENTED_EDGE('',*,*,#2161,.T.);
#2935=ORIENTED_EDGE('',*,*,#2173,.T.);
#2936=ORIENTED_EDGE('',*,*,#2201,.F.);
#2937=ORIENTED_EDGE('',*,*,#2203,.F.);
#2938=ORIENTED_EDGE('',*,*,#2037,.F.);
#2939=ORIENTED_EDGE('',*,*,#2030,.F.);
#2940=ORIENTED_EDGE('',*,*,#1844,.F.);
#2941=ORIENTED_EDGE('',*,*,#2204,.T.);
#2942=ORIENTED_EDGE('',*,*,#2100,.T.);
#2943=ORIENTED_EDGE('',*,*,#2075,.F.);
#2944=ORIENTED_EDGE('',*,*,#1856,.F.);
#2945=ORIENTED_EDGE('',*,*,#2074,.T.);
#2946=ORIENTED_EDGE('',*,*,#2099,.F.);
#2947=ORIENTED_EDGE('',*,*,#2205,.F.);
#2948=ORIENTED_EDGE('',*,*,#1858,.F.);
#2949=ORIENTED_EDGE('',*,*,#1942,.T.);
#2950=ORIENTED_EDGE('',*,*,#1945,.T.);
#2951=ORIENTED_EDGE('',*,*,#1833,.F.);
#2952=ORIENTED_EDGE('',*,*,#1859,.F.);
#2953=ORIENTED_EDGE('',*,*,#2205,.T.);
#2954=ORIENTED_EDGE('',*,*,#2098,.F.);
#2955=ORIENTED_EDGE('',*,*,#2204,.F.);
#2956=ORIENTED_EDGE('',*,*,#1843,.F.);
#2957=ORIENTED_EDGE('',*,*,#1882,.T.);
#2958=ORIENTED_EDGE('',*,*,#2101,.F.);
#2959=ORIENTED_EDGE('',*,*,#1948,.T.);
#2960=ORIENTED_EDGE('',*,*,#1951,.T.);
#2961=ORIENTED_EDGE('',*,*,#2206,.T.);
#2962=ORIENTED_EDGE('',*,*,#2207,.F.);
#2963=ORIENTED_EDGE('',*,*,#2208,.F.);
#2964=ORIENTED_EDGE('',*,*,#2209,.F.);
#2965=ORIENTED_EDGE('',*,*,#1990,.T.);
#2966=ORIENTED_EDGE('',*,*,#2071,.F.);
#2967=ORIENTED_EDGE('',*,*,#2005,.T.);
#2968=ORIENTED_EDGE('',*,*,#2003,.T.);
#2969=ORIENTED_EDGE('',*,*,#2168,.F.);
#2970=ORIENTED_EDGE('',*,*,#2210,.F.);
#2971=ORIENTED_EDGE('',*,*,#2211,.T.);
#2972=ORIENTED_EDGE('',*,*,#2212,.F.);
#2973=ORIENTED_EDGE('',*,*,#2169,.T.);
#2974=ORIENTED_EDGE('',*,*,#1994,.T.);
#2975=ORIENTED_EDGE('',*,*,#2213,.T.);
#2976=ORIENTED_EDGE('',*,*,#2214,.F.);
#2977=ORIENTED_EDGE('',*,*,#2166,.T.);
#2978=ORIENTED_EDGE('',*,*,#1839,.F.);
#2979=ORIENTED_EDGE('',*,*,#2171,.F.);
#2980=ORIENTED_EDGE('',*,*,#2215,.F.);
#2981=ORIENTED_EDGE('',*,*,#2216,.T.);
#2982=ORIENTED_EDGE('',*,*,#2217,.F.);
#2983=ORIENTED_EDGE('',*,*,#2183,.T.);
#2984=ORIENTED_EDGE('',*,*,#2218,.F.);
#2985=ORIENTED_EDGE('',*,*,#2219,.T.);
#2986=ORIENTED_EDGE('',*,*,#2220,.F.);
#2987=ORIENTED_EDGE('',*,*,#2197,.T.);
#2988=ORIENTED_EDGE('',*,*,#2221,.F.);
#2989=ORIENTED_EDGE('',*,*,#2219,.F.);
#2990=ORIENTED_EDGE('',*,*,#2222,.F.);
#2991=ORIENTED_EDGE('',*,*,#2216,.F.);
#2992=ORIENTED_EDGE('',*,*,#2223,.F.);
#2993=ORIENTED_EDGE('',*,*,#2224,.F.);
#2994=ORIENTED_EDGE('',*,*,#2225,.F.);
#2995=ORIENTED_EDGE('',*,*,#2211,.F.);
#2996=ORIENTED_EDGE('',*,*,#2226,.F.);
#2997=ORIENTED_EDGE('',*,*,#2227,.T.);
#2998=ORIENTED_EDGE('',*,*,#2228,.F.);
#2999=ORIENTED_EDGE('',*,*,#2213,.F.);
#3000=ORIENTED_EDGE('',*,*,#2229,.F.);
#3001=ORIENTED_EDGE('',*,*,#2230,.T.);
#3002=ORIENTED_EDGE('',*,*,#2229,.T.);
#3003=ORIENTED_EDGE('',*,*,#2215,.T.);
#3004=ORIENTED_EDGE('',*,*,#2170,.T.);
#3005=ORIENTED_EDGE('',*,*,#2212,.T.);
#3006=ORIENTED_EDGE('',*,*,#2225,.T.);
#3007=ORIENTED_EDGE('',*,*,#2231,.T.);
#3008=ORIENTED_EDGE('',*,*,#2232,.T.);
#3009=ORIENTED_EDGE('',*,*,#2233,.T.);
#3010=ORIENTED_EDGE('',*,*,#2198,.T.);
#3011=ORIENTED_EDGE('',*,*,#2194,.T.);
#3012=ORIENTED_EDGE('',*,*,#2220,.T.);
#3013=ORIENTED_EDGE('',*,*,#2223,.T.);
#3014=ORIENTED_EDGE('',*,*,#2218,.T.);
#3015=ORIENTED_EDGE('',*,*,#2182,.T.);
#3016=ORIENTED_EDGE('',*,*,#2179,.T.);
#3017=ORIENTED_EDGE('',*,*,#2175,.T.);
#3018=ORIENTED_EDGE('',*,*,#2192,.T.);
#3019=ORIENTED_EDGE('',*,*,#2189,.T.);
#3020=ORIENTED_EDGE('',*,*,#2185,.T.);
#3021=ORIENTED_EDGE('',*,*,#2234,.T.);
#3022=ORIENTED_EDGE('',*,*,#2235,.T.);
#3023=ORIENTED_EDGE('',*,*,#2236,.T.);
#3024=ORIENTED_EDGE('',*,*,#2237,.F.);
#3025=ORIENTED_EDGE('',*,*,#2234,.F.);
#3026=ORIENTED_EDGE('',*,*,#2188,.T.);
#3027=ORIENTED_EDGE('',*,*,#2238,.F.);
#3028=ORIENTED_EDGE('',*,*,#2235,.F.);
#3029=ORIENTED_EDGE('',*,*,#2237,.T.);
#3030=ORIENTED_EDGE('',*,*,#2239,.F.);
#3031=ORIENTED_EDGE('',*,*,#2240,.F.);
#3032=ORIENTED_EDGE('',*,*,#2241,.T.);
#3033=ORIENTED_EDGE('',*,*,#2236,.F.);
#3034=ORIENTED_EDGE('',*,*,#2240,.T.);
#3035=ORIENTED_EDGE('',*,*,#2242,.F.);
#3036=ORIENTED_EDGE('',*,*,#2243,.T.);
#3037=ORIENTED_EDGE('',*,*,#2244,.F.);
#3038=ORIENTED_EDGE('',*,*,#2199,.F.);
#3039=ORIENTED_EDGE('',*,*,#2233,.F.);
#3040=ORIENTED_EDGE('',*,*,#2245,.F.);
#3041=ORIENTED_EDGE('',*,*,#2231,.F.);
#3042=ORIENTED_EDGE('',*,*,#2224,.T.);
#3043=ORIENTED_EDGE('',*,*,#2246,.F.);
#3044=ORIENTED_EDGE('',*,*,#2245,.T.);
#3045=ORIENTED_EDGE('',*,*,#2247,.F.);
#3046=ORIENTED_EDGE('',*,*,#2243,.F.);
#3047=ORIENTED_EDGE('',*,*,#2232,.F.);
#3048=ORIENTED_EDGE('',*,*,#2248,.T.);
#3049=ORIENTED_EDGE('',*,*,#2249,.F.);
#3050=ORIENTED_EDGE('',*,*,#2150,.F.);
#3051=ORIENTED_EDGE('',*,*,#2250,.F.);
#3052=ORIENTED_EDGE('',*,*,#2155,.T.);
#3053=ORIENTED_EDGE('',*,*,#2251,.T.);
#3054=ORIENTED_EDGE('',*,*,#2250,.T.);
#3055=ORIENTED_EDGE('',*,*,#2149,.T.);
#3056=ORIENTED_EDGE('',*,*,#2147,.T.);
#3057=ORIENTED_EDGE('',*,*,#2252,.T.);
#3058=ORIENTED_EDGE('',*,*,#2207,.T.);
#3059=ORIENTED_EDGE('',*,*,#2253,.T.);
#3060=ORIENTED_EDGE('',*,*,#2248,.F.);
#3061=ORIENTED_EDGE('',*,*,#2251,.F.);
#3062=ORIENTED_EDGE('',*,*,#2154,.T.);
#3063=ORIENTED_EDGE('',*,*,#2254,.F.);
#3064=ORIENTED_EDGE('',*,*,#2153,.T.);
#3065=ORIENTED_EDGE('',*,*,#2255,.T.);
#3066=ORIENTED_EDGE('',*,*,#2209,.T.);
#3067=ORIENTED_EDGE('',*,*,#2256,.T.);
#3068=ORIENTED_EDGE('',*,*,#2257,.T.);
#3069=ORIENTED_EDGE('',*,*,#2151,.T.);
#3070=ORIENTED_EDGE('',*,*,#2249,.T.);
#3071=ORIENTED_EDGE('',*,*,#2254,.T.);
#3072=ORIENTED_EDGE('',*,*,#2253,.F.);
#3073=ORIENTED_EDGE('',*,*,#2206,.F.);
#3074=ORIENTED_EDGE('',*,*,#2255,.F.);
#3075=ORIENTED_EDGE('',*,*,#2156,.F.);
#3076=ORIENTED_EDGE('',*,*,#2258,.F.);
#3077=ORIENTED_EDGE('',*,*,#1851,.F.);
#3078=ORIENTED_EDGE('',*,*,#2259,.T.);
#3079=ORIENTED_EDGE('',*,*,#2065,.F.);
#3080=ORIENTED_EDGE('',*,*,#2068,.F.);
#3081=ORIENTED_EDGE('',*,*,#2070,.F.);
#3082=ORIENTED_EDGE('',*,*,#2260,.F.);
#3083=ORIENTED_EDGE('',*,*,#2261,.T.);
#3084=ORIENTED_EDGE('',*,*,#2262,.F.);
#3085=ORIENTED_EDGE('',*,*,#2263,.F.);
#3086=ORIENTED_EDGE('',*,*,#2051,.T.);
#3087=ORIENTED_EDGE('',*,*,#2264,.F.);
#3088=ORIENTED_EDGE('',*,*,#2062,.T.);
#3089=ORIENTED_EDGE('',*,*,#2066,.F.);
#3090=ORIENTED_EDGE('',*,*,#2259,.F.);
#3091=ORIENTED_EDGE('',*,*,#1850,.F.);
#3092=ORIENTED_EDGE('',*,*,#2060,.F.);
#3093=ORIENTED_EDGE('',*,*,#1846,.F.);
#3094=ORIENTED_EDGE('',*,*,#2048,.T.);
#3095=ORIENTED_EDGE('',*,*,#2265,.F.);
#3096=ORIENTED_EDGE('',*,*,#2266,.T.);
#3097=ORIENTED_EDGE('',*,*,#2267,.T.);
#3098=ORIENTED_EDGE('',*,*,#2268,.F.);
#3099=ORIENTED_EDGE('',*,*,#2269,.F.);
#3100=ORIENTED_EDGE('',*,*,#2270,.F.);
#3101=ORIENTED_EDGE('',*,*,#2271,.T.);
#3102=ORIENTED_EDGE('',*,*,#2272,.F.);
#3103=ORIENTED_EDGE('',*,*,#2261,.F.);
#3104=ORIENTED_EDGE('',*,*,#2273,.F.);
#3105=ORIENTED_EDGE('',*,*,#2274,.T.);
#3106=ORIENTED_EDGE('',*,*,#1822,.F.);
#3107=ORIENTED_EDGE('',*,*,#2275,.F.);
#3108=ORIENTED_EDGE('',*,*,#2276,.F.);
#3109=ORIENTED_EDGE('',*,*,#2277,.F.);
#3110=ORIENTED_EDGE('',*,*,#2278,.F.);
#3111=ORIENTED_EDGE('',*,*,#2279,.F.);
#3112=ORIENTED_EDGE('',*,*,#2271,.F.);
#3113=ORIENTED_EDGE('',*,*,#2280,.F.);
#3114=ORIENTED_EDGE('',*,*,#2262,.T.);
#3115=ORIENTED_EDGE('',*,*,#2272,.T.);
#3116=ORIENTED_EDGE('',*,*,#2279,.T.);
#3117=ORIENTED_EDGE('',*,*,#2042,.T.);
#3118=ORIENTED_EDGE('',*,*,#1852,.F.);
#3119=ORIENTED_EDGE('',*,*,#2258,.T.);
#3120=ORIENTED_EDGE('',*,*,#2281,.F.);
#3121=ORIENTED_EDGE('',*,*,#2277,.T.);
#3122=ORIENTED_EDGE('',*,*,#2282,.F.);
#3123=ORIENTED_EDGE('',*,*,#2278,.T.);
#3124=ORIENTED_EDGE('',*,*,#2281,.T.);
#3125=ORIENTED_EDGE('',*,*,#2263,.T.);
#3126=ORIENTED_EDGE('',*,*,#2280,.T.);
#3127=ORIENTED_EDGE('',*,*,#2283,.T.);
#3128=ORIENTED_EDGE('',*,*,#2284,.T.);
#3129=ORIENTED_EDGE('',*,*,#1824,.F.);
#3130=ORIENTED_EDGE('',*,*,#2285,.F.);
#3131=ORIENTED_EDGE('',*,*,#2268,.T.);
#3132=ORIENTED_EDGE('',*,*,#2286,.T.);
#3133=ORIENTED_EDGE('',*,*,#2287,.T.);
#3134=ORIENTED_EDGE('',*,*,#2288,.T.);
#3135=ORIENTED_EDGE('',*,*,#2289,.F.);
#3136=ORIENTED_EDGE('',*,*,#2275,.T.);
#3137=ORIENTED_EDGE('',*,*,#1821,.F.);
#3138=ORIENTED_EDGE('',*,*,#2284,.F.);
#3139=ORIENTED_EDGE('',*,*,#2290,.F.);
#3140=ORIENTED_EDGE('',*,*,#2291,.F.);
#3141=ORIENTED_EDGE('',*,*,#2292,.T.);
#3142=ORIENTED_EDGE('',*,*,#2286,.F.);
#3143=ORIENTED_EDGE('',*,*,#2267,.F.);
#3144=ORIENTED_EDGE('',*,*,#2293,.F.);
#3145=ORIENTED_EDGE('',*,*,#2269,.T.);
#3146=ORIENTED_EDGE('',*,*,#2288,.F.);
#3147=ORIENTED_EDGE('',*,*,#2294,.F.);
#3148=ORIENTED_EDGE('',*,*,#2295,.F.);
#3149=ORIENTED_EDGE('',*,*,#2296,.F.);
#3150=ORIENTED_EDGE('',*,*,#2285,.T.);
#3151=ORIENTED_EDGE('',*,*,#1823,.F.);
#3152=ORIENTED_EDGE('',*,*,#2274,.F.);
#3153=ORIENTED_EDGE('',*,*,#2266,.F.);
#3154=ORIENTED_EDGE('',*,*,#2293,.T.);
#3155=ORIENTED_EDGE('',*,*,#2273,.T.);
#3156=ORIENTED_EDGE('',*,*,#2260,.T.);
#3157=ORIENTED_EDGE('',*,*,#2069,.T.);
#3158=ORIENTED_EDGE('',*,*,#2053,.T.);
#3159=ORIENTED_EDGE('',*,*,#2057,.T.);
#3160=ORIENTED_EDGE('',*,*,#2059,.T.);
#3161=ORIENTED_EDGE('',*,*,#2265,.T.);
#3162=ORIENTED_EDGE('',*,*,#2047,.T.);
#3163=ORIENTED_EDGE('',*,*,#2045,.T.);
#3164=ORIENTED_EDGE('',*,*,#2043,.T.);
#3165=ORIENTED_EDGE('',*,*,#2040,.T.);
#3166=ORIENTED_EDGE('',*,*,#2282,.T.);
#3167=ORIENTED_EDGE('',*,*,#2276,.T.);
#3168=ORIENTED_EDGE('',*,*,#2270,.T.);
#3169=ORIENTED_EDGE('',*,*,#2289,.T.);
#3170=ORIENTED_EDGE('',*,*,#2063,.T.);
#3171=ORIENTED_EDGE('',*,*,#2264,.T.);
#3172=ORIENTED_EDGE('',*,*,#2050,.T.);
#3173=ORIENTED_EDGE('',*,*,#2143,.T.);
#3174=ORIENTED_EDGE('',*,*,#2297,.F.);
#3175=ORIENTED_EDGE('',*,*,#2294,.T.);
#3176=ORIENTED_EDGE('',*,*,#2287,.F.);
#3177=ORIENTED_EDGE('',*,*,#2292,.F.);
#3178=ORIENTED_EDGE('',*,*,#2298,.F.);
#3179=ORIENTED_EDGE('',*,*,#2290,.T.);
#3180=ORIENTED_EDGE('',*,*,#2283,.F.);
#3181=ORIENTED_EDGE('',*,*,#2296,.T.);
#3182=ORIENTED_EDGE('',*,*,#2291,.T.);
#3183=ORIENTED_EDGE('',*,*,#2298,.T.);
#3184=ORIENTED_EDGE('',*,*,#2295,.T.);
#3185=ORIENTED_EDGE('',*,*,#2297,.T.);
#3186=ORIENTED_EDGE('',*,*,#2299,.F.);
#3187=ORIENTED_EDGE('',*,*,#2145,.F.);
#3188=ORIENTED_EDGE('',*,*,#2107,.F.);
#3189=ORIENTED_EDGE('',*,*,#2300,.T.);
#3190=ORIENTED_EDGE('',*,*,#2299,.T.);
#3191=ORIENTED_EDGE('',*,*,#2300,.F.);
#3192=ORIENTED_EDGE('',*,*,#2301,.T.);
#3193=ORIENTED_EDGE('',*,*,#2242,.T.);
#3194=ORIENTED_EDGE('',*,*,#2239,.T.);
#3195=ORIENTED_EDGE('',*,*,#2238,.T.);
#3196=ORIENTED_EDGE('',*,*,#2187,.T.);
#3197=ORIENTED_EDGE('',*,*,#2191,.T.);
#3198=ORIENTED_EDGE('',*,*,#2193,.T.);
#3199=ORIENTED_EDGE('',*,*,#2177,.T.);
#3200=ORIENTED_EDGE('',*,*,#2181,.T.);
#3201=ORIENTED_EDGE('',*,*,#2184,.T.);
#3202=ORIENTED_EDGE('',*,*,#2217,.T.);
#3203=ORIENTED_EDGE('',*,*,#2222,.T.);
#3204=ORIENTED_EDGE('',*,*,#2221,.T.);
#3205=ORIENTED_EDGE('',*,*,#2196,.T.);
#3206=ORIENTED_EDGE('',*,*,#2200,.T.);
#3207=ORIENTED_EDGE('',*,*,#2244,.T.);
#3208=ORIENTED_EDGE('',*,*,#2247,.T.);
#3209=ORIENTED_EDGE('',*,*,#2246,.T.);
#3210=ORIENTED_EDGE('',*,*,#2226,.T.);
#3211=ORIENTED_EDGE('',*,*,#2210,.T.);
#3212=ORIENTED_EDGE('',*,*,#2167,.T.);
#3213=ORIENTED_EDGE('',*,*,#2214,.T.);
#3214=ORIENTED_EDGE('',*,*,#2228,.T.);
#3215=ORIENTED_EDGE('',*,*,#2227,.F.);
#3216=ORIENTED_EDGE('',*,*,#2230,.F.);
#3217=ORIENTED_EDGE('',*,*,#2241,.F.);
#3218=ORIENTED_EDGE('',*,*,#2301,.F.);
#3219=ORIENTED_EDGE('',*,*,#2302,.F.);
#3220=ORIENTED_EDGE('',*,*,#1900,.F.);
#3221=ORIENTED_EDGE('',*,*,#1931,.T.);
#3222=ORIENTED_EDGE('',*,*,#1932,.F.);
#3223=ORIENTED_EDGE('',*,*,#1926,.F.);
#3224=ORIENTED_EDGE('',*,*,#1888,.F.);
#3225=ORIENTED_EDGE('',*,*,#1906,.F.);
#3226=ORIENTED_EDGE('',*,*,#2009,.F.);
#3227=ORIENTED_EDGE('',*,*,#2097,.F.);
#3228=ORIENTED_EDGE('',*,*,#1911,.T.);
#3229=ORIENTED_EDGE('',*,*,#1914,.T.);
#3230=ORIENTED_EDGE('',*,*,#1917,.T.);
#3231=ORIENTED_EDGE('',*,*,#1920,.T.);
#3232=ORIENTED_EDGE('',*,*,#1923,.T.);
#3233=ORIENTED_EDGE('',*,*,#2303,.F.);
#3234=ORIENTED_EDGE('',*,*,#2102,.F.);
#3235=ORIENTED_EDGE('',*,*,#2010,.F.);
#3236=ORIENTED_EDGE('',*,*,#1904,.F.);
#3237=ORIENTED_EDGE('',*,*,#1908,.T.);
#3238=ORIENTED_EDGE('',*,*,#2152,.F.);
#3239=ORIENTED_EDGE('',*,*,#2257,.F.);
#3240=ORIENTED_EDGE('',*,*,#2304,.T.);
#3241=ORIENTED_EDGE('',*,*,#1909,.T.);
#3242=ORIENTED_EDGE('',*,*,#2304,.F.);
#3243=ORIENTED_EDGE('',*,*,#2256,.F.);
#3244=ORIENTED_EDGE('',*,*,#2208,.T.);
#3245=ORIENTED_EDGE('',*,*,#2252,.F.);
#3246=ORIENTED_EDGE('',*,*,#2146,.T.);
#3247=ORIENTED_EDGE('',*,*,#2140,.F.);
#3248=ORIENTED_EDGE('',*,*,#1896,.F.);
#3249=ORIENTED_EDGE('',*,*,#1982,.T.);
#3250=ORIENTED_EDGE('',*,*,#2094,.T.);
#3251=ORIENTED_EDGE('',*,*,#1975,.F.);
#3252=ORIENTED_EDGE('',*,*,#1890,.F.);
#3253=ORIENTED_EDGE('',*,*,#1886,.F.);
#3254=ORIENTED_EDGE('',*,*,#1928,.T.);
#3255=ORIENTED_EDGE('',*,*,#1933,.F.);
#3256=ORIENTED_EDGE('',*,*,#1929,.F.);
#3257=ORIENTED_EDGE('',*,*,#1898,.F.);
#3258=ORIENTED_EDGE('',*,*,#2139,.T.);
#3259=ORIENTED_EDGE('',*,*,#2096,.T.);
#3260=ORIENTED_EDGE('',*,*,#1913,.T.);
#3261=ORIENTED_EDGE('',*,*,#1916,.T.);
#3262=ORIENTED_EDGE('',*,*,#1919,.T.);
#3263=ORIENTED_EDGE('',*,*,#1922,.T.);
#3264=ORIENTED_EDGE('',*,*,#1925,.T.);
#3265=ORIENTED_EDGE('',*,*,#1903,.T.);
#3266=ORIENTED_EDGE('',*,*,#2305,.T.);
#3267=ORIENTED_EDGE('',*,*,#2103,.F.);
#3268=ORIENTED_EDGE('',*,*,#2303,.T.);
#3269=ORIENTED_EDGE('',*,*,#2306,.F.);
#3270=ORIENTED_EDGE('',*,*,#2104,.F.);
#3271=ORIENTED_EDGE('',*,*,#2305,.F.);
#3272=ORIENTED_EDGE('',*,*,#1902,.F.);
#3273=ORIENTED_EDGE('',*,*,#1936,.T.);
#3274=ORIENTED_EDGE('',*,*,#2307,.T.);
#3275=ORIENTED_EDGE('',*,*,#2308,.T.);
#3276=ORIENTED_EDGE('',*,*,#1901,.T.);
#3277=ORIENTED_EDGE('',*,*,#2302,.T.);
#3278=ORIENTED_EDGE('',*,*,#2105,.F.);
#3279=ORIENTED_EDGE('',*,*,#2306,.T.);
#3280=ORIENTED_EDGE('',*,*,#1961,.T.);
#3281=ORIENTED_EDGE('',*,*,#1974,.T.);
#3282=ORIENTED_EDGE('',*,*,#2095,.T.);
#3283=ORIENTED_EDGE('',*,*,#1984,.T.);
#3284=ORIENTED_EDGE('',*,*,#1969,.T.);
#3285=ORIENTED_EDGE('',*,*,#1970,.T.);
#3286=ORIENTED_EDGE('',*,*,#1893,.F.);
#3287=ORIENTED_EDGE('',*,*,#1965,.T.);
#3288=ORIENTED_EDGE('',*,*,#2308,.F.);
#3289=ORIENTED_EDGE('',*,*,#2309,.T.);
#3290=ORIENTED_EDGE('',*,*,#2141,.F.);
#3291=ORIENTED_EDGE('',*,*,#2309,.F.);
#3292=ORIENTED_EDGE('',*,*,#2307,.F.);
#3293=ORIENTED_EDGE('',*,*,#2310,.T.);
#3294=ORIENTED_EDGE('',*,*,#2142,.F.);
#3295=ORIENTED_EDGE('',*,*,#2310,.F.);
#3296=ORIENTED_EDGE('',*,*,#1983,.F.);
#3297=ORIENTED_EDGE('',*,*,#2311,.T.);
#3298=ORIENTED_EDGE('',*,*,#2013,.F.);
#3299=ORIENTED_EDGE('',*,*,#2311,.F.);
#3300=ORIENTED_EDGE('',*,*,#2312,.T.);
#3301=ORIENTED_EDGE('',*,*,#2313,.F.);
#3302=ORIENTED_EDGE('',*,*,#2314,.T.);
#3303=ORIENTED_EDGE('',*,*,#2315,.F.);
#3304=ORIENTED_EDGE('',*,*,#2316,.T.);
#3305=ORIENTED_EDGE('',*,*,#2315,.T.);
#3306=ORIENTED_EDGE('',*,*,#2317,.T.);
#3307=ORIENTED_EDGE('',*,*,#2313,.T.);
#3308=ORIENTED_EDGE('',*,*,#2312,.F.);
#3309=ORIENTED_EDGE('',*,*,#2317,.F.);
#3310=ORIENTED_EDGE('',*,*,#2314,.F.);
#3311=ORIENTED_EDGE('',*,*,#2316,.F.);
#3312=PLANE('',#3643);
#3313=PLANE('',#3644);
#3314=PLANE('',#3645);
#3315=PLANE('',#3648);
#3316=PLANE('',#3655);
#3317=PLANE('',#3656);
#3318=PLANE('',#3660);
#3319=PLANE('',#3661);
#3320=PLANE('',#3679);
#3321=PLANE('',#3680);
#3322=PLANE('',#3681);
#3323=PLANE('',#3685);
#3324=PLANE('',#3689);
#3325=PLANE('',#3692);
#3326=PLANE('',#3696);
#3327=PLANE('',#3700);
#3328=PLANE('',#3704);
#3329=PLANE('',#3708);
#3330=PLANE('',#3711);
#3331=PLANE('',#3714);
#3332=PLANE('',#3717);
#3333=PLANE('',#3718);
#3334=PLANE('',#3719);
#3335=PLANE('',#3720);
#3336=PLANE('',#3721);
#3337=PLANE('',#3722);
#3338=PLANE('',#3723);
#3339=PLANE('',#3727);
#3340=PLANE('',#3729);
#3341=PLANE('',#3730);
#3342=PLANE('',#3731);
#3343=PLANE('',#3732);
#3344=PLANE('',#3733);
#3345=PLANE('',#3734);
#3346=PLANE('',#3735);
#3347=PLANE('',#3736);
#3348=PLANE('',#3737);
#3349=PLANE('',#3738);
#3350=PLANE('',#3740);
#3351=PLANE('',#3742);
#3352=PLANE('',#3744);
#3353=PLANE('',#3745);
#3354=PLANE('',#3746);
#3355=PLANE('',#3747);
#3356=PLANE('',#3751);
#3357=PLANE('',#3752);
#3358=PLANE('',#3753);
#3359=PLANE('',#3754);
#3360=PLANE('',#3755);
#3361=PLANE('',#3756);
#3362=PLANE('',#3757);
#3363=PLANE('',#3758);
#3364=PLANE('',#3759);
#3365=PLANE('',#3760);
#3366=PLANE('',#3761);
#3367=PLANE('',#3762);
#3368=PLANE('',#3764);
#3369=PLANE('',#3778);
#3370=PLANE('',#3783);
#3371=PLANE('',#3784);
#3372=PLANE('',#3791);
#3373=PLANE('',#3795);
#3374=PLANE('',#3796);
#3375=PLANE('',#3797);
#3376=PLANE('',#3798);
#3377=PLANE('',#3799);
#3378=PLANE('',#3800);
#3379=PLANE('',#3801);
#3380=PLANE('',#3802);
#3381=PLANE('',#3803);
#3382=PLANE('',#3804);
#3383=PLANE('',#3805);
#3384=PLANE('',#3808);
#3385=PLANE('',#3814);
#3386=PLANE('',#3815);
#3387=PLANE('',#3820);
#3388=PLANE('',#3821);
#3389=PLANE('',#3823);
#3390=PLANE('',#3824);
#3391=PLANE('',#3826);
#3392=PLANE('',#3827);
#3393=PLANE('',#3830);
#3394=PLANE('',#3853);
#3395=PLANE('',#3854);
#3396=PLANE('',#3855);
#3397=PLANE('',#3856);
#3398=PLANE('',#3857);
#3399=PLANE('',#3858);
#3400=PLANE('',#3862);
#3401=PLANE('',#3864);
#3402=PLANE('',#3879);
#3403=PLANE('',#3897);
#3404=PLANE('',#3898);
#3405=PLANE('',#3899);
#3406=PLANE('',#3900);
#3407=PLANE('',#3901);
#3408=PLANE('',#3902);
#3409=PLANE('',#3903);
#3410=PLANE('',#3904);
#3411=PLANE('',#3905);
#3412=PLANE('',#3906);
#3413=PLANE('',#3907);
#3414=PLANE('',#3908);
#3415=PLANE('',#3909);
#3416=PLANE('',#3910);
#3417=PLANE('',#3911);
#3418=PLANE('',#3912);
#3419=PLANE('',#3914);
#3420=PLANE('',#3916);
#3421=PLANE('',#3917);
#3422=PLANE('',#3918);
#3423=PLANE('',#3920);
#3424=PLANE('',#3923);
#3425=PLANE('',#3925);
#3426=PLANE('',#3926);
#3427=PLANE('',#3927);
#3428=PLANE('',#3928);
#3429=PLANE('',#3929);
#3430=PLANE('',#3930);
#3431=PLANE('',#3932);
#3432=PLANE('',#3936);
#3433=PLANE('',#3945);
#3434=ADVANCED_FACE('',(#308),#3312,.T.);
#3435=ADVANCED_FACE('',(#309),#3313,.T.);
#3436=ADVANCED_FACE('',(#310,#135,#136),#3314,.F.);
#3437=ADVANCED_FACE('',(#311,#137,#138,#139,#140,#141,#142,#143,#144),#3315,
 .F.);
#3438=ADVANCED_FACE('',(#312),#3316,.T.);
#3439=ADVANCED_FACE('',(#313,#145,#146,#147),#3317,.F.);
#3440=ADVANCED_FACE('',(#314),#3318,.T.);
#3441=ADVANCED_FACE('',(#315,#148),#3319,.T.);
#3442=ADVANCED_FACE('',(#316),#86,.F.);
#3443=ADVANCED_FACE('',(#317),#87,.F.);
#3444=ADVANCED_FACE('',(#318),#88,.F.);
#3445=ADVANCED_FACE('',(#319),#89,.F.);
#3446=ADVANCED_FACE('',(#320),#90,.F.);
#3447=ADVANCED_FACE('',(#321),#3320,.T.);
#3448=ADVANCED_FACE('',(#322),#3321,.T.);
#3449=ADVANCED_FACE('',(#323),#3322,.T.);
#3450=ADVANCED_FACE('',(#324),#91,.T.);
#3451=ADVANCED_FACE('',(#325,#149),#3323,.T.);
#3452=ADVANCED_FACE('',(#326),#92,.F.);
#3453=ADVANCED_FACE('',(#327),#3324,.T.);
#3454=ADVANCED_FACE('',(#328),#93,.F.);
#3455=ADVANCED_FACE('',(#329),#3325,.T.);
#3456=ADVANCED_FACE('',(#330),#94,.F.);
#3457=ADVANCED_FACE('',(#331),#3326,.T.);
#3458=ADVANCED_FACE('',(#332),#95,.F.);
#3459=ADVANCED_FACE('',(#333),#3327,.T.);
#3460=ADVANCED_FACE('',(#334),#96,.F.);
#3461=ADVANCED_FACE('',(#335),#3328,.T.);
#3462=ADVANCED_FACE('',(#336),#97,.F.);
#3463=ADVANCED_FACE('',(#337),#3329,.T.);
#3464=ADVANCED_FACE('',(#338),#98,.F.);
#3465=ADVANCED_FACE('',(#339),#3330,.T.);
#3466=ADVANCED_FACE('',(#340),#99,.F.);
#3467=ADVANCED_FACE('',(#341),#3331,.T.);
#3468=ADVANCED_FACE('',(#342),#100,.F.);
#3469=ADVANCED_FACE('',(#343),#3332,.T.);
#3470=ADVANCED_FACE('',(#344),#3333,.F.);
#3471=ADVANCED_FACE('',(#345),#3334,.F.);
#3472=ADVANCED_FACE('',(#346),#3335,.F.);
#3473=ADVANCED_FACE('',(#347),#3336,.F.);
#3474=ADVANCED_FACE('',(#348),#3337,.F.);
#3475=ADVANCED_FACE('',(#349,#150),#3338,.T.);
#3476=ADVANCED_FACE('',(#350),#101,.F.);
#3477=ADVANCED_FACE('',(#351,#151),#3339,.T.);
#3478=ADVANCED_FACE('',(#352),#3340,.F.);
#3479=ADVANCED_FACE('',(#353),#3341,.F.);
#3480=ADVANCED_FACE('',(#354),#3342,.F.);
#3481=ADVANCED_FACE('',(#355),#3343,.F.);
#3482=ADVANCED_FACE('',(#356),#3344,.F.);
#3483=ADVANCED_FACE('',(#357),#3345,.F.);
#3484=ADVANCED_FACE('',(#358),#3346,.F.);
#3485=ADVANCED_FACE('',(#359),#3347,.F.);
#3486=ADVANCED_FACE('',(#360),#3348,.F.);
#3487=ADVANCED_FACE('',(#361,#152,#153),#3349,.T.);
#3488=ADVANCED_FACE('',(#362),#3350,.F.);
#3489=ADVANCED_FACE('',(#363),#3351,.F.);
#3490=ADVANCED_FACE('',(#364),#3352,.F.);
#3491=ADVANCED_FACE('',(#365),#3353,.F.);
#3492=ADVANCED_FACE('',(#366),#3354,.F.);
#3493=ADVANCED_FACE('',(#367),#3355,.F.);
#3494=ADVANCED_FACE('',(#368),#102,.F.);
#3495=ADVANCED_FACE('',(#369),#3356,.T.);
#3496=ADVANCED_FACE('',(#370),#3357,.T.);
#3497=ADVANCED_FACE('',(#371),#3358,.T.);
#3498=ADVANCED_FACE('',(#372),#3359,.T.);
#3499=ADVANCED_FACE('',(#373),#3360,.T.);
#3500=ADVANCED_FACE('',(#374),#3361,.T.);
#3501=ADVANCED_FACE('',(#375),#3362,.T.);
#3502=ADVANCED_FACE('',(#376),#3363,.T.);
#3503=ADVANCED_FACE('',(#377),#3364,.T.);
#3504=ADVANCED_FACE('',(#378),#3365,.T.);
#3505=ADVANCED_FACE('',(#379),#3366,.T.);
#3506=ADVANCED_FACE('',(#380,#154),#3367,.F.);
#3507=ADVANCED_FACE('',(#381),#3368,.T.);
#3508=ADVANCED_FACE('',(#382),#103,.F.);
#3509=ADVANCED_FACE('',(#383),#104,.F.);
#3510=ADVANCED_FACE('',(#384),#105,.F.);
#3511=ADVANCED_FACE('',(#385),#106,.F.);
#3512=ADVANCED_FACE('',(#386),#107,.F.);
#3513=ADVANCED_FACE('',(#387),#108,.F.);
#3514=ADVANCED_FACE('',(#388),#3369,.F.);
#3515=ADVANCED_FACE('',(#389),#109,.F.);
#3516=ADVANCED_FACE('',(#390),#110,.F.);
#3517=ADVANCED_FACE('',(#391),#3370,.F.);
#3518=ADVANCED_FACE('',(#392,#155,#156,#157,#158,#159,#160,#161,#162,#163,
#164),#3371,.T.);
#3519=ADVANCED_FACE('',(#393),#111,.F.);
#3520=ADVANCED_FACE('',(#394,#165),#3372,.T.);
#3521=ADVANCED_FACE('',(#395),#112,.F.);
#3522=ADVANCED_FACE('',(#396),#3373,.T.);
#3523=ADVANCED_FACE('',(#397),#3374,.T.);
#3524=ADVANCED_FACE('',(#398),#3375,.T.);
#3525=ADVANCED_FACE('',(#399),#3376,.T.);
#3526=ADVANCED_FACE('',(#400),#3377,.T.);
#3527=ADVANCED_FACE('',(#401,#166),#3378,.F.);
#3528=ADVANCED_FACE('',(#402),#3379,.T.);
#3529=ADVANCED_FACE('',(#403),#3380,.T.);
#3530=ADVANCED_FACE('',(#404),#3381,.T.);
#3531=ADVANCED_FACE('',(#405),#3382,.T.);
#3532=ADVANCED_FACE('',(#406),#3383,.T.);
#3533=ADVANCED_FACE('',(#407),#113,.F.);
#3534=ADVANCED_FACE('',(#408,#167,#168,#169),#3384,.T.);
#3535=ADVANCED_FACE('',(#409),#114,.F.);
#3536=ADVANCED_FACE('',(#410),#3385,.T.);
#3537=ADVANCED_FACE('',(#411),#3386,.T.);
#3538=ADVANCED_FACE('',(#412),#115,.F.);
#3539=ADVANCED_FACE('',(#413),#3387,.T.);
#3540=ADVANCED_FACE('',(#414),#3388,.T.);
#3541=ADVANCED_FACE('',(#415),#3389,.T.);
#3542=ADVANCED_FACE('',(#416),#3390,.T.);
#3543=ADVANCED_FACE('',(#417),#3391,.T.);
#3544=ADVANCED_FACE('',(#418),#3392,.T.);
#3545=ADVANCED_FACE('',(#419),#116,.F.);
#3546=ADVANCED_FACE('',(#420),#3393,.T.);
#3547=ADVANCED_FACE('',(#421),#49,.F.);
#3548=ADVANCED_FACE('',(#422),#117,.F.);
#3549=ADVANCED_FACE('',(#423),#50,.F.);
#3550=ADVANCED_FACE('',(#424),#118,.F.);
#3551=ADVANCED_FACE('',(#425),#51,.F.);
#3552=ADVANCED_FACE('',(#426),#44,.T.);
#3553=ADVANCED_FACE('',(#427),#119,.F.);
#3554=ADVANCED_FACE('',(#428),#120,.F.);
#3555=ADVANCED_FACE('',(#429),#121,.F.);
#3556=ADVANCED_FACE('',(#430),#3394,.F.);
#3557=ADVANCED_FACE('',(#431),#3395,.F.);
#3558=ADVANCED_FACE('',(#432),#3396,.F.);
#3559=ADVANCED_FACE('',(#433,#170,#171),#3397,.F.);
#3560=ADVANCED_FACE('',(#434),#3398,.F.);
#3561=ADVANCED_FACE('',(#435,#172,#173),#3399,.F.);
#3562=ADVANCED_FACE('',(#436),#122,.F.);
#3563=ADVANCED_FACE('',(#437),#3400,.T.);
#3564=ADVANCED_FACE('',(#438),#3401,.T.);
#3565=ADVANCED_FACE('',(#439),#45,.F.);
#3566=ADVANCED_FACE('',(#440),#46,.F.);
#3567=ADVANCED_FACE('',(#441),#123,.F.);
#3568=ADVANCED_FACE('',(#442),#124,.F.);
#3569=ADVANCED_FACE('',(#443),#125,.F.);
#3570=ADVANCED_FACE('',(#444),#3402,.T.);
#3571=ADVANCED_FACE('',(#445),#52,.F.);
#3572=ADVANCED_FACE('',(#446),#53,.F.);
#3573=ADVANCED_FACE('',(#447),#47,.F.);
#3574=ADVANCED_FACE('',(#448),#54,.F.);
#3575=ADVANCED_FACE('',(#449),#55,.T.);
#3576=ADVANCED_FACE('',(#450),#48,.F.);
#3577=ADVANCED_FACE('',(#451),#126,.F.);
#3578=ADVANCED_FACE('',(#452),#3403,.T.);
#3579=ADVANCED_FACE('',(#453),#3404,.T.);
#3580=ADVANCED_FACE('',(#454),#3405,.T.);
#3581=ADVANCED_FACE('',(#455),#3406,.F.);
#3582=ADVANCED_FACE('',(#456),#3407,.T.);
#3583=ADVANCED_FACE('',(#457),#3408,.T.);
#3584=ADVANCED_FACE('',(#458),#3409,.T.);
#3585=ADVANCED_FACE('',(#459),#3410,.T.);
#3586=ADVANCED_FACE('',(#460),#3411,.T.);
#3587=ADVANCED_FACE('',(#461),#3412,.T.);
#3588=ADVANCED_FACE('',(#462),#3413,.T.);
#3589=ADVANCED_FACE('',(#463),#3414,.T.);
#3590=ADVANCED_FACE('',(#464),#3415,.T.);
#3591=ADVANCED_FACE('',(#465),#3416,.T.);
#3592=ADVANCED_FACE('',(#466),#3417,.T.);
#3593=ADVANCED_FACE('',(#467),#3418,.T.);
#3594=ADVANCED_FACE('',(#468),#3419,.T.);
#3595=ADVANCED_FACE('',(#469,#174,#175),#3420,.F.);
#3596=ADVANCED_FACE('',(#470),#3421,.T.);
#3597=ADVANCED_FACE('',(#471),#3422,.T.);
#3598=ADVANCED_FACE('',(#472),#127,.F.);
#3599=ADVANCED_FACE('',(#473,#176),#3423,.T.);
#3600=ADVANCED_FACE('',(#474),#128,.F.);
#3601=ADVANCED_FACE('',(#475),#3424,.T.);
#3602=ADVANCED_FACE('',(#476),#56,.F.);
#3603=ADVANCED_FACE('',(#477,#177,#178,#179,#180,#181),#3425,.T.);
#3604=ADVANCED_FACE('',(#478),#3426,.T.);
#3605=ADVANCED_FACE('',(#479),#3427,.T.);
#3606=ADVANCED_FACE('',(#480),#3428,.T.);
#3607=ADVANCED_FACE('',(#481),#3429,.T.);
#3608=ADVANCED_FACE('',(#482,#182,#183,#184,#185,#186),#3430,.T.);
#3609=ADVANCED_FACE('',(#483),#129,.T.);
#3610=ADVANCED_FACE('',(#484,#187,#188,#189),#3431,.T.);
#3611=ADVANCED_FACE('',(#485),#130,.T.);
#3612=ADVANCED_FACE('',(#486),#3432,.T.);
#3613=ADVANCED_FACE('',(#487),#131,.F.);
#3614=ADVANCED_FACE('',(#488),#132,.F.);
#3615=ADVANCED_FACE('',(#489),#133,.F.);
#3616=ADVANCED_FACE('',(#490),#57,.T.);
#3617=ADVANCED_FACE('',(#491),#58,.T.);
#3618=ADVANCED_FACE('',(#492),#134,.T.);
#3619=ADVANCED_FACE('',(#493),#3433,.T.);
#3620=CLOSED_SHELL('',(#3434,#3435,#3436,#3437,#3438,#3439,#3440,#3441,
#3442,#3443,#3444,#3445,#3446,#3447,#3448,#3449,#3450,#3451,#3452,#3453,
#3454,#3455,#3456,#3457,#3458,#3459,#3460,#3461,#3462,#3463,#3464,#3465,
#3466,#3467,#3468,#3469,#3470,#3471,#3472,#3473,#3474,#3475,#3476,#3477,
#3478,#3479,#3480,#3481,#3482,#3483,#3484,#3485,#3486,#3487,#3488,#3489,
#3490,#3491,#3492,#3493,#3494,#3495,#3496,#3497,#3498,#3499,#3500,#3501,
#3502,#3503,#3504,#3505,#3506,#3507,#3508,#3509,#3510,#3511,#3512,#3513,
#3514,#3515,#3516,#3517,#3518,#3519,#3520,#3521,#3522,#3523,#3524,#3525,
#3526,#3527,#3528,#3529,#3530,#3531,#3532,#3533,#3534,#3535,#3536,#3537,
#3538,#3539,#3540,#3541,#3542,#3543,#3544,#3545,#3546,#3547,#3548,#3549,
#3550,#3551,#3552,#3553,#3554,#3555,#3556,#3557,#3558,#3559,#3560,#3561,
#3562,#3563,#3564,#3565,#3566,#3567,#3568,#3569,#3570,#3571,#3572,#3573,
#3574,#3575,#3576,#3577,#3578,#3579,#3580,#3581,#3582,#3583,#3584,#3585,
#3586,#3587,#3588,#3589,#3590,#3591,#3592,#3593,#3594,#3595,#3596,#3597,
#3598,#3599,#3600,#3601,#3602,#3603,#3604,#3605,#3606,#3607,#3608,#3609,
#3610,#3611,#3612,#3613,#3614,#3615));
#3621=CLOSED_SHELL('',(#3616,#3617,#3618,#3619));
#3622=DERIVED_UNIT_ELEMENT(#3624,1.);
#3623=DERIVED_UNIT_ELEMENT(#6011,-3.);
#3624=(
CONVERSION_BASED_UNIT('gram',#3626)
MASS_UNIT()
NAMED_UNIT(#6008)
);
#3625=(
MASS_UNIT()
NAMED_UNIT(*)
SI_UNIT(.KILO.,.GRAM.)
);
#3626=MASS_MEASURE_WITH_UNIT(MASS_MEASURE(0.001),#3625);
#3627=DERIVED_UNIT((#3622,#3623));
#3628=MEASURE_REPRESENTATION_ITEM('density measure',
POSITIVE_RATIO_MEASURE(1.),#3627);
#3629=PROPERTY_DEFINITION_REPRESENTATION(#3634,#3631);
#3630=PROPERTY_DEFINITION_REPRESENTATION(#3635,#3632);
#3631=REPRESENTATION('material name',(#3633),#6005);
#3632=REPRESENTATION('density',(#3628),#6005);
#3633=DESCRIPTIVE_REPRESENTATION_ITEM('Generic','Generic');
#3634=PROPERTY_DEFINITION('material property','material name',#6019);
#3635=PROPERTY_DEFINITION('material property','density of part',#6019);
#3636=DATE_TIME_ROLE('creation_date');
#3637=CC_DESIGN_DATE_AND_TIME_ASSIGNMENT(#3638,#3636,(#6019));
#3638=DATE_AND_TIME(#3639,#3640);
#3639=CALENDAR_DATE(2026,23,6);
#3640=LOCAL_TIME(0,0,0.,#3641);
#3641=COORDINATED_UNIVERSAL_TIME_OFFSET(0,0,.BEHIND.);
#3642=AXIS2_PLACEMENT_3D('',#4935,#3947,#3948);
#3643=AXIS2_PLACEMENT_3D('',#4936,#3949,#3950);
#3644=AXIS2_PLACEMENT_3D('',#4945,#3955,#3956);
#3645=AXIS2_PLACEMENT_3D('',#4958,#3963,#3964);
#3646=AXIS2_PLACEMENT_3D('',#4969,#3970,#3971);
#3647=AXIS2_PLACEMENT_3D('',#4971,#3972,#3973);
#3648=AXIS2_PLACEMENT_3D('',#4972,#3974,#3975);
#3649=AXIS2_PLACEMENT_3D('',#5016,#3998,#3999);
#3650=AXIS2_PLACEMENT_3D('',#5018,#4000,#4001);
#3651=AXIS2_PLACEMENT_3D('',#5020,#4002,#4003);
#3652=AXIS2_PLACEMENT_3D('',#5022,#4004,#4005);
#3653=AXIS2_PLACEMENT_3D('',#5024,#4006,#4007);
#3654=AXIS2_PLACEMENT_3D('',#5026,#4008,#4009);
#3655=AXIS2_PLACEMENT_3D('',#5043,#4018,#4019);
#3656=AXIS2_PLACEMENT_3D('',#5053,#4025,#4026);
#3657=AXIS2_PLACEMENT_3D('',#5062,#4031,#4032);
#3658=AXIS2_PLACEMENT_3D('',#5064,#4033,#4034);
#3659=AXIS2_PLACEMENT_3D('',#5066,#4035,#4036);
#3660=AXIS2_PLACEMENT_3D('',#5067,#4037,#4038);
#3661=AXIS2_PLACEMENT_3D('',#5076,#4043,#4044);
#3662=AXIS2_PLACEMENT_3D('',#5100,#4056,#4057);
#3663=AXIS2_PLACEMENT_3D('',#5104,#4059,#4060);
#3664=AXIS2_PLACEMENT_3D('',#5118,#4068,#4069);
#3665=AXIS2_PLACEMENT_3D('',#5120,#4070,#4071);
#3666=AXIS2_PLACEMENT_3D('',#5123,#4073,#4074);
#3667=AXIS2_PLACEMENT_3D('',#5124,#4075,#4076);
#3668=AXIS2_PLACEMENT_3D('',#5126,#4077,#4078);
#3669=AXIS2_PLACEMENT_3D('',#5129,#4080,#4081);
#3670=AXIS2_PLACEMENT_3D('',#5130,#4082,#4083);
#3671=AXIS2_PLACEMENT_3D('',#5132,#4084,#4085);
#3672=AXIS2_PLACEMENT_3D('',#5135,#4087,#4088);
#3673=AXIS2_PLACEMENT_3D('',#5136,#4089,#4090);
#3674=AXIS2_PLACEMENT_3D('',#5138,#4091,#4092);
#3675=AXIS2_PLACEMENT_3D('',#5141,#4094,#4095);
#3676=AXIS2_PLACEMENT_3D('',#5142,#4096,#4097);
#3677=AXIS2_PLACEMENT_3D('',#5144,#4098,#4099);
#3678=AXIS2_PLACEMENT_3D('',#5147,#4101,#4102);
#3679=AXIS2_PLACEMENT_3D('',#5148,#4103,#4104);
#3680=AXIS2_PLACEMENT_3D('',#5154,#4108,#4109);
#3681=AXIS2_PLACEMENT_3D('',#5160,#4113,#4114);
#3682=AXIS2_PLACEMENT_3D('',#5163,#4117,#4118);
#3683=AXIS2_PLACEMENT_3D('',#5165,#4119,#4120);
#3684=AXIS2_PLACEMENT_3D('',#5168,#4122,#4123);
#3685=AXIS2_PLACEMENT_3D('',#5169,#4124,#4125);
#3686=AXIS2_PLACEMENT_3D('',#5171,#4126,#4127);
#3687=AXIS2_PLACEMENT_3D('',#5172,#4128,#4129);
#3688=AXIS2_PLACEMENT_3D('',#5175,#4131,#4132);
#3689=AXIS2_PLACEMENT_3D('',#5176,#4133,#4134);
#3690=AXIS2_PLACEMENT_3D('',#5177,#4135,#4136);
#3691=AXIS2_PLACEMENT_3D('',#5180,#4138,#4139);
#3692=AXIS2_PLACEMENT_3D('',#5181,#4140,#4141);
#3693=AXIS2_PLACEMENT_3D('',#5182,#4142,#4143);
#3694=AXIS2_PLACEMENT_3D('',#5184,#4144,#4145);
#3695=AXIS2_PLACEMENT_3D('',#5187,#4147,#4148);
#3696=AXIS2_PLACEMENT_3D('',#5188,#4149,#4150);
#3697=AXIS2_PLACEMENT_3D('',#5189,#4151,#4152);
#3698=AXIS2_PLACEMENT_3D('',#5191,#4153,#4154);
#3699=AXIS2_PLACEMENT_3D('',#5194,#4156,#4157);
#3700=AXIS2_PLACEMENT_3D('',#5195,#4158,#4159);
#3701=AXIS2_PLACEMENT_3D('',#5196,#4160,#4161);
#3702=AXIS2_PLACEMENT_3D('',#5198,#4162,#4163);
#3703=AXIS2_PLACEMENT_3D('',#5201,#4165,#4166);
#3704=AXIS2_PLACEMENT_3D('',#5202,#4167,#4168);
#3705=AXIS2_PLACEMENT_3D('',#5203,#4169,#4170);
#3706=AXIS2_PLACEMENT_3D('',#5205,#4171,#4172);
#3707=AXIS2_PLACEMENT_3D('',#5208,#4174,#4175);
#3708=AXIS2_PLACEMENT_3D('',#5209,#4176,#4177);
#3709=AXIS2_PLACEMENT_3D('',#5210,#4178,#4179);
#3710=AXIS2_PLACEMENT_3D('',#5213,#4181,#4182);
#3711=AXIS2_PLACEMENT_3D('',#5214,#4183,#4184);
#3712=AXIS2_PLACEMENT_3D('',#5215,#4185,#4186);
#3713=AXIS2_PLACEMENT_3D('',#5218,#4188,#4189);
#3714=AXIS2_PLACEMENT_3D('',#5219,#4190,#4191);
#3715=AXIS2_PLACEMENT_3D('',#5220,#4192,#4193);
#3716=AXIS2_PLACEMENT_3D('',#5223,#4195,#4196);
#3717=AXIS2_PLACEMENT_3D('',#5224,#4197,#4198);
#3718=AXIS2_PLACEMENT_3D('',#5225,#4199,#4200);
#3719=AXIS2_PLACEMENT_3D('',#5234,#4205,#4206);
#3720=AXIS2_PLACEMENT_3D('',#5237,#4209,#4210);
#3721=AXIS2_PLACEMENT_3D('',#5246,#4215,#4216);
#3722=AXIS2_PLACEMENT_3D('',#5249,#4219,#4220);
#3723=AXIS2_PLACEMENT_3D('',#5255,#4224,#4225);
#3724=AXIS2_PLACEMENT_3D('',#5260,#4228,#4229);
#3725=AXIS2_PLACEMENT_3D('',#5261,#4230,#4231);
#3726=AXIS2_PLACEMENT_3D('',#5264,#4233,#4234);
#3727=AXIS2_PLACEMENT_3D('',#5265,#4235,#4236);
#3728=AXIS2_PLACEMENT_3D('',#5272,#4240,#4241);
#3729=AXIS2_PLACEMENT_3D('',#5273,#4242,#4243);
#3730=AXIS2_PLACEMENT_3D('',#5277,#4246,#4247);
#3731=AXIS2_PLACEMENT_3D('',#5283,#4251,#4252);
#3732=AXIS2_PLACEMENT_3D('',#5293,#4258,#4259);
#3733=AXIS2_PLACEMENT_3D('',#5298,#4263,#4264);
#3734=AXIS2_PLACEMENT_3D('',#5299,#4265,#4266);
#3735=AXIS2_PLACEMENT_3D('',#5305,#4270,#4271);
#3736=AXIS2_PLACEMENT_3D('',#5309,#4274,#4275);
#3737=AXIS2_PLACEMENT_3D('',#5315,#4279,#4280);
#3738=AXIS2_PLACEMENT_3D('',#5321,#4284,#4285);
#3739=AXIS2_PLACEMENT_3D('',#5330,#4291,#4292);
#3740=AXIS2_PLACEMENT_3D('',#5331,#4293,#4294);
#3741=AXIS2_PLACEMENT_3D('',#5334,#4295,#4296);
#3742=AXIS2_PLACEMENT_3D('',#5342,#4301,#4302);
#3743=AXIS2_PLACEMENT_3D('',#5345,#4303,#4304);
#3744=AXIS2_PLACEMENT_3D('',#5353,#4309,#4310);
#3745=AXIS2_PLACEMENT_3D('',#5356,#4313,#4314);
#3746=AXIS2_PLACEMENT_3D('',#5358,#4316,#4317);
#3747=AXIS2_PLACEMENT_3D('',#5368,#4323,#4324);
#3748=AXIS2_PLACEMENT_3D('',#5378,#4330,#4331);
#3749=AXIS2_PLACEMENT_3D('',#5380,#4332,#4333);
#3750=AXIS2_PLACEMENT_3D('',#5383,#4335,#4336);
#3751=AXIS2_PLACEMENT_3D('',#5384,#4337,#4338);
#3752=AXIS2_PLACEMENT_3D('',#5390,#4342,#4343);
#3753=AXIS2_PLACEMENT_3D('',#5394,#4346,#4347);
#3754=AXIS2_PLACEMENT_3D('',#5398,#4350,#4351);
#3755=AXIS2_PLACEMENT_3D('',#5402,#4354,#4355);
#3756=AXIS2_PLACEMENT_3D('',#5418,#4364,#4365);
#3757=AXIS2_PLACEMENT_3D('',#5422,#4368,#4369);
#3758=AXIS2_PLACEMENT_3D('',#5426,#4372,#4373);
#3759=AXIS2_PLACEMENT_3D('',#5432,#4377,#4378);
#3760=AXIS2_PLACEMENT_3D('',#5438,#4382,#4383);
#3761=AXIS2_PLACEMENT_3D('',#5442,#4386,#4387);
#3762=AXIS2_PLACEMENT_3D('',#5446,#4390,#4391);
#3763=AXIS2_PLACEMENT_3D('',#5449,#4393,#4394);
#3764=AXIS2_PLACEMENT_3D('',#5450,#4395,#4396);
#3765=AXIS2_PLACEMENT_3D('',#5456,#4400,#4401);
#3766=AXIS2_PLACEMENT_3D('',#5459,#4403,#4404);
#3767=AXIS2_PLACEMENT_3D('',#5460,#4405,#4406);
#3768=AXIS2_PLACEMENT_3D('',#5463,#4408,#4409);
#3769=AXIS2_PLACEMENT_3D('',#5464,#4410,#4411);
#3770=AXIS2_PLACEMENT_3D('',#5467,#4413,#4414);
#3771=AXIS2_PLACEMENT_3D('',#5468,#4415,#4416);
#3772=AXIS2_PLACEMENT_3D('',#5471,#4418,#4419);
#3773=AXIS2_PLACEMENT_3D('',#5472,#4420,#4421);
#3774=AXIS2_PLACEMENT_3D('',#5475,#4423,#4424);
#3775=AXIS2_PLACEMENT_3D('',#5476,#4425,#4426);
#3776=AXIS2_PLACEMENT_3D('',#5478,#4427,#4428);
#3777=AXIS2_PLACEMENT_3D('',#5481,#4430,#4431);
#3778=AXIS2_PLACEMENT_3D('',#5482,#4432,#4433);
#3779=AXIS2_PLACEMENT_3D('',#5483,#4434,#4435);
#3780=AXIS2_PLACEMENT_3D('',#5486,#4437,#4438);
#3781=AXIS2_PLACEMENT_3D('',#5487,#4439,#4440);
#3782=AXIS2_PLACEMENT_3D('',#5490,#4442,#4443);
#3783=AXIS2_PLACEMENT_3D('',#5491,#4444,#4445);
#3784=AXIS2_PLACEMENT_3D('',#5498,#4450,#4451);
#3785=AXIS2_PLACEMENT_3D('',#5510,#4458,#4459);
#3786=AXIS2_PLACEMENT_3D('',#5513,#4461,#4462);
#3787=AXIS2_PLACEMENT_3D('',#5515,#4463,#4464);
#3788=AXIS2_PLACEMENT_3D('',#5517,#4465,#4466);
#3789=AXIS2_PLACEMENT_3D('',#5518,#4467,#4468);
#3790=AXIS2_PLACEMENT_3D('',#5521,#4470,#4471);
#3791=AXIS2_PLACEMENT_3D('',#5522,#4472,#4473);
#3792=AXIS2_PLACEMENT_3D('',#5524,#4474,#4475);
#3793=AXIS2_PLACEMENT_3D('',#5525,#4476,#4477);
#3794=AXIS2_PLACEMENT_3D('',#5528,#4479,#4480);
#3795=AXIS2_PLACEMENT_3D('',#5529,#4481,#4482);
#3796=AXIS2_PLACEMENT_3D('',#5538,#4487,#4488);
#3797=AXIS2_PLACEMENT_3D('',#5544,#4492,#4493);
#3798=AXIS2_PLACEMENT_3D('',#5550,#4497,#4498);
#3799=AXIS2_PLACEMENT_3D('',#5552,#4500,#4501);
#3800=AXIS2_PLACEMENT_3D('',#5555,#4504,#4505);
#3801=AXIS2_PLACEMENT_3D('',#5561,#4509,#4510);
#3802=AXIS2_PLACEMENT_3D('',#5567,#4514,#4515);
#3803=AXIS2_PLACEMENT_3D('',#5571,#4518,#4519);
#3804=AXIS2_PLACEMENT_3D('',#5575,#4522,#4523);
#3805=AXIS2_PLACEMENT_3D('',#5577,#4525,#4526);
#3806=AXIS2_PLACEMENT_3D('',#5578,#4527,#4528);
#3807=AXIS2_PLACEMENT_3D('',#5581,#4530,#4531);
#3808=AXIS2_PLACEMENT_3D('',#5582,#4532,#4533);
#3809=AXIS2_PLACEMENT_3D('',#5586,#4536,#4537);
#3810=AXIS2_PLACEMENT_3D('',#5588,#4538,#4539);
#3811=AXIS2_PLACEMENT_3D('',#5589,#4540,#4541);
#3812=AXIS2_PLACEMENT_3D('',#5591,#4542,#4543);
#3813=AXIS2_PLACEMENT_3D('',#5594,#4545,#4546);
#3814=AXIS2_PLACEMENT_3D('',#5595,#4547,#4548);
#3815=AXIS2_PLACEMENT_3D('',#5601,#4552,#4553);
#3816=AXIS2_PLACEMENT_3D('',#5605,#4555,#4556);
#3817=AXIS2_PLACEMENT_3D('',#5609,#4559,#4560);
#3818=AXIS2_PLACEMENT_3D('',#5614,#4562,#4563);
#3819=AXIS2_PLACEMENT_3D('',#5617,#4565,#4566);
#3820=AXIS2_PLACEMENT_3D('',#5618,#4567,#4568);
#3821=AXIS2_PLACEMENT_3D('',#5624,#4572,#4573);
#3822=AXIS2_PLACEMENT_3D('',#5626,#4574,#4575);
#3823=AXIS2_PLACEMENT_3D('',#5629,#4578,#4579);
#3824=AXIS2_PLACEMENT_3D('',#5631,#4581,#4582);
#3825=AXIS2_PLACEMENT_3D('',#5633,#4583,#4584);
#3826=AXIS2_PLACEMENT_3D('',#5635,#4586,#4587);
#3827=AXIS2_PLACEMENT_3D('',#5641,#4591,#4592);
#3828=AXIS2_PLACEMENT_3D('',#5647,#4596,#4597);
#3829=AXIS2_PLACEMENT_3D('',#5649,#4598,#4599);
#3830=AXIS2_PLACEMENT_3D('',#5651,#4601,#4602);
#3831=AXIS2_PLACEMENT_3D('',#5653,#4604,#4605);
#3832=AXIS2_PLACEMENT_3D('',#5658,#4607,#4608);
#3833=AXIS2_PLACEMENT_3D('',#5661,#4610,#4611);
#3834=AXIS2_PLACEMENT_3D('',#5662,#4612,#4613);
#3835=AXIS2_PLACEMENT_3D('',#5666,#4615,#4616);
#3836=AXIS2_PLACEMENT_3D('',#5668,#4618,#4619);
#3837=AXIS2_PLACEMENT_3D('',#5672,#4621,#4622);
#3838=AXIS2_PLACEMENT_3D('',#5674,#4624,#4625);
#3839=AXIS2_PLACEMENT_3D('',#5679,#4627,#4628);
#3840=AXIS2_PLACEMENT_3D('',#5682,#4630,#4631);
#3841=AXIS2_PLACEMENT_3D('',#5683,#4632,#4633);
#3842=AXIS2_PLACEMENT_3D('',#5687,#4635,#4636);
#3843=AXIS2_PLACEMENT_3D('',#5689,#4638,#4639);
#3844=AXIS2_PLACEMENT_3D('',#5690,#4640,#4641);
#3845=AXIS2_PLACEMENT_3D('',#5691,#4642,#4643);
#3846=AXIS2_PLACEMENT_3D('',#5692,#4644,#4645);
#3847=AXIS2_PLACEMENT_3D('',#5697,#4647,#4648);
#3848=AXIS2_PLACEMENT_3D('',#5700,#4650,#4651);
#3849=AXIS2_PLACEMENT_3D('',#5701,#4652,#4653);
#3850=AXIS2_PLACEMENT_3D('',#5705,#4655,#4656);
#3851=AXIS2_PLACEMENT_3D('',#5707,#4658,#4659);
#3852=AXIS2_PLACEMENT_3D('',#5709,#4660,#4661);
#3853=AXIS2_PLACEMENT_3D('',#5711,#4663,#4664);
#3854=AXIS2_PLACEMENT_3D('',#5713,#4666,#4667);
#3855=AXIS2_PLACEMENT_3D('',#5714,#4668,#4669);
#3856=AXIS2_PLACEMENT_3D('',#5716,#4671,#4672);
#3857=AXIS2_PLACEMENT_3D('',#5718,#4674,#4675);
#3858=AXIS2_PLACEMENT_3D('',#5719,#4676,#4677);
#3859=AXIS2_PLACEMENT_3D('',#5720,#4678,#4679);
#3860=AXIS2_PLACEMENT_3D('',#5723,#4680,#4681);
#3861=AXIS2_PLACEMENT_3D('',#5727,#4683,#4684);
#3862=AXIS2_PLACEMENT_3D('',#5729,#4686,#4687);
#3863=AXIS2_PLACEMENT_3D('',#5733,#4689,#4690);
#3864=AXIS2_PLACEMENT_3D('',#5735,#4692,#4693);
#3865=AXIS2_PLACEMENT_3D('',#5738,#4694,#4695);
#3866=AXIS2_PLACEMENT_3D('',#5741,#4698,#4699);
#3867=AXIS2_PLACEMENT_3D('',#5744,#4700,#4701);
#3868=AXIS2_PLACEMENT_3D('',#5745,#4702,#4703);
#3869=AXIS2_PLACEMENT_3D('',#5746,#4704,#4705);
#3870=AXIS2_PLACEMENT_3D('',#5747,#4706,#4707);
#3871=AXIS2_PLACEMENT_3D('',#5750,#4708,#4709);
#3872=AXIS2_PLACEMENT_3D('',#5751,#4710,#4711);
#3873=AXIS2_PLACEMENT_3D('',#5752,#4712,#4713);
#3874=AXIS2_PLACEMENT_3D('',#5753,#4714,#4715);
#3875=AXIS2_PLACEMENT_3D('',#5756,#4718,#4719);
#3876=AXIS2_PLACEMENT_3D('',#5759,#4720,#4721);
#3877=AXIS2_PLACEMENT_3D('',#5762,#4724,#4725);
#3878=AXIS2_PLACEMENT_3D('',#5765,#4726,#4727);
#3879=AXIS2_PLACEMENT_3D('',#5768,#4730,#4731);
#3880=AXIS2_PLACEMENT_3D('',#5774,#4734,#4735);
#3881=AXIS2_PLACEMENT_3D('',#5780,#4739,#4740);
#3882=AXIS2_PLACEMENT_3D('',#5781,#4741,#4742);
#3883=AXIS2_PLACEMENT_3D('',#5783,#4743,#4744);
#3884=AXIS2_PLACEMENT_3D('',#5785,#4746,#4747);
#3885=AXIS2_PLACEMENT_3D('',#5788,#4749,#4750);
#3886=AXIS2_PLACEMENT_3D('',#5789,#4751,#4752);
#3887=AXIS2_PLACEMENT_3D('',#5791,#4753,#4754);
#3888=AXIS2_PLACEMENT_3D('',#5792,#4755,#4756);
#3889=AXIS2_PLACEMENT_3D('',#5793,#4757,#4758);
#3890=AXIS2_PLACEMENT_3D('',#5795,#4759,#4760);
#3891=AXIS2_PLACEMENT_3D('',#5797,#4762,#4763);
#3892=AXIS2_PLACEMENT_3D('',#5799,#4764,#4765);
#3893=AXIS2_PLACEMENT_3D('',#5801,#4767,#4768);
#3894=AXIS2_PLACEMENT_3D('',#5802,#4769,#4770);
#3895=AXIS2_PLACEMENT_3D('',#5803,#4771,#4772);
#3896=AXIS2_PLACEMENT_3D('',#5806,#4773,#4774);
#3897=AXIS2_PLACEMENT_3D('',#5809,#4777,#4778);
#3898=AXIS2_PLACEMENT_3D('',#5813,#4782,#4783);
#3899=AXIS2_PLACEMENT_3D('',#5815,#4785,#4786);
#3900=AXIS2_PLACEMENT_3D('',#5820,#4790,#4791);
#3901=AXIS2_PLACEMENT_3D('',#5821,#4792,#4793);
#3902=AXIS2_PLACEMENT_3D('',#5832,#4800,#4801);
#3903=AXIS2_PLACEMENT_3D('',#5834,#4803,#4804);
#3904=AXIS2_PLACEMENT_3D('',#5836,#4806,#4807);
#3905=AXIS2_PLACEMENT_3D('',#5845,#4812,#4813);
#3906=AXIS2_PLACEMENT_3D('',#5856,#4820,#4821);
#3907=AXIS2_PLACEMENT_3D('',#5864,#4826,#4827);
#3908=AXIS2_PLACEMENT_3D('',#5866,#4829,#4830);
#3909=AXIS2_PLACEMENT_3D('',#5869,#4833,#4834);
#3910=AXIS2_PLACEMENT_3D('',#5870,#4835,#4836);
#3911=AXIS2_PLACEMENT_3D('',#5876,#4840,#4841);
#3912=AXIS2_PLACEMENT_3D('',#5882,#4845,#4846);
#3913=AXIS2_PLACEMENT_3D('',#5887,#4849,#4850);
#3914=AXIS2_PLACEMENT_3D('',#5889,#4852,#4853);
#3915=AXIS2_PLACEMENT_3D('',#5894,#4856,#4857);
#3916=AXIS2_PLACEMENT_3D('',#5896,#4859,#4860);
#3917=AXIS2_PLACEMENT_3D('',#5897,#4861,#4862);
#3918=AXIS2_PLACEMENT_3D('',#5899,#4864,#4865);
#3919=AXIS2_PLACEMENT_3D('',#5901,#4867,#4868);
#3920=AXIS2_PLACEMENT_3D('',#5902,#4869,#4870);
#3921=AXIS2_PLACEMENT_3D('',#5904,#4871,#4872);
#3922=AXIS2_PLACEMENT_3D('',#5905,#4873,#4874);
#3923=AXIS2_PLACEMENT_3D('',#5907,#4876,#4877);
#3924=AXIS2_PLACEMENT_3D('',#5909,#4879,#4880);
#3925=AXIS2_PLACEMENT_3D('',#5910,#4881,#4882);
#3926=AXIS2_PLACEMENT_3D('',#5912,#4884,#4885);
#3927=AXIS2_PLACEMENT_3D('',#5914,#4887,#4888);
#3928=AXIS2_PLACEMENT_3D('',#5916,#4890,#4891);
#3929=AXIS2_PLACEMENT_3D('',#5917,#4892,#4893);
#3930=AXIS2_PLACEMENT_3D('',#5918,#4894,#4895);
#3931=AXIS2_PLACEMENT_3D('',#5919,#4896,#4897);
#3932=AXIS2_PLACEMENT_3D('',#5921,#4899,#4900);
#3933=AXIS2_PLACEMENT_3D('',#5924,#4902,#4903);
#3934=AXIS2_PLACEMENT_3D('',#5926,#4904,#4905);
#3935=AXIS2_PLACEMENT_3D('',#5927,#4906,#4907);
#3936=AXIS2_PLACEMENT_3D('',#5928,#4908,#4909);
#3937=AXIS2_PLACEMENT_3D('',#5929,#4910,#4911);
#3938=AXIS2_PLACEMENT_3D('',#5931,#4913,#4914);
#3939=AXIS2_PLACEMENT_3D('',#5933,#4916,#4917);
#3940=AXIS2_PLACEMENT_3D('',#5935,#4919,#4920);
#3941=AXIS2_PLACEMENT_3D('',#5941,#4921,#4922);
#3942=AXIS2_PLACEMENT_3D('',#5942,#4923,#4924);
#3943=AXIS2_PLACEMENT_3D('',#5948,#4925,#4926);
#3944=AXIS2_PLACEMENT_3D('',#5949,#4927,#4928);
#3945=AXIS2_PLACEMENT_3D('',#5952,#4931,#4932);
#3946=AXIS2_PLACEMENT_3D('',#5954,#4933,#4934);
#3947=DIRECTION('axis',(0.,0.,1.));
#3948=DIRECTION('refdir',(1.,0.,0.));
#3949=DIRECTION('center_axis',(-0.999999999999917,-3.5301090764461E-7,2.03810943275368E-7));
#3950=DIRECTION('ref_axis',(2.03810943275381E-7,0.,0.999999999999979));
#3951=DIRECTION('',(-4.07621885014794E-7,0.866025403784367,-0.499999999999959));
#3952=DIRECTION('',(-7.9766575305223E-16,-0.499999999999999,-0.866025403784439));
#3953=DIRECTION('',(4.07621885014794E-7,-0.866025403784366,0.499999999999959));
#3954=DIRECTION('',(7.9766527740436E-16,0.5,0.866025403784439));
#3955=DIRECTION('center_axis',(4.94517309821659E-16,0.707106781186545,-0.70710678118655));
#3956=DIRECTION('ref_axis',(-1.,0.,-6.99353086378045E-16));
#3957=DIRECTION('',(6.86915450674152E-16,0.70710678118655,0.707106781186545));
#3958=DIRECTION('',(1.,-6.99353086378052E-16,-9.47858022144393E-31));
#3959=DIRECTION('',(-8.54353868821182E-16,0.70710678118655,0.707106781186545));
#3960=DIRECTION('',(-1.,6.99353086378052E-16,9.47858022144393E-31));
#3961=DIRECTION('',(7.64394729071311E-16,-0.70710678118655,-0.707106781186545));
#3962=DIRECTION('',(1.,-1.16573417585641E-15,-4.6638108947836E-16));
#3963=DIRECTION('center_axis',(-6.99353086378052E-16,-1.,-5.50014733095838E-16));
#3964=DIRECTION('ref_axis',(-4.9960036108132E-16,5.50014733095839E-16,-1.));
#3965=DIRECTION('',(-9.73019745808177E-31,-5.50014733095838E-16,1.));
#3966=DIRECTION('',(-4.9960036108132E-16,5.50014733095839E-16,-1.));
#3967=DIRECTION('',(1.,0.,0.));
#3968=DIRECTION('',(1.38777878078145E-15,-4.79771688806658E-16,1.));
#3969=DIRECTION('',(-1.,6.99353086378052E-16,8.92733534031522E-31));
#3970=DIRECTION('center_axis',(-6.99353086378052E-16,-1.,-5.50014733095838E-16));
#3971=DIRECTION('ref_axis',(1.,-1.33210111691057E-15,-3.71333082485035E-16));
#3972=DIRECTION('center_axis',(-6.99353086378052E-16,-1.,-5.50014733095838E-16));
#3973=DIRECTION('ref_axis',(1.,-1.33210111691057E-15,-3.71333082485035E-16));
#3974=DIRECTION('center_axis',(1.,-4.71844785465692E-16,-4.9960036108132E-16));
#3975=DIRECTION('ref_axis',(-5.55111512312578E-17,0.496973961027555,-0.867765453368928));
#3976=DIRECTION('',(3.88578058618805E-16,-1.38777878078145E-15,1.));
#3977=DIRECTION('',(-5.55111512312578E-16,-1.,-1.99840144432528E-15));
#3978=DIRECTION('',(-3.88578058618805E-16,1.72084568816899E-15,-1.));
#3979=DIRECTION('',(-1.96261557335475E-17,0.707106781186547,-0.707106781186548));
#3980=DIRECTION('',(4.9960036108132E-16,-6.50318720304833E-16,1.));
#3981=DIRECTION('',(6.24258734961637E-16,0.927681482365346,0.373372558279841));
#3982=DIRECTION('',(1.58222048462674E-16,0.865570898829653,-0.500786400673208));
#3983=DIRECTION('',(-1.95279532425829E-16,-0.892158443171082,0.451722605454444));
#3984=DIRECTION('',(-1.58829390315846E-16,-0.866025403784438,0.500000000000001));
#3985=DIRECTION('',(-6.24258734961637E-16,-0.927681482365347,-0.373372558279841));
#3986=DIRECTION('',(-2.87296108897854E-16,0.373372558279841,-0.927681482365347));
#3987=DIRECTION('',(6.24258734961637E-16,0.927681482365346,0.373372558279841));
#3988=DIRECTION('',(-6.68588997169148E-16,-0.5,-0.866025403784439));
#3989=DIRECTION('',(1.58829390315848E-16,0.866025403784439,-0.499999999999999));
#3990=DIRECTION('',(6.68588997169147E-16,0.499999999999998,0.86602540378444));
#3991=DIRECTION('',(1.95279532425832E-16,0.892158443171084,-0.45172260545444));
#3992=DIRECTION('',(6.68588997169147E-16,0.499999999999999,0.866025403784439));
#3993=DIRECTION('',(6.68732985386561E-16,0.500786400673197,0.86557089882966));
#3994=DIRECTION('',(1.58222048462674E-16,0.865570898829653,-0.500786400673208));
#3995=DIRECTION('',(-6.76009761101216E-16,-0.544805694253026,-0.838562314625144));
#3996=DIRECTION('',(-4.9960036108132E-16,6.50318720304833E-16,-1.));
#3997=DIRECTION('',(-4.71844785465692E-16,-1.,-6.50318720304833E-16));
#3998=DIRECTION('center_axis',(1.,-4.71844785465692E-16,-4.9960036108132E-16));
#3999=DIRECTION('ref_axis',(0.,-1.30063744060967E-15,1.));
#4000=DIRECTION('center_axis',(1.,-4.71844785465692E-16,-4.9960036108132E-16));
#4001=DIRECTION('ref_axis',(-6.94419810933989E-31,-1.30063744060966E-15,
1.));
#4002=DIRECTION('center_axis',(1.,-4.71844785465692E-16,-4.9960036108132E-16));
#4003=DIRECTION('ref_axis',(-6.94419810933989E-31,-1.30063744060966E-15,
1.));
#4004=DIRECTION('center_axis',(1.,-4.71844785465692E-16,-4.9960036108132E-16));
#4005=DIRECTION('ref_axis',(-6.94419810933989E-31,-1.30063744060966E-15,
1.));
#4006=DIRECTION('center_axis',(1.,-4.71844785465692E-16,-4.9960036108132E-16));
#4007=DIRECTION('ref_axis',(-6.94419810933989E-31,-1.30063744060966E-15,
1.));
#4008=DIRECTION('center_axis',(1.,-4.71844785465692E-16,-4.9960036108132E-16));
#4009=DIRECTION('ref_axis',(5.18039323242993E-16,-1.30063744060967E-15,
1.));
#4010=DIRECTION('',(4.99600361081319E-16,-3.08192120607996E-15,1.));
#4011=DIRECTION('',(-4.71844785465692E-16,-1.,-1.30063744060966E-15));
#4012=DIRECTION('',(-4.9960036108132E-16,1.30063744060967E-15,-1.));
#4013=DIRECTION('',(4.71844785465692E-16,1.,1.30063744060966E-15));
#4014=DIRECTION('',(-5.55111512312578E-16,-1.,-1.22124532708767E-15));
#4015=DIRECTION('',(-3.88578058618805E-16,1.11022302462516E-15,-1.));
#4016=DIRECTION('',(5.55111512312578E-16,1.,1.60982338570648E-15));
#4017=DIRECTION('',(3.88578058618805E-16,-1.27675647831893E-15,1.));
#4018=DIRECTION('center_axis',(-4.94517309821663E-16,-0.707106781186548,
-0.707106781186547));
#4019=DIRECTION('ref_axis',(-1.,0.,6.99353086378053E-16));
#4020=DIRECTION('',(-1.,1.13797860024079E-15,-4.38625513862734E-16));
#4021=DIRECTION('',(4.94517309821692E-16,-0.707106781186547,0.707106781186548));
#4022=DIRECTION('',(1.,-6.99353086378052E-16,-8.88616895760368E-31));
#4023=DIRECTION('',(-4.94517309821692E-16,0.707106781186547,-0.707106781186548));
#4024=DIRECTION('',(-1.,6.99353086378052E-16,8.88616895760368E-31));
#4025=DIRECTION('center_axis',(6.99353086378052E-16,1.,6.50318720304833E-16));
#4026=DIRECTION('ref_axis',(4.9960036108132E-16,-6.50318720304833E-16,1.));
#4027=DIRECTION('',(4.33814491585786E-31,6.50318720304833E-16,-1.));
#4028=DIRECTION('',(1.,-6.99353086378052E-16,-8.92733534031522E-31));
#4029=DIRECTION('',(-1.38777878078145E-15,6.54930567206311E-16,-1.));
#4030=DIRECTION('',(1.,0.,0.));
#4031=DIRECTION('center_axis',(6.99353086378052E-16,1.,6.50318720304833E-16));
#4032=DIRECTION('ref_axis',(1.,-1.33210111691057E-15,-4.73425069016239E-16));
#4033=DIRECTION('center_axis',(6.99353086378052E-16,1.,6.50318720304833E-16));
#4034=DIRECTION('ref_axis',(1.,-1.33210111691057E-15,-4.73425069016239E-16));
#4035=DIRECTION('center_axis',(6.99353086378052E-16,1.,6.50318720304833E-16));
#4036=DIRECTION('ref_axis',(1.,-1.33210111691057E-15,-4.73425069016238E-16));
#4037=DIRECTION('center_axis',(-0.707106781186547,-9.02631228776875E-16,
0.707106781186548));
#4038=DIRECTION('ref_axis',(0.707106781186548,0.,0.707106781186547));
#4039=DIRECTION('',(0.707106781186548,-4.68844114898223E-16,0.707106781186547));
#4040=DIRECTION('',(0.,1.,1.27651332555775E-15));
#4041=DIRECTION('',(-0.707106781186548,1.1195247857162E-15,-0.707106781186547));
#4042=DIRECTION('',(0.,-1.,-1.27651332555775E-15));
#4043=DIRECTION('center_axis',(-1.,0.,0.));
#4044=DIRECTION('ref_axis',(0.,0.,1.));
#4045=DIRECTION('',(0.,-6.63045705927876E-16,1.));
#4046=DIRECTION('',(0.,-1.,-1.58980377342375E-15));
#4047=DIRECTION('',(0.,7.14782837538092E-16,-1.));
#4048=DIRECTION('',(0.,-1.,-6.38256662778874E-16));
#4049=DIRECTION('',(0.,-8.04130692230353E-16,1.));
#4050=DIRECTION('',(0.,-1.,-1.58980377342376E-15));
#4051=DIRECTION('',(0.,1.22539102392193E-15,-1.));
#4052=DIRECTION('',(0.,1.,1.66210156908514E-15));
#4053=DIRECTION('',(0.,-6.63045705927876E-16,1.));
#4054=DIRECTION('',(0.,1.,1.27651332555775E-15));
#4055=DIRECTION('',(0.,1.68549173864433E-15,-1.));
#4056=DIRECTION('center_axis',(1.,0.,0.));
#4057=DIRECTION('ref_axis',(0.,0.70710678118655,-0.707106781186546));
#4058=DIRECTION('',(0.,-1.,-1.66210156908514E-15));
#4059=DIRECTION('center_axis',(1.,0.,0.));
#4060=DIRECTION('ref_axis',(0.,-0.707106781186546,-0.707106781186549));
#4061=DIRECTION('',(0.,-1.02090181737863E-15,1.));
#4062=DIRECTION('',(0.,1.,3.24434427300539E-15));
#4063=DIRECTION('',(0.,1.68549173864433E-15,-1.));
#4064=DIRECTION('',(0.,1.,1.60982338570648E-15));
#4065=DIRECTION('',(0.,-1.55431223447522E-15,1.));
#4066=DIRECTION('',(0.,-1.,-1.60982338570648E-15));
#4067=DIRECTION('',(0.,1.33226762955019E-15,-1.));
#4068=DIRECTION('center_axis',(0.,-1.,-1.07098481834311E-15));
#4069=DIRECTION('ref_axis',(1.,-1.7459126763923E-30,1.63019367454092E-15));
#4070=DIRECTION('center_axis',(0.,-1.,-1.58324713537268E-15));
#4071=DIRECTION('ref_axis',(1.,-1.7459126763923E-30,1.63019367454092E-15));
#4072=DIRECTION('',(0.,-1.,-1.07098481834311E-15));
#4073=DIRECTION('center_axis',(0.,1.,6.63045705927876E-16));
#4074=DIRECTION('ref_axis',(1.,-1.7459126763923E-30,1.63019367454092E-15));
#4075=DIRECTION('center_axis',(0.,-1.,-1.07098481834311E-15));
#4076=DIRECTION('ref_axis',(1.,-1.7459126763923E-30,1.63019367454092E-15));
#4077=DIRECTION('center_axis',(0.,-1.,-1.58324713537268E-15));
#4078=DIRECTION('ref_axis',(1.,-1.7459126763923E-30,1.63019367454092E-15));
#4079=DIRECTION('',(0.,-1.,-1.07098481834311E-15));
#4080=DIRECTION('center_axis',(0.,1.,6.63045705927876E-16));
#4081=DIRECTION('ref_axis',(1.,-1.7459126763923E-30,1.63019367454092E-15));
#4082=DIRECTION('center_axis',(0.,-1.,-1.07098481834311E-15));
#4083=DIRECTION('ref_axis',(1.,-1.7459126763923E-30,1.63019367454092E-15));
#4084=DIRECTION('center_axis',(0.,-1.,-1.58324713537268E-15));
#4085=DIRECTION('ref_axis',(1.,-1.7459126763923E-30,1.63019367454092E-15));
#4086=DIRECTION('',(0.,-1.,-1.07098481834311E-15));
#4087=DIRECTION('center_axis',(0.,1.,6.63045705927876E-16));
#4088=DIRECTION('ref_axis',(1.,-1.7459126763923E-30,1.63019367454092E-15));
#4089=DIRECTION('center_axis',(0.,-1.,-1.07098481834311E-15));
#4090=DIRECTION('ref_axis',(1.,-1.7459126763923E-30,1.63019367454092E-15));
#4091=DIRECTION('center_axis',(0.,-1.,-1.58324713537268E-15));
#4092=DIRECTION('ref_axis',(1.,-1.7459126763923E-30,1.63019367454092E-15));
#4093=DIRECTION('',(0.,-1.,-1.07098481834311E-15));
#4094=DIRECTION('center_axis',(0.,1.,6.63045705927876E-16));
#4095=DIRECTION('ref_axis',(1.,-1.7459126763923E-30,1.63019367454092E-15));
#4096=DIRECTION('center_axis',(0.,-1.,-1.07098481834311E-15));
#4097=DIRECTION('ref_axis',(1.,-1.7459126763923E-30,1.63019367454092E-15));
#4098=DIRECTION('center_axis',(0.,-1.,-1.58324713537268E-15));
#4099=DIRECTION('ref_axis',(1.,-1.7459126763923E-30,1.63019367454092E-15));
#4100=DIRECTION('',(0.,-1.,-1.07098481834311E-15));
#4101=DIRECTION('center_axis',(0.,1.,6.63045705927876E-16));
#4102=DIRECTION('ref_axis',(1.,-1.7459126763923E-30,1.63019367454092E-15));
#4103=DIRECTION('center_axis',(0.,-1.27651332555775E-15,1.));
#4104=DIRECTION('ref_axis',(0.,1.,1.27651332555775E-15));
#4105=DIRECTION('',(-1.,0.,0.));
#4106=DIRECTION('',(0.,1.,1.27651332555775E-15));
#4107=DIRECTION('',(-1.,0.,0.));
#4108=DIRECTION('center_axis',(0.,1.27651332555775E-15,-1.));
#4109=DIRECTION('ref_axis',(0.,-1.,-1.27651332555775E-15));
#4110=DIRECTION('',(-1.,0.,0.));
#4111=DIRECTION('',(0.,-1.,-1.27651332555775E-15));
#4112=DIRECTION('',(-1.,0.,0.));
#4113=DIRECTION('center_axis',(-1.,0.,0.));
#4114=DIRECTION('ref_axis',(0.,0.,1.));
#4115=DIRECTION('',(0.,1.75552228883039E-15,-1.));
#4116=DIRECTION('',(0.,-3.44042543720343E-16,1.));
#4117=DIRECTION('center_axis',(0.,1.54724134154436E-15,-1.));
#4118=DIRECTION('ref_axis',(-1.,0.,0.));
#4119=DIRECTION('center_axis',(0.,1.27651332555775E-15,-1.));
#4120=DIRECTION('ref_axis',(-1.,0.,0.));
#4121=DIRECTION('',(0.,-1.54724134154436E-15,1.));
#4122=DIRECTION('center_axis',(0.,-1.27651332555775E-15,1.));
#4123=DIRECTION('ref_axis',(-1.,0.,0.));
#4124=DIRECTION('center_axis',(0.,1.27651332555775E-15,-1.));
#4125=DIRECTION('ref_axis',(-1.,0.,0.));
#4126=DIRECTION('center_axis',(0.,-1.27651332555775E-15,1.));
#4127=DIRECTION('ref_axis',(1.,0.,0.));
#4128=DIRECTION('center_axis',(-1.33210111691057E-15,-1.,0.));
#4129=DIRECTION('ref_axis',(1.,-1.33210111691057E-15,-3.71333082485035E-16));
#4130=DIRECTION('',(-1.33210111691057E-15,-1.,0.));
#4131=DIRECTION('center_axis',(-6.99353086378052E-16,-1.,-5.50014733095838E-16));
#4132=DIRECTION('ref_axis',(1.,-6.99353086378051E-16,-3.71333082485035E-16));
#4133=DIRECTION('center_axis',(6.99353086378052E-16,1.,5.50014733095838E-16));
#4134=DIRECTION('ref_axis',(0.,-5.50014733095838E-16,1.));
#4135=DIRECTION('center_axis',(-1.33210111691057E-15,-1.,0.));
#4136=DIRECTION('ref_axis',(1.,-1.33210111691057E-15,-3.71333082485035E-16));
#4137=DIRECTION('',(-1.33210111691057E-15,-1.,0.));
#4138=DIRECTION('center_axis',(-6.99353086378052E-16,-1.,-5.50014733095838E-16));
#4139=DIRECTION('ref_axis',(1.,-6.99353086378051E-16,-3.71333082485035E-16));
#4140=DIRECTION('center_axis',(6.99353086378052E-16,1.,5.50014733095838E-16));
#4141=DIRECTION('ref_axis',(0.,-5.50014733095838E-16,1.));
#4142=DIRECTION('center_axis',(-1.33210111691057E-15,-1.,0.));
#4143=DIRECTION('ref_axis',(1.,-1.33210111691057E-15,-4.5480240417461E-31));
#4144=DIRECTION('center_axis',(-6.99353086378052E-16,-1.,-6.50318720304833E-16));
#4145=DIRECTION('ref_axis',(1.,-1.33210111691057E-15,-4.5480240417461E-31));
#4146=DIRECTION('',(-1.33210111691057E-15,-1.,0.));
#4147=DIRECTION('center_axis',(-6.99353086378052E-16,-1.,-6.50318720304833E-16));
#4148=DIRECTION('ref_axis',(1.,-6.99353086378052E-16,-4.5480240417461E-31));
#4149=DIRECTION('center_axis',(6.99353086378052E-16,1.,6.50318720304833E-16));
#4150=DIRECTION('ref_axis',(0.,-6.50318720304833E-16,1.));
#4151=DIRECTION('center_axis',(-1.33210111691057E-15,-1.,0.));
#4152=DIRECTION('ref_axis',(1.,-1.33210111691057E-15,-4.5480240417461E-31));
#4153=DIRECTION('center_axis',(-6.99353086378052E-16,-1.,-6.50318720304833E-16));
#4154=DIRECTION('ref_axis',(1.,-1.33210111691057E-15,-4.5480240417461E-31));
#4155=DIRECTION('',(-1.33210111691057E-15,-1.,0.));
#4156=DIRECTION('center_axis',(-6.99353086378052E-16,-1.,-6.50318720304833E-16));
#4157=DIRECTION('ref_axis',(1.,-6.99353086378052E-16,-4.5480240417461E-31));
#4158=DIRECTION('center_axis',(6.99353086378052E-16,1.,6.50318720304833E-16));
#4159=DIRECTION('ref_axis',(0.,-6.50318720304833E-16,1.));
#4160=DIRECTION('center_axis',(0.,0.373372558279842,-0.927681482365346));
#4161=DIRECTION('ref_axis',(1.,-3.69778549322349E-31,-1.23259516440783E-31));
#4162=DIRECTION('center_axis',(-3.87657656866095E-16,0.373372558279841,
-0.927681482365347));
#4163=DIRECTION('ref_axis',(1.,-3.69778549322349E-31,-1.23259516440783E-31));
#4164=DIRECTION('',(0.,0.373372558279842,-0.927681482365346));
#4165=DIRECTION('center_axis',(-3.87657656866095E-16,0.373372558279841,
-0.927681482365347));
#4166=DIRECTION('ref_axis',(1.,1.44740731080863E-16,-3.59622829771816E-16));
#4167=DIRECTION('center_axis',(3.87657656866095E-16,-0.373372558279841,
0.927681482365347));
#4168=DIRECTION('ref_axis',(1.,0.,-4.17877972380853E-16));
#4169=DIRECTION('center_axis',(0.,0.373372558279841,-0.927681482365347));
#4170=DIRECTION('ref_axis',(1.,-3.08148791101958E-32,1.23259516440783E-31));
#4171=DIRECTION('center_axis',(-3.87657656866095E-16,0.373372558279841,
-0.927681482365347));
#4172=DIRECTION('ref_axis',(1.,-3.08148791101958E-32,1.23259516440783E-31));
#4173=DIRECTION('',(0.,0.373372558279841,-0.927681482365347));
#4174=DIRECTION('center_axis',(-3.87657656866095E-16,0.373372558279841,
-0.927681482365347));
#4175=DIRECTION('ref_axis',(1.,1.44740731080863E-16,-3.59622829771816E-16));
#4176=DIRECTION('center_axis',(3.87657656866095E-16,-0.373372558279841,
0.927681482365347));
#4177=DIRECTION('ref_axis',(1.,0.,-4.17877972380853E-16));
#4178=DIRECTION('center_axis',(1.33210111691057E-15,1.,0.));
#4179=DIRECTION('ref_axis',(1.,-1.33210111691057E-15,-4.73425069016238E-16));
#4180=DIRECTION('',(1.33210111691057E-15,1.,0.));
#4181=DIRECTION('center_axis',(6.99353086378052E-16,1.,6.50318720304833E-16));
#4182=DIRECTION('ref_axis',(1.,-6.99353086378051E-16,-4.73425069016238E-16));
#4183=DIRECTION('center_axis',(-6.99353086378052E-16,-1.,-6.50318720304833E-16));
#4184=DIRECTION('ref_axis',(0.,6.50318720304833E-16,-1.));
#4185=DIRECTION('center_axis',(1.33210111691057E-15,1.,0.));
#4186=DIRECTION('ref_axis',(1.,-1.33210111691057E-15,-4.73425069016239E-16));
#4187=DIRECTION('',(1.33210111691057E-15,1.,0.));
#4188=DIRECTION('center_axis',(6.99353086378052E-16,1.,6.50318720304833E-16));
#4189=DIRECTION('ref_axis',(1.,-6.99353086378051E-16,-4.73425069016239E-16));
#4190=DIRECTION('center_axis',(-6.99353086378052E-16,-1.,-6.50318720304833E-16));
#4191=DIRECTION('ref_axis',(0.,6.50318720304833E-16,-1.));
#4192=DIRECTION('center_axis',(1.33210111691057E-15,1.,0.));
#4193=DIRECTION('ref_axis',(1.,-1.33210111691057E-15,-4.73425069016239E-16));
#4194=DIRECTION('',(1.33210111691057E-15,1.,0.));
#4195=DIRECTION('center_axis',(6.99353086378052E-16,1.,6.50318720304833E-16));
#4196=DIRECTION('ref_axis',(1.,-6.99353086378051E-16,-4.73425069016239E-16));
#4197=DIRECTION('center_axis',(-6.99353086378052E-16,-1.,-6.50318720304833E-16));
#4198=DIRECTION('ref_axis',(0.,6.50318720304833E-16,-1.));
#4199=DIRECTION('center_axis',(1.,-1.36459138805473E-16,-9.75386504433806E-32));
#4200=DIRECTION('ref_axis',(1.36459138805473E-16,1.,7.92216447975743E-16));
#4201=DIRECTION('',(2.24841136348002E-32,-5.50014733095838E-16,1.));
#4202=DIRECTION('',(1.36459138805473E-16,1.,7.92216447975742E-16));
#4203=DIRECTION('',(0.,-7.14782837538092E-16,1.));
#4204=DIRECTION('',(1.36459138805473E-16,1.,1.58980377342376E-15));
#4205=DIRECTION('center_axis',(-9.46800649893958E-16,-1.,-7.14782837538092E-16));
#4206=DIRECTION('ref_axis',(1.,-9.46800649893958E-16,-7.50071047800116E-31));
#4207=DIRECTION('',(1.,-9.46800649893958E-16,-1.50522724588148E-30));
#4208=DIRECTION('',(1.,-9.46800649893958E-16,-7.50071047800116E-31));
#4209=DIRECTION('center_axis',(1.,-1.36459138805473E-16,-1.09730981748803E-31));
#4210=DIRECTION('ref_axis',(1.36459138805473E-16,1.,7.92216447975743E-16));
#4211=DIRECTION('',(-2.09890492269282E-32,6.50318720304833E-16,-1.));
#4212=DIRECTION('',(1.36459138805473E-16,1.,1.58980377342376E-15));
#4213=DIRECTION('',(0.,-8.04130692230353E-16,1.));
#4214=DIRECTION('',(1.36459138805473E-16,1.,7.92216447975742E-16));
#4215=DIRECTION('center_axis',(1.08280741361664E-15,1.,8.04130692230353E-16));
#4216=DIRECTION('ref_axis',(-1.,1.08280741361664E-15,8.57817843057173E-31));
#4217=DIRECTION('',(-1.,1.08280741361664E-15,8.57817843057173E-31));
#4218=DIRECTION('',(-1.,1.08280741361664E-15,1.72145131205895E-30));
#4219=DIRECTION('center_axis',(-6.99353086378052E-16,-1.,-5.50014733095838E-16));
#4220=DIRECTION('ref_axis',(-4.9960036108132E-16,5.50014733095839E-16,-1.));
#4221=DIRECTION('',(1.,0.,0.));
#4222=DIRECTION('',(0.,1.81260045371133E-15,-1.));
#4223=DIRECTION('',(1.,-6.99353086378052E-16,-5.54039017971293E-31));
#4224=DIRECTION('center_axis',(0.,1.58980377342376E-15,-1.));
#4225=DIRECTION('ref_axis',(0.,-1.,-1.58980377342376E-15));
#4226=DIRECTION('',(1.,0.,0.));
#4227=DIRECTION('',(0.,-1.,-3.80442307278359E-15));
#4228=DIRECTION('center_axis',(0.,-1.58980377342376E-15,1.));
#4229=DIRECTION('ref_axis',(-1.,0.,0.));
#4230=DIRECTION('center_axis',(0.,-1.2950983081075E-15,1.));
#4231=DIRECTION('ref_axis',(-1.,0.,0.));
#4232=DIRECTION('',(0.,-1.2950983081075E-15,1.));
#4233=DIRECTION('center_axis',(0.,1.27651332555775E-15,-1.));
#4234=DIRECTION('ref_axis',(-1.,0.,0.));
#4235=DIRECTION('center_axis',(0.,1.58980377342376E-15,-1.));
#4236=DIRECTION('ref_axis',(0.,-1.,-1.58980377342376E-15));
#4237=DIRECTION('',(1.,0.,0.));
#4238=DIRECTION('',(0.,-1.,-1.27651332555775E-15));
#4239=DIRECTION('',(1.,0.,0.));
#4240=DIRECTION('center_axis',(0.,-1.58980377342376E-15,1.));
#4241=DIRECTION('ref_axis',(-1.,0.,0.));
#4242=DIRECTION('center_axis',(6.99353086378052E-16,1.,6.50318720304833E-16));
#4243=DIRECTION('ref_axis',(4.9960036108132E-16,-6.50318720304833E-16,1.));
#4244=DIRECTION('',(-1.,6.99353086378052E-16,5.54039017971293E-31));
#4245=DIRECTION('',(0.,-1.27651332555775E-15,1.));
#4246=DIRECTION('center_axis',(1.,1.20823882835283E-15,1.63756890250069E-30));
#4247=DIRECTION('ref_axis',(-1.20823882835283E-15,1.,1.27651332555775E-15));
#4248=DIRECTION('',(-1.20823882835283E-15,1.,1.27651332555775E-15));
#4249=DIRECTION('',(0.,-1.35533543871715E-15,1.));
#4250=DIRECTION('',(-1.20823882835283E-15,1.,1.27651332555775E-15));
#4251=DIRECTION('center_axis',(6.99353086378095E-16,-1.,-1.35533543871715E-15));
#4252=DIRECTION('ref_axis',(1.,6.99353086378095E-16,0.));
#4253=DIRECTION('',(-4.9960036108132E-16,1.35533543871715E-15,-1.));
#4254=DIRECTION('',(1.,6.99353086378096E-16,-3.88578058618804E-16));
#4255=DIRECTION('',(0.,-1.35533543871715E-15,1.));
#4256=DIRECTION('',(1.,6.99353086378095E-16,0.));
#4257=DIRECTION('',(1.,6.99353086378095E-16,0.));
#4258=DIRECTION('center_axis',(-1.,-1.08101739285915E-15,-1.46514118241163E-30));
#4259=DIRECTION('ref_axis',(1.08101739285915E-15,-1.,-1.27651332555775E-15));
#4260=DIRECTION('',(1.08101739285915E-15,-1.,-1.60982338570648E-15));
#4261=DIRECTION('',(-9.50803370326018E-32,1.4432899320127E-15,-1.));
#4262=DIRECTION('',(1.08101739285915E-15,-1.,-1.27651332555775E-15));
#4263=DIRECTION('center_axis',(0.,-1.35533543871715E-15,1.));
#4264=DIRECTION('ref_axis',(1.,0.,0.));
#4265=DIRECTION('center_axis',(0.,-1.27062697379733E-15,1.));
#4266=DIRECTION('ref_axis',(1.,0.,0.));
#4267=DIRECTION('',(6.99353086378095E-16,-1.,-1.27651332555775E-15));
#4268=DIRECTION('',(-1.,-8.08543576399973E-16,-1.39383115537107E-31));
#4269=DIRECTION('',(-6.99353086378095E-16,1.,1.27651332555775E-15));
#4270=DIRECTION('center_axis',(1.,6.99353086378095E-16,8.88616895760424E-31));
#4271=DIRECTION('ref_axis',(-6.99353086378095E-16,1.,1.27651332555775E-15));
#4272=DIRECTION('',(0.,-1.27062697379733E-15,1.));
#4273=DIRECTION('',(-6.99353086378095E-16,1.,1.27651332555775E-15));
#4274=DIRECTION('center_axis',(-1.,-6.99353086378095E-16,-8.88616895760424E-31));
#4275=DIRECTION('ref_axis',(6.99353086378095E-16,-1.,-1.27651332555775E-15));
#4276=DIRECTION('',(3.14861847440999E-31,-1.72084568816899E-15,1.));
#4277=DIRECTION('',(6.99353086378095E-16,-1.,-1.60982338570648E-15));
#4278=DIRECTION('',(0.,-1.27062697379733E-15,1.));
#4279=DIRECTION('center_axis',(-8.08543576399973E-16,1.,1.27062697379733E-15));
#4280=DIRECTION('ref_axis',(-1.,-8.08543576399973E-16,-1.39383115537107E-31));
#4281=DIRECTION('',(-1.,-8.08543576399973E-16,3.88578058618803E-16));
#4282=DIRECTION('',(4.9960036108132E-16,-1.27062697379733E-15,1.));
#4283=DIRECTION('',(-1.,-8.08543576399973E-16,-1.39383115537107E-31));
#4284=DIRECTION('center_axis',(0.,-1.27651332555775E-15,1.));
#4285=DIRECTION('ref_axis',(1.7715181065938E-30,1.,1.27651332555775E-15));
#4286=DIRECTION('',(-2.73091403303288E-30,-1.,-1.96783094744764E-15));
#4287=DIRECTION('',(-1.,0.,0.));
#4288=DIRECTION('',(1.,0.,0.));
#4289=DIRECTION('',(-2.67653377140415E-30,-1.,-1.92864583928645E-15));
#4290=DIRECTION('',(-4.71844785465693E-16,-1.,-3.24434427300539E-15));
#4291=DIRECTION('center_axis',(0.,1.27651332555775E-15,-1.));
#4292=DIRECTION('ref_axis',(-1.,0.,0.));
#4293=DIRECTION('center_axis',(9.32470781837403E-16,-6.52126319235342E-31,
1.));
#4294=DIRECTION('ref_axis',(1.,-5.82867087928206E-16,-9.32470781837403E-16));
#4295=DIRECTION('center_axis',(-9.32470781837403E-16,6.52126319235342E-31,
-1.));
#4296=DIRECTION('ref_axis',(1.,-4.87641108912308E-36,-6.93889390390723E-18));
#4297=DIRECTION('',(1.,-5.82867087928206E-16,-9.32470781837403E-16));
#4298=DIRECTION('',(6.99353086378052E-16,1.,0.));
#4299=DIRECTION('',(1.,-5.82867087928206E-16,-9.32470781837403E-16));
#4300=DIRECTION('',(-1.13797860024079E-15,-1.,4.09005475845416E-31));
#4301=DIRECTION('center_axis',(-9.32470781837403E-16,6.52126319235342E-31,
-1.));
#4302=DIRECTION('ref_axis',(-1.,5.82867087928206E-16,9.32470781837403E-16));
#4303=DIRECTION('center_axis',(9.32470781837403E-16,-6.52126319235342E-31,
1.));
#4304=DIRECTION('ref_axis',(1.,-4.87641108912308E-36,-6.93889390390723E-18));
#4305=DIRECTION('',(1.13797860024079E-15,1.,-4.09005475845416E-31));
#4306=DIRECTION('',(-1.,5.82867087928206E-16,9.32470781837403E-16));
#4307=DIRECTION('',(6.99353086378052E-16,1.,0.));
#4308=DIRECTION('',(-1.,5.82867087928206E-16,9.32470781837403E-16));
#4309=DIRECTION('center_axis',(1.,-6.99353086378052E-16,-9.32470781837403E-16));
#4310=DIRECTION('ref_axis',(-9.32470781837402E-16,1.11022302462516E-15,
-1.));
#4311=DIRECTION('',(-9.32470781837402E-16,1.11022302462516E-15,-1.));
#4312=DIRECTION('',(-9.32470781837402E-16,1.11022302462516E-15,-1.));
#4313=DIRECTION('center_axis',(6.99353086378052E-16,1.,0.));
#4314=DIRECTION('ref_axis',(0.,0.,1.));
#4315=DIRECTION('',(6.93889390390723E-18,-3.46944695195362E-18,1.));
#4316=DIRECTION('center_axis',(1.,-1.13797860024079E-15,-3.88578058618805E-16));
#4317=DIRECTION('ref_axis',(3.88578058618805E-16,0.496973961027556,-0.867765453368928));
#4318=DIRECTION('',(2.77555756156289E-16,-1.16573417585641E-15,1.));
#4319=DIRECTION('',(1.19348975147204E-15,1.,1.22124532708767E-15));
#4320=DIRECTION('',(-2.22044604925031E-16,1.16573417585641E-15,-1.));
#4321=DIRECTION('',(-1.13797860024079E-15,-1.,-3.46944695195361E-18));
#4322=DIRECTION('',(0.,0.,-1.));
#4323=DIRECTION('center_axis',(1.,-1.13797860024079E-15,-3.88578058618805E-16));
#4324=DIRECTION('ref_axis',(3.88578058618805E-16,0.496973961027556,-0.867765453368928));
#4325=DIRECTION('',(0.,0.,-1.));
#4326=DIRECTION('',(1.13797860024079E-15,1.,3.46944695195361E-18));
#4327=DIRECTION('',(-2.22044604925031E-16,1.16573417585641E-15,-1.));
#4328=DIRECTION('',(-1.19348975147204E-15,-1.,-1.60982338570648E-15));
#4329=DIRECTION('',(2.77555756156289E-16,-1.16573417585641E-15,1.));
#4330=DIRECTION('center_axis',(6.93889390390723E-18,-3.46944695195362E-18,
1.));
#4331=DIRECTION('ref_axis',(1.,-4.87641108912308E-36,-6.93889390390723E-18));
#4332=DIRECTION('center_axis',(6.93889390390723E-18,-3.46944695195362E-18,
1.));
#4333=DIRECTION('ref_axis',(-4.34910200591351E-14,-1.,-3.46944695195331E-18));
#4334=DIRECTION('',(0.,0.,1.));
#4335=DIRECTION('center_axis',(6.93889390390723E-18,-3.46944695195362E-18,
1.));
#4336=DIRECTION('ref_axis',(-4.34910200591351E-14,-1.,-3.46944695195331E-18));
#4337=DIRECTION('center_axis',(-8.37169763923042E-16,-0.45172260545444,
-0.892158443171084));
#4338=DIRECTION('ref_axis',(-1.95279532425832E-16,-0.892158443171084,0.45172260545444));
#4339=DIRECTION('',(4.07007671638105E-7,-0.89215844317101,0.451722605454403));
#4340=DIRECTION('',(-1.,9.32466095199604E-16,4.66233047599802E-16));
#4341=DIRECTION('',(1.,-9.06430491122986E-16,-4.7941553889167E-16));
#4342=DIRECTION('center_axis',(5.74422802810636E-16,0.866025403784439,-0.499999999999999));
#4343=DIRECTION('ref_axis',(-6.68588997169147E-16,-0.499999999999999,-0.866025403784439));
#4344=DIRECTION('',(-7.97665723036238E-16,-0.499999999999999,-0.866025403784439));
#4345=DIRECTION('',(-1.,9.32466095199604E-16,4.66233047599802E-16));
#4346=DIRECTION('center_axis',(5.73632346367704E-16,0.86557089882966,-0.500786400673197));
#4347=DIRECTION('ref_axis',(-6.68732985386561E-16,-0.500786400673196,-0.865570898829659));
#4348=DIRECTION('',(3.70240300894793E-10,-0.500786400673196,-0.865570898829659));
#4349=DIRECTION('',(-1.,9.32466095199604E-16,4.66233047599802E-16));
#4350=DIRECTION('center_axis',(8.37169763923045E-16,0.451722605454444,0.892158443171082));
#4351=DIRECTION('ref_axis',(1.95279532425829E-16,0.892158443171082,-0.451722605454444));
#4352=DIRECTION('',(-4.07007671638105E-7,0.892158443171008,-0.451722605454407));
#4353=DIRECTION('',(-1.,9.32467506503539E-16,5.2451297240824E-16));
#4354=DIRECTION('center_axis',(-1.38422983841844E-16,0.373372558279841,
-0.927681482365346));
#4355=DIRECTION('ref_axis',(-6.24258734961637E-16,-0.927681482365346,-0.373372558279841));
#4356=DIRECTION('',(1.,-8.11094297825491E-17,-1.81858776258221E-16));
#4357=DIRECTION('',(2.51384268380299E-7,-0.927681482365317,-0.373372558279829));
#4358=DIRECTION('',(-1.,9.32467336645889E-16,5.24512678206162E-16));
#4359=DIRECTION('',(-1.,9.32466095199604E-16,5.24512178549777E-16));
#4360=DIRECTION('',(2.51384268380299E-7,-0.927681482365317,-0.373372558279829));
#4361=DIRECTION('',(-0.999999999999782,-6.13162770035433E-7,-2.46785298945418E-7));
#4362=DIRECTION('',(2.51384269480166E-7,-0.927681482365317,-0.373372558279829));
#4363=DIRECTION('',(-0.524914931016464,-0.789600449384421,-0.317797806046394));
#4364=DIRECTION('center_axis',(-1.06086998340426E-15,-0.927681482365347,
-0.373372558279841));
#4365=DIRECTION('ref_axis',(2.87296108897854E-16,-0.373372558279841,0.927681482365347));
#4366=DIRECTION('',(3.20876223416334E-7,-0.373372558279822,0.927681482365299));
#4367=DIRECTION('',(-1.,9.32466095199604E-16,5.24512178549777E-16));
#4368=DIRECTION('center_axis',(1.38422983841845E-16,-0.373372558279841,
0.927681482365347));
#4369=DIRECTION('ref_axis',(6.24258734961637E-16,0.927681482365347,0.373372558279841));
#4370=DIRECTION('',(-2.51384268380299E-7,0.927681482365317,0.373372558279829));
#4371=DIRECTION('',(-1.,9.32467506503539E-16,5.2451297240824E-16));
#4372=DIRECTION('center_axis',(1.98049035032044E-16,0.500000000000001,0.866025403784438));
#4373=DIRECTION('ref_axis',(4.07621885014794E-7,-0.866025403784366,0.499999999999959));
#4374=DIRECTION('',(-0.707106637070433,-0.612372560503985,0.353553462651317));
#4375=DIRECTION('',(1.,-5.71254368033665E-16,1.01126535782994E-16));
#4376=DIRECTION('',(-4.07621885014794E-7,0.866025403784366,-0.499999999999959));
#4377=DIRECTION('center_axis',(0.707106925302632,-0.612372310887579,0.353553318535216));
#4378=DIRECTION('ref_axis',(0.447213449664731,0.,-0.894427263917515));
#4379=DIRECTION('',(-1.98049458548534E-16,-0.5,-0.866025403784439));
#4380=DIRECTION('',(0.707106637070433,0.612372560503985,-0.353553462651316));
#4381=DIRECTION('',(1.98049458548534E-16,0.5,0.866025403784439));
#4382=DIRECTION('center_axis',(0.999999999999917,3.53010908343963E-7,-2.03810943187949E-7));
#4383=DIRECTION('ref_axis',(-2.03810943187962E-7,0.,-0.999999999999979));
#4384=DIRECTION('',(-7.97664737258113E-16,-0.500000000000001,-0.866025403784438));
#4385=DIRECTION('',(-4.07621885014794E-7,0.866025403784367,-0.499999999999957));
#4386=DIRECTION('center_axis',(4.07621886032866E-7,-0.866025403784366,0.49999999999996));
#4387=DIRECTION('ref_axis',(-7.97664760181615E-16,-0.500000000000001,-0.866025403784438));
#4388=DIRECTION('',(7.97664760181615E-16,0.500000000000001,0.866025403784438));
#4389=DIRECTION('',(0.999999999999917,3.53010908343963E-7,-2.03810943187949E-7));
#4390=DIRECTION('center_axis',(1.,-4.71844785465692E-16,-4.9960036108132E-16));
#4391=DIRECTION('ref_axis',(-5.55111512312578E-17,0.496973961027555,-0.867765453368928));
#4392=DIRECTION('',(5.55111512312578E-16,1.,1.60982338570648E-15));
#4393=DIRECTION('center_axis',(1.,-4.71844785465692E-16,-4.9960036108132E-16));
#4394=DIRECTION('ref_axis',(-6.94419810933989E-31,-1.30063744060966E-15,
1.));
#4395=DIRECTION('center_axis',(-2.82230773149771E-16,0.838562314625144,
-0.544805694253026));
#4396=DIRECTION('ref_axis',(6.76009761101216E-16,0.544805694253026,0.838562314625144));
#4397=DIRECTION('',(-1.16373898659975E-15,-0.544805694253026,-0.838562314625144));
#4398=DIRECTION('',(1.,-6.99353086378051E-16,-1.59448024344574E-15));
#4399=DIRECTION('',(1.,0.,-5.18039323243002E-16));
#4400=DIRECTION('center_axis',(1.,0.,0.));
#4401=DIRECTION('ref_axis',(0.,-1.30063744060967E-15,1.));
#4402=DIRECTION('',(1.,0.,0.));
#4403=DIRECTION('center_axis',(-1.,0.,1.38777878078145E-15));
#4404=DIRECTION('ref_axis',(0.,-1.30063744060967E-15,1.));
#4405=DIRECTION('center_axis',(1.,-5.18039323242994E-16,0.));
#4406=DIRECTION('ref_axis',(-6.94419810933989E-31,-1.30063744060966E-15,
1.));
#4407=DIRECTION('',(1.,-5.18039323242994E-16,0.));
#4408=DIRECTION('center_axis',(-1.,0.,1.38777878078145E-15));
#4409=DIRECTION('ref_axis',(-6.94419810933989E-31,-1.30063744060966E-15,
1.));
#4410=DIRECTION('center_axis',(1.,-5.18039323242994E-16,0.));
#4411=DIRECTION('ref_axis',(-6.94419810933989E-31,-1.30063744060966E-15,
1.));
#4412=DIRECTION('',(1.,-5.18039323242994E-16,0.));
#4413=DIRECTION('center_axis',(-1.,0.,1.38777878078145E-15));
#4414=DIRECTION('ref_axis',(-6.94419810933989E-31,-1.30063744060966E-15,
1.));
#4415=DIRECTION('center_axis',(1.,-5.18039323242994E-16,0.));
#4416=DIRECTION('ref_axis',(-6.94419810933989E-31,-1.30063744060966E-15,
1.));
#4417=DIRECTION('',(1.,-5.18039323242994E-16,0.));
#4418=DIRECTION('center_axis',(-1.,0.,1.38777878078145E-15));
#4419=DIRECTION('ref_axis',(-6.94419810933989E-31,-1.30063744060966E-15,
1.));
#4420=DIRECTION('center_axis',(1.,-5.18039323242994E-16,0.));
#4421=DIRECTION('ref_axis',(-6.94419810933989E-31,-1.30063744060966E-15,
1.));
#4422=DIRECTION('',(1.,-5.18039323242994E-16,0.));
#4423=DIRECTION('center_axis',(-1.,0.,1.38777878078145E-15));
#4424=DIRECTION('ref_axis',(-6.94419810933989E-31,-1.30063744060966E-15,
1.));
#4425=DIRECTION('center_axis',(1.,-5.18039323242994E-16,0.));
#4426=DIRECTION('ref_axis',(-6.94419810933989E-31,-1.30063744060966E-15,
1.));
#4427=DIRECTION('center_axis',(-1.,4.71844785465691E-16,4.9960036108132E-16));
#4428=DIRECTION('ref_axis',(4.9960036108132E-16,-1.30063744060967E-15,1.));
#4429=DIRECTION('',(1.,-5.18039323242994E-16,0.));
#4430=DIRECTION('center_axis',(-1.,0.,1.38777878078145E-15));
#4431=DIRECTION('ref_axis',(-6.94419810933989E-31,-1.30063744060966E-15,
1.));
#4432=DIRECTION('center_axis',(-1.,4.71844785465692E-16,4.9960036108132E-16));
#4433=DIRECTION('ref_axis',(4.9960036108132E-16,0.,1.));
#4434=DIRECTION('center_axis',(1.,-5.18039323242994E-16,0.));
#4435=DIRECTION('ref_axis',(-6.94419810933989E-31,-1.30063744060966E-15,
1.));
#4436=DIRECTION('',(1.,-5.18039323242994E-16,0.));
#4437=DIRECTION('center_axis',(-1.,0.,1.38777878078145E-15));
#4438=DIRECTION('ref_axis',(-6.94419810933989E-31,-1.30063744060966E-15,
1.));
#4439=DIRECTION('center_axis',(1.,-5.18039323242994E-16,-5.18039323242994E-16));
#4440=DIRECTION('ref_axis',(5.18039323242993E-16,-1.30063744060967E-15,
1.));
#4441=DIRECTION('',(1.,-5.18039323242994E-16,-5.18039323242994E-16));
#4442=DIRECTION('center_axis',(-1.,0.,1.38777878078145E-15));
#4443=DIRECTION('ref_axis',(5.18039323242993E-16,-1.30063744060967E-15,
1.));
#4444=DIRECTION('center_axis',(1.,0.,0.));
#4445=DIRECTION('ref_axis',(0.,0.,-1.));
#4446=DIRECTION('',(0.,1.,1.27651332555775E-15));
#4447=DIRECTION('',(0.,1.21823390169291E-15,-1.));
#4448=DIRECTION('',(0.,-1.,-6.38256662778874E-16));
#4449=DIRECTION('',(0.,-3.44042543720343E-16,1.));
#4450=DIRECTION('center_axis',(1.,0.,-1.38777878078145E-15));
#4451=DIRECTION('ref_axis',(-1.38777878078145E-15,0.,-1.));
#4452=DIRECTION('',(1.38777878078145E-15,-1.67653137145424E-15,1.));
#4453=DIRECTION('',(0.,1.,0.));
#4454=DIRECTION('',(1.38777878078145E-15,-6.05882076565019E-16,1.));
#4455=DIRECTION('',(-6.94980740558194E-16,0.865570898829653,-0.500786400673208));
#4456=DIRECTION('',(-5.18158513706847E-16,-0.927681482365346,-0.373372558279841));
#4457=DIRECTION('',(-1.38777878078145E-15,9.58017926545281E-16,-1.));
#4458=DIRECTION('center_axis',(1.,0.,-1.38777878078145E-15));
#4459=DIRECTION('ref_axis',(0.,-1.,0.));
#4460=DIRECTION('',(2.95508861292758E-30,1.,2.12936575616439E-15));
#4461=DIRECTION('center_axis',(1.,0.,-1.38777878078145E-15));
#4462=DIRECTION('ref_axis',(-1.38777878078145E-15,1.39870617275611E-15,
-1.));
#4463=DIRECTION('center_axis',(-1.,0.,1.38777878078145E-15));
#4464=DIRECTION('ref_axis',(1.38777878078145E-15,0.,1.));
#4465=DIRECTION('center_axis',(-1.,0.,1.38777878078145E-15));
#4466=DIRECTION('ref_axis',(1.38777878078145E-15,0.,1.));
#4467=DIRECTION('center_axis',(-1.,0.,1.62640252646058E-15));
#4468=DIRECTION('ref_axis',(-1.62640252646058E-15,0.,-1.));
#4469=DIRECTION('',(-1.,0.,1.62640252646058E-15));
#4470=DIRECTION('center_axis',(-1.,0.,1.38777878078145E-15));
#4471=DIRECTION('ref_axis',(-1.38777878078145E-15,0.,-1.));
#4472=DIRECTION('center_axis',(1.,0.,-1.38777878078145E-15));
#4473=DIRECTION('ref_axis',(-1.38777878078145E-15,0.,-1.));
#4474=DIRECTION('center_axis',(1.,0.,-1.38777878078145E-15));
#4475=DIRECTION('ref_axis',(-1.45051010508039E-15,0.,-1.));
#4476=DIRECTION('center_axis',(-1.,0.,1.45051010508039E-15));
#4477=DIRECTION('ref_axis',(-1.45051010508039E-15,0.,-1.));
#4478=DIRECTION('',(-1.,0.,1.45051010508039E-15));
#4479=DIRECTION('center_axis',(0.999999982561668,0.000186752948904689,1.48679972517352E-16));
#4480=DIRECTION('ref_axis',(0.000186752948904689,-0.999999982561668,-2.70887039539814E-19));
#4481=DIRECTION('center_axis',(-0.000186752948905769,0.999999982561668,
1.18746704627245E-15));
#4482=DIRECTION('ref_axis',(1.48458206952003E-16,1.18749479198831E-15,-1.));
#4483=DIRECTION('',(1.48104417226519E-16,3.08192120607996E-15,-1.));
#4484=DIRECTION('',(-0.999999982561668,-0.000186752948905769,0.));
#4485=DIRECTION('',(1.48458206952003E-16,1.18749479198831E-15,-1.));
#4486=DIRECTION('',(-0.999999982561668,-0.000186752948905769,0.));
#4487=DIRECTION('center_axis',(6.53590185592038E-19,-3.49975825294358E-15,
1.));
#4488=DIRECTION('ref_axis',(-0.000186752948904689,0.999999982561668,3.49975831397353E-15));
#4489=DIRECTION('',(0.000186752948904689,-0.999999982561668,-3.49975831397353E-15));
#4490=DIRECTION('',(-0.000186752948904689,0.999999982561668,3.49975831397353E-15));
#4491=DIRECTION('',(-0.999999982561668,-0.000186752948905769,0.));
#4492=DIRECTION('center_axis',(0.000186752948905769,-0.999999982561668,
-1.18746704627245E-15));
#4493=DIRECTION('ref_axis',(-1.48458206952003E-16,-1.18749479198831E-15,
1.));
#4494=DIRECTION('',(-1.48437077228357E-16,-1.30063744060966E-15,1.));
#4495=DIRECTION('',(-1.48458206952003E-16,-1.18749479198831E-15,1.));
#4496=DIRECTION('',(-0.999999982561668,-0.000186752948905769,0.));
#4497=DIRECTION('center_axis',(-0.999999982561668,-0.000186752948905769,
0.));
#4498=DIRECTION('ref_axis',(0.,0.,1.));
#4499=DIRECTION('',(0.000186752948904689,-0.999999982561668,-1.62272187313383E-15));
#4500=DIRECTION('center_axis',(-6.65442973909938E-16,1.30063744060967E-15,
-1.));
#4501=DIRECTION('ref_axis',(-4.71844785465692E-16,-1.,-1.30063744060966E-15));
#4502=DIRECTION('',(-1.,3.32721486954969E-16,6.65442973909938E-16));
#4503=DIRECTION('',(-1.,3.32721486954969E-16,6.65442973909938E-16));
#4504=DIRECTION('center_axis',(0.999999982561668,0.000186752948904689,1.48679972517352E-16));
#4505=DIRECTION('ref_axis',(1.48679975110083E-16,0.,-1.));
#4506=DIRECTION('',(-1.48437077228357E-16,-1.30063744060966E-15,1.));
#4507=DIRECTION('',(0.000186752948904689,-0.999999982561668,-1.30076802417992E-15));
#4508=DIRECTION('',(1.48104417226519E-16,3.08192120607996E-15,-1.));
#4509=DIRECTION('center_axis',(-6.99353086378051E-16,1.30063744060967E-15,
-1.));
#4510=DIRECTION('ref_axis',(-4.71844785465692E-16,-1.,-1.30063744060966E-15));
#4511=DIRECTION('',(-1.,3.49676543189026E-16,6.99353086378051E-16));
#4512=DIRECTION('',(-4.71844785465692E-16,-1.,-1.30063744060966E-15));
#4513=DIRECTION('',(-1.,3.49676543189026E-16,6.99353086378051E-16));
#4514=DIRECTION('center_axis',(3.49676543189027E-16,1.,1.30063744060966E-15));
#4515=DIRECTION('ref_axis',(-4.9960036108132E-16,1.30063744060967E-15,-1.));
#4516=DIRECTION('',(-4.9960036108132E-16,1.30063744060967E-15,-1.));
#4517=DIRECTION('',(-1.,3.49676543189026E-16,6.99353086378051E-16));
#4518=DIRECTION('center_axis',(6.99353086378051E-16,-1.30063744060967E-15,
1.));
#4519=DIRECTION('ref_axis',(4.71844785465692E-16,1.,1.30063744060966E-15));
#4520=DIRECTION('',(4.71844785465692E-16,1.,1.30063744060966E-15));
#4521=DIRECTION('',(-1.,3.49676543189026E-16,6.99353086378051E-16));
#4522=DIRECTION('center_axis',(-3.49676543189027E-16,-1.,-1.30063744060966E-15));
#4523=DIRECTION('ref_axis',(4.9960036108132E-16,-1.30063744060967E-15,1.));
#4524=DIRECTION('',(4.9960036108132E-16,-1.30063744060967E-15,1.));
#4525=DIRECTION('center_axis',(-1.,3.49676543189026E-16,6.99353086378051E-16));
#4526=DIRECTION('ref_axis',(6.99353086378051E-16,0.,1.));
#4527=DIRECTION('center_axis',(0.,-1.3987061727561E-15,1.));
#4528=DIRECTION('ref_axis',(-1.,0.,0.));
#4529=DIRECTION('',(0.,-1.3987061727561E-15,1.));
#4530=DIRECTION('center_axis',(0.,1.66210156908514E-15,-1.));
#4531=DIRECTION('ref_axis',(-1.,0.,0.));
#4532=DIRECTION('center_axis',(0.,-1.66210156908514E-15,1.));
#4533=DIRECTION('ref_axis',(0.,1.,1.66210156908514E-15));
#4534=DIRECTION('',(1.,0.,0.));
#4535=DIRECTION('',(1.,0.,0.));
#4536=DIRECTION('center_axis',(0.,1.66210156908514E-15,-1.));
#4537=DIRECTION('ref_axis',(-1.,0.,0.));
#4538=DIRECTION('center_axis',(0.,1.66210156908514E-15,-1.));
#4539=DIRECTION('ref_axis',(-1.,0.,0.));
#4540=DIRECTION('center_axis',(-1.,9.32467506503539E-16,5.2451297240824E-16));
#4541=DIRECTION('ref_axis',(-5.2451297240824E-16,6.0484591254318E-16,-1.));
#4542=DIRECTION('center_axis',(0.999999999999917,3.53010907162478E-7,-2.03810943198195E-7));
#4543=DIRECTION('ref_axis',(3.53010907162485E-7,-0.999999999999938,-1.2765138193162E-15));
#4544=DIRECTION('',(1.,-9.32467506503539E-16,-5.2451297240824E-16));
#4545=DIRECTION('center_axis',(1.,0.,-1.38777878078145E-15));
#4546=DIRECTION('ref_axis',(-5.2451297240824E-16,6.0484591254318E-16,-1.));
#4547=DIRECTION('center_axis',(1.13797860024079E-15,1.,1.33226762955019E-15));
#4548=DIRECTION('ref_axis',(3.33066907387547E-16,-1.27675647831893E-15,
1.));
#4549=DIRECTION('',(1.,-1.08246744900953E-15,-4.9960036108132E-16));
#4550=DIRECTION('',(-3.33066907387547E-16,1.27675647831893E-15,-1.));
#4551=DIRECTION('',(1.,-1.08246744900953E-15,-4.9960036108132E-16));
#4552=DIRECTION('center_axis',(3.88578058618805E-16,-1.60982338570648E-15,
1.));
#4553=DIRECTION('ref_axis',(-1.19348975147204E-15,-1.,-1.60982338570648E-15));
#4554=DIRECTION('',(1.19348975147204E-15,1.,1.60982338570648E-15));
#4555=DIRECTION('center_axis',(-3.88578058618805E-16,1.60982338570648E-15,
-1.));
#4556=DIRECTION('ref_axis',(8.54930408692015E-14,1.,1.57354444435058E-15));
#4557=DIRECTION('',(1.19348975147204E-15,1.,1.60982338570648E-15));
#4558=DIRECTION('',(1.,-1.08246744900953E-15,-4.9960036108132E-16));
#4559=DIRECTION('center_axis',(-3.60822483003176E-15,5.55111512312578E-16,
-1.));
#4560=DIRECTION('ref_axis',(1.,-3.88578058618805E-16,-3.60822483003176E-15));
#4561=DIRECTION('',(-3.60822483003176E-15,5.55111512312578E-16,-1.));
#4562=DIRECTION('center_axis',(-3.60822483003176E-15,5.55111512312578E-16,
-1.));
#4563=DIRECTION('ref_axis',(1.,-3.88578058618805E-16,-3.60822483003176E-15));
#4564=DIRECTION('',(3.60822483003176E-15,-5.55111512312578E-16,1.));
#4565=DIRECTION('center_axis',(-3.60822483003176E-15,5.55111512312578E-16,
-1.));
#4566=DIRECTION('ref_axis',(1.,-3.88578058618805E-16,-3.60822483003176E-15));
#4567=DIRECTION('center_axis',(5.82867087928207E-16,1.,1.38777878078145E-15));
#4568=DIRECTION('ref_axis',(-3.88578058618805E-16,1.27675647831893E-15,
-1.));
#4569=DIRECTION('',(-2.22044604925031E-16,1.27675647831893E-15,-1.));
#4570=DIRECTION('',(-1.,4.9960036108132E-16,4.44089209850063E-16));
#4571=DIRECTION('',(-1.,4.9960036108132E-16,4.44089209850063E-16));
#4572=DIRECTION('center_axis',(-3.33066907387547E-16,1.55431223447522E-15,
-1.));
#4573=DIRECTION('ref_axis',(-5.55111512312578E-16,-1.,-1.55431223447522E-15));
#4574=DIRECTION('center_axis',(3.33066907387547E-16,-1.55431223447522E-15,
1.));
#4575=DIRECTION('ref_axis',(6.55643518479422E-16,1.,1.20201311721227E-15));
#4576=DIRECTION('',(-1.19348975147204E-15,-1.,-1.60982338570648E-15));
#4577=DIRECTION('',(-1.,4.9960036108132E-16,4.44089209850063E-16));
#4578=DIRECTION('center_axis',(-5.82867087928207E-16,-1.,-1.11022302462516E-15));
#4579=DIRECTION('ref_axis',(3.33066907387547E-16,-1.11022302462516E-15,
1.));
#4580=DIRECTION('',(-1.,4.9960036108132E-16,4.44089209850063E-16));
#4581=DIRECTION('center_axis',(3.33066907387547E-16,-1.16573417585641E-15,
1.));
#4582=DIRECTION('ref_axis',(5.82867087928207E-16,1.,1.16573417585641E-15));
#4583=DIRECTION('center_axis',(-3.33066907387547E-16,1.16573417585641E-15,
-1.));
#4584=DIRECTION('ref_axis',(6.55643518479422E-16,1.,1.20201311721227E-15));
#4585=DIRECTION('',(1.19348975147204E-15,1.,1.22124532708767E-15));
#4586=DIRECTION('center_axis',(-1.13797860024079E-15,-1.,-1.72084568816899E-15));
#4587=DIRECTION('ref_axis',(-2.77555756156289E-16,1.72084568816899E-15,
-1.));
#4588=DIRECTION('',(1.,-1.08246744900953E-15,-4.9960036108132E-16));
#4589=DIRECTION('',(2.77555756156289E-16,-1.72084568816899E-15,1.));
#4590=DIRECTION('',(1.,-1.08246744900953E-15,-4.9960036108132E-16));
#4591=DIRECTION('center_axis',(1.16573417585641E-15,1.,1.4432899320127E-15));
#4592=DIRECTION('ref_axis',(2.22044604925031E-16,-1.4432899320127E-15,1.));
#4593=DIRECTION('',(1.,-1.08246744900953E-15,-4.9960036108132E-16));
#4594=DIRECTION('',(-2.22044604925031E-16,1.4432899320127E-15,-1.));
#4595=DIRECTION('',(1.,-1.08246744900953E-15,-4.9960036108132E-16));
#4596=DIRECTION('center_axis',(-2.22044604925031E-16,1.16573417585641E-15,
-1.));
#4597=DIRECTION('ref_axis',(6.55643518479422E-16,1.,1.20201311721227E-15));
#4598=DIRECTION('center_axis',(6.93889390390723E-18,-3.46944695195362E-18,
1.));
#4599=DIRECTION('ref_axis',(6.55643518479422E-16,1.,1.20201311721227E-15));
#4600=DIRECTION('',(2.22044604925031E-16,-1.16573417585641E-15,1.));
#4601=DIRECTION('center_axis',(6.93889390390723E-18,-3.46944695195362E-18,
1.));
#4602=DIRECTION('ref_axis',(1.,-4.87641108912308E-36,-6.93889390390723E-18));
#4603=DIRECTION('',(1.13797860024079E-15,1.,3.46944695195361E-18));
#4604=DIRECTION('center_axis',(-9.9920072216264E-16,1.22460635382237E-16,
-1.));
#4605=DIRECTION('ref_axis',(-5.82867087928207E-16,1.,1.22460635382238E-16));
#4606=DIRECTION('',(-4.83390670350667E-16,-0.707106781186545,0.70710678118655));
#4607=DIRECTION('center_axis',(9.9920072216264E-16,-1.22460635382237E-16,
1.));
#4608=DIRECTION('ref_axis',(5.82867087928207E-16,-1.,-1.22460635382238E-16));
#4609=DIRECTION('',(-1.09288325470587E-15,-0.707106781186545,-0.70710678118655));
#4610=DIRECTION('center_axis',(9.9920072216264E-16,-1.22460635382237E-16,
1.));
#4611=DIRECTION('ref_axis',(5.82867087928207E-16,-1.,-1.22460635382238E-16));
#4612=DIRECTION('center_axis',(9.9920072216264E-16,-1.22460635382237E-16,
1.));
#4613=DIRECTION('ref_axis',(5.82867087928207E-16,-1.,-1.22460635382238E-16));
#4614=DIRECTION('',(9.9920072216264E-16,-1.22460635382237E-16,1.));
#4615=DIRECTION('center_axis',(9.9920072216264E-16,-1.22460635382237E-16,
1.));
#4616=DIRECTION('ref_axis',(5.82867087928207E-16,-1.,-1.22460635382238E-16));
#4617=DIRECTION('',(-9.9920072216264E-16,1.22460635382237E-16,-1.));
#4618=DIRECTION('center_axis',(9.9920072216264E-16,-1.22460635382237E-16,
1.));
#4619=DIRECTION('ref_axis',(5.82867087928207E-16,-1.,-1.22460635382238E-16));
#4620=DIRECTION('',(1.09288325470587E-15,0.707106781186545,0.70710678118655));
#4621=DIRECTION('center_axis',(9.9920072216264E-16,-1.22460635382237E-16,
1.));
#4622=DIRECTION('ref_axis',(5.82867087928207E-16,-1.,-1.22460635382238E-16));
#4623=DIRECTION('',(4.83390670350668E-16,0.707106781186546,-0.70710678118655));
#4624=DIRECTION('center_axis',(-9.9920072216264E-16,-5.76238239360661E-31,
-1.));
#4625=DIRECTION('ref_axis',(1.,5.82867087928207E-16,-9.9920072216264E-16));
#4626=DIRECTION('',(9.9920072216264E-16,5.76238239360661E-31,1.));
#4627=DIRECTION('center_axis',(-9.9920072216264E-16,-5.76238239360661E-31,
-1.));
#4628=DIRECTION('ref_axis',(1.,5.82867087928207E-16,-9.9920072216264E-16));
#4629=DIRECTION('',(-9.9920072216264E-16,-5.76238239360661E-31,-1.));
#4630=DIRECTION('center_axis',(-9.9920072216264E-16,-5.76238239360661E-31,
-1.));
#4631=DIRECTION('ref_axis',(1.,5.82867087928207E-16,-9.9920072216264E-16));
#4632=DIRECTION('center_axis',(9.9920072216264E-16,5.76238239360661E-31,
1.));
#4633=DIRECTION('ref_axis',(1.,-1.07102507155731E-15,-9.9920072216264E-16));
#4634=DIRECTION('',(1.09288325470587E-15,0.707106781186553,0.707106781186542));
#4635=DIRECTION('center_axis',(-9.9920072216264E-16,-5.76238239360661E-31,
-1.));
#4636=DIRECTION('ref_axis',(1.,5.82867087928207E-16,-9.9920072216264E-16));
#4637=DIRECTION('',(4.83390670350687E-16,0.707106781186553,-0.707106781186542));
#4638=DIRECTION('center_axis',(-1.,-6.46646472962828E-16,9.40576687945932E-16));
#4639=DIRECTION('ref_axis',(5.8051217459163E-16,-1.,0.));
#4640=DIRECTION('center_axis',(-1.,1.11022302462516E-15,4.44089209850063E-16));
#4641=DIRECTION('ref_axis',(-4.44089209850063E-16,0.,-1.));
#4642=DIRECTION('center_axis',(-1.,1.11022302462516E-15,4.44089209850063E-16));
#4643=DIRECTION('ref_axis',(-4.44089209850063E-16,0.,-1.));
#4644=DIRECTION('center_axis',(-4.27435864480685E-15,4.44089209850061E-16,
-1.));
#4645=DIRECTION('ref_axis',(1.,-2.1094237467878E-16,-4.27435864480685E-15));
#4646=DIRECTION('',(4.27435864480685E-15,-4.44089209850061E-16,1.));
#4647=DIRECTION('center_axis',(-4.28531156189837E-15,5.17001182535069E-16,
-1.));
#4648=DIRECTION('ref_axis',(0.813826036051076,0.581108581114917,-3.17611138095439E-15));
#4649=DIRECTION('',(-4.27435864480685E-15,4.44089209850061E-16,-1.));
#4650=DIRECTION('center_axis',(-4.27435864480685E-15,4.44089209850061E-16,
-1.));
#4651=DIRECTION('ref_axis',(0.813826036051076,0.581108581114917,-3.2205203019394E-15));
#4652=DIRECTION('center_axis',(-4.27435864480685E-15,4.44089209850061E-16,
-1.));
#4653=DIRECTION('ref_axis',(1.,-2.1094237467878E-16,-4.27435864480685E-15));
#4654=DIRECTION('',(4.27435864480685E-15,-4.44089209850061E-16,1.));
#4655=DIRECTION('center_axis',(-4.25245281062382E-15,2.98265264480046E-16,
-1.));
#4656=DIRECTION('ref_axis',(0.813826036051076,0.581108581114917,-3.30933814390941E-15));
#4657=DIRECTION('',(-4.27435864480685E-15,4.44089209850061E-16,-1.));
#4658=DIRECTION('center_axis',(-2.22044604925031E-16,1.16573417585641E-15,
-1.));
#4659=DIRECTION('ref_axis',(6.55643518479422E-16,1.,1.20201311721227E-15));
#4660=DIRECTION('center_axis',(-6.93889390390723E-18,3.46944695195362E-18,
-1.));
#4661=DIRECTION('ref_axis',(6.55643518479422E-16,1.,1.20201311721227E-15));
#4662=DIRECTION('',(2.22044604925031E-16,-1.16573417585641E-15,1.));
#4663=DIRECTION('center_axis',(1.,-1.13797860024079E-15,-3.88578058618805E-16));
#4664=DIRECTION('ref_axis',(3.88578058618805E-16,0.496973961027556,-0.867765453368928));
#4665=DIRECTION('',(-1.13797860024079E-15,-1.,-3.46944695195361E-18));
#4666=DIRECTION('center_axis',(6.93889390390723E-18,-3.46944695195362E-18,
1.));
#4667=DIRECTION('ref_axis',(1.,0.,-6.93889390390723E-18));
#4668=DIRECTION('center_axis',(-9.55566194502505E-16,-0.500786400673207,
-0.865570898829653));
#4669=DIRECTION('ref_axis',(1.58222048462674E-16,0.865570898829653,-0.500786400673207));
#4670=DIRECTION('',(1.,0.,0.));
#4671=DIRECTION('center_axis',(-6.99353086378052E-16,-1.,-6.50318720304833E-16));
#4672=DIRECTION('ref_axis',(-4.9960036108132E-16,6.50318720304833E-16,-1.));
#4673=DIRECTION('',(1.,0.,0.));
#4674=DIRECTION('center_axis',(6.99353086378051E-16,-6.50318720304833E-16,
1.));
#4675=DIRECTION('ref_axis',(-4.71844785465692E-16,-1.,-6.50318720304833E-16));
#4676=DIRECTION('center_axis',(-3.87657656866095E-16,0.373372558279841,
-0.927681482365347));
#4677=DIRECTION('ref_axis',(6.24258734961637E-16,0.927681482365346,0.373372558279841));
#4678=DIRECTION('center_axis',(3.93386111087654E-16,-1.57354444435062E-15,
1.));
#4679=DIRECTION('ref_axis',(8.54930408692015E-14,1.,1.57354444435058E-15));
#4680=DIRECTION('center_axis',(3.60822483003176E-15,-5.55111512312578E-16,
1.));
#4681=DIRECTION('ref_axis',(8.54930408692015E-14,1.,1.57354444435058E-15));
#4682=DIRECTION('',(3.93386111087654E-16,-1.57354444435062E-15,1.));
#4683=DIRECTION('center_axis',(3.88578058618805E-16,-1.60982338570648E-15,
1.));
#4684=DIRECTION('ref_axis',(8.54930408692015E-14,1.,1.57354444435058E-15));
#4685=DIRECTION('',(-3.93386111087654E-16,1.57354444435062E-15,-1.));
#4686=DIRECTION('center_axis',(-3.88578058618805E-16,1.60982338570648E-15,
-1.));
#4687=DIRECTION('ref_axis',(1.19348975147204E-15,1.,1.60982338570648E-15));
#4688=DIRECTION('',(-1.19348975147204E-15,-1.,-1.60982338570648E-15));
#4689=DIRECTION('center_axis',(3.88578058618805E-16,-1.60982338570648E-15,
1.));
#4690=DIRECTION('ref_axis',(3.47361361483687E-14,1.,1.5735444443506E-15));
#4691=DIRECTION('',(-1.19348975147204E-15,-1.,-1.60982338570648E-15));
#4692=DIRECTION('center_axis',(3.88578058618805E-16,-1.94289029309402E-15,
1.));
#4693=DIRECTION('ref_axis',(-1.19348975147204E-15,-1.,-1.94289029309402E-15));
#4694=DIRECTION('center_axis',(-3.88578058618805E-16,1.94289029309402E-15,
-1.));
#4695=DIRECTION('ref_axis',(3.47361361483687E-14,1.,1.5735444443506E-15));
#4696=DIRECTION('',(1.19348975147204E-15,1.,1.94289029309402E-15));
#4697=DIRECTION('',(1.19348975147204E-15,1.,1.94289029309402E-15));
#4698=DIRECTION('center_axis',(-1.,-5.02623025139987E-16,1.00524605027997E-15));
#4699=DIRECTION('ref_axis',(-5.84299266725235E-16,1.,1.00524605027997E-16));
#4700=DIRECTION('center_axis',(-3.93386111087654E-16,1.57354444435062E-15,
-1.));
#4701=DIRECTION('ref_axis',(3.4714938233117E-14,1.,1.49714019334197E-15));
#4702=DIRECTION('center_axis',(1.,-1.11022302462516E-15,-4.44089209850063E-16));
#4703=DIRECTION('ref_axis',(-4.44089209850063E-16,0.,-1.));
#4704=DIRECTION('center_axis',(1.,-1.11022302462516E-15,-4.44089209850063E-16));
#4705=DIRECTION('ref_axis',(-4.44089209850063E-16,0.,-1.));
#4706=DIRECTION('center_axis',(1.,-3.24731285415464E-16,-4.15656045331794E-15));
#4707=DIRECTION('ref_axis',(3.89677542498557E-16,1.,0.));
#4708=DIRECTION('center_axis',(3.93386111087654E-16,-1.57354444435062E-15,
1.));
#4709=DIRECTION('ref_axis',(3.4738331048638E-14,1.,1.49714019334197E-15));
#4710=DIRECTION('center_axis',(1.,-1.11022302462516E-15,-4.44089209850063E-16));
#4711=DIRECTION('ref_axis',(-4.44089209850063E-16,0.,-1.));
#4712=DIRECTION('center_axis',(1.,-1.11022302462516E-15,-4.44089209850063E-16));
#4713=DIRECTION('ref_axis',(-4.44089209850063E-16,0.,-1.));
#4714=DIRECTION('center_axis',(3.93386111087654E-16,-1.57354444435062E-15,
1.));
#4715=DIRECTION('ref_axis',(3.47361361483687E-14,1.,1.5735444443506E-15));
#4716=DIRECTION('',(-3.93386111087654E-16,1.57354444435062E-15,-1.));
#4717=DIRECTION('',(3.93386111087654E-16,-1.57354444435062E-15,1.));
#4718=DIRECTION('center_axis',(3.93386111087654E-16,-1.57354444435062E-15,
1.));
#4719=DIRECTION('ref_axis',(3.47361361483687E-14,1.,1.5735444443506E-15));
#4720=DIRECTION('center_axis',(-3.93386111087654E-16,1.57354444435062E-15,
-1.));
#4721=DIRECTION('ref_axis',(3.4738331048638E-14,1.,1.49714019334197E-15));
#4722=DIRECTION('',(3.93386111087654E-16,-1.57354444435062E-15,1.));
#4723=DIRECTION('',(-3.93386111087654E-16,1.57354444435062E-15,-1.));
#4724=DIRECTION('center_axis',(3.93386111087654E-16,-1.57354444435062E-15,
1.));
#4725=DIRECTION('ref_axis',(3.47361361483687E-14,1.,1.5735444443506E-15));
#4726=DIRECTION('center_axis',(-3.93386111087654E-16,1.57354444435062E-15,
-1.));
#4727=DIRECTION('ref_axis',(3.47361361483687E-14,1.,1.5735444443506E-15));
#4728=DIRECTION('',(-3.93386111087654E-16,1.57354444435062E-15,-1.));
#4729=DIRECTION('',(3.93386111087654E-16,-1.57354444435062E-15,1.));
#4730=DIRECTION('center_axis',(-1.,1.11022302462516E-15,4.44089209850063E-16));
#4731=DIRECTION('ref_axis',(-2.77555756156289E-16,-0.496973961027555,0.867765453368928));
#4732=DIRECTION('',(-1.04364681717942E-15,-0.997332458542736,0.0729929252537671));
#4733=DIRECTION('',(-4.14342826757892E-16,0.0265228568235143,-0.999648207153856));
#4734=DIRECTION('center_axis',(1.,-1.11022302462516E-15,-4.44089209850063E-16));
#4735=DIRECTION('ref_axis',(-4.44089209850063E-16,0.,-1.));
#4736=DIRECTION('',(4.12723965158791E-16,-0.0279423270369963,0.999609536949182));
#4737=DIRECTION('',(1.09288325470587E-15,0.707106781186553,0.707106781186542));
#4738=DIRECTION('',(-4.5969049812322E-16,-0.707106781186542,0.707106781186553));
#4739=DIRECTION('center_axis',(1.,-1.11022302462516E-15,-4.44089209850063E-16));
#4740=DIRECTION('ref_axis',(-4.44089209850063E-16,0.,-1.));
#4741=DIRECTION('center_axis',(9.9920072216264E-16,5.76238239360661E-31,
1.));
#4742=DIRECTION('ref_axis',(1.,5.82867087928207E-16,-9.9920072216264E-16));
#4743=DIRECTION('center_axis',(-9.9920072216264E-16,-5.76238239360661E-31,
-1.));
#4744=DIRECTION('ref_axis',(1.,5.82867087928207E-16,-9.9920072216264E-16));
#4745=DIRECTION('',(4.83390670350689E-16,0.707106781186553,-0.707106781186542));
#4746=DIRECTION('center_axis',(-9.9920072216264E-16,-5.76238239360661E-31,
-1.));
#4747=DIRECTION('ref_axis',(1.,5.82867087928207E-16,-9.9920072216264E-16));
#4748=DIRECTION('',(-1.10551574743144E-15,-0.707106781186542,-0.707106781186553));
#4749=DIRECTION('center_axis',(9.9920072216264E-16,5.76238239360661E-31,
1.));
#4750=DIRECTION('ref_axis',(1.,7.03138752036819E-16,-7.03138752036819E-16));
#4751=DIRECTION('center_axis',(-1.,-6.41386058596312E-16,1.10942453378822E-15));
#4752=DIRECTION('ref_axis',(5.82881249197324E-16,-1.,0.));
#4753=DIRECTION('center_axis',(3.93386111087654E-16,-1.57354444435062E-15,
1.));
#4754=DIRECTION('ref_axis',(3.4738331048638E-14,1.,1.49714019334197E-15));
#4755=DIRECTION('center_axis',(1.,-1.11022302462516E-15,-4.44089209850063E-16));
#4756=DIRECTION('ref_axis',(-4.44089209850063E-16,0.,-1.));
#4757=DIRECTION('center_axis',(-4.25245281062382E-15,2.98265264480046E-16,
-1.));
#4758=DIRECTION('ref_axis',(0.813826036051076,0.581108581114917,-3.30933814390941E-15));
#4759=DIRECTION('center_axis',(-4.25245281062382E-15,2.98265264480046E-16,
-1.));
#4760=DIRECTION('ref_axis',(0.813826036051076,0.581108581114917,-3.30933814390941E-15));
#4761=DIRECTION('',(-4.7476839483495E-16,-0.0279423270369957,-0.999609536949182));
#4762=DIRECTION('center_axis',(-3.93386111087654E-16,1.57354444435062E-15,
-1.));
#4763=DIRECTION('ref_axis',(3.4738331048638E-14,1.,1.49714019334197E-15));
#4764=DIRECTION('center_axis',(-3.93386111087654E-16,1.57354444435062E-15,
-1.));
#4765=DIRECTION('ref_axis',(3.4738331048638E-14,1.,1.49714019334197E-15));
#4766=DIRECTION('',(4.72664590653472E-16,0.0265228568235111,0.999648207153856));
#4767=DIRECTION('center_axis',(-1.,4.47309720781989E-16,4.23369200514784E-15));
#4768=DIRECTION('ref_axis',(3.88245937228029E-16,1.,2.01604381197516E-16));
#4769=DIRECTION('center_axis',(1.,-1.11022302462516E-15,-4.44089209850063E-16));
#4770=DIRECTION('ref_axis',(-4.44089209850063E-16,0.,-1.));
#4771=DIRECTION('center_axis',(3.93386111087654E-16,-1.57354444435062E-15,
1.));
#4772=DIRECTION('ref_axis',(8.54930408692015E-14,1.,1.57354444435058E-15));
#4773=DIRECTION('center_axis',(-3.60822483003176E-15,5.55111512312578E-16,
-1.));
#4774=DIRECTION('ref_axis',(8.54930408692015E-14,1.,1.57354444435058E-15));
#4775=DIRECTION('',(-3.93386111087654E-16,1.57354444435062E-15,-1.));
#4776=DIRECTION('',(3.93386111087654E-16,-1.57354444435062E-15,1.));
#4777=DIRECTION('center_axis',(-1.,1.11022302462516E-15,4.44089209850063E-16));
#4778=DIRECTION('ref_axis',(-2.77555756156289E-16,-0.496973961027555,0.867765453368928));
#4779=DIRECTION('',(-1.11022302462516E-15,-1.,-5.55111512312574E-16));
#4780=DIRECTION('',(-1.19348975147204E-15,-1.,-1.55431223447522E-15));
#4781=DIRECTION('',(1.11022302462516E-15,1.,5.55111512312574E-16));
#4782=DIRECTION('center_axis',(-3.60822483003176E-15,5.55111512312578E-16,
-1.));
#4783=DIRECTION('ref_axis',(1.,-3.88578058618805E-16,-3.60822483003176E-15));
#4784=DIRECTION('',(-1.11022302462516E-15,-1.,-5.55111512312574E-16));
#4785=DIRECTION('center_axis',(-1.,1.11022302462516E-15,4.44089209850063E-16));
#4786=DIRECTION('ref_axis',(-2.77555756156289E-16,-0.496973961027555,0.867765453368928));
#4787=DIRECTION('',(1.11022302462516E-15,1.,5.55111512312574E-16));
#4788=DIRECTION('',(-1.19348975147204E-15,-1.,-1.55431223447522E-15));
#4789=DIRECTION('',(3.33066907387547E-16,-1.55431223447522E-15,1.));
#4790=DIRECTION('center_axis',(-3.60822483003176E-15,5.55111512312578E-16,
-1.));
#4791=DIRECTION('ref_axis',(-1.,0.,3.60822483003176E-15));
#4792=DIRECTION('center_axis',(-9.20475311971791E-16,-0.499999999999999,
-0.866025403784439));
#4793=DIRECTION('ref_axis',(-1.58829390315848E-16,-0.866025403784439,0.499999999999999));
#4794=DIRECTION('',(-1.,9.32467506503539E-16,5.2451297240824E-16));
#4795=DIRECTION('',(-1.,9.32467506503539E-16,5.2451297240824E-16));
#4796=DIRECTION('',(4.07621885014794E-7,-0.866025403784367,0.499999999999957));
#4797=DIRECTION('',(0.999999999999917,3.53010908343963E-7,-2.03810943187949E-7));
#4798=DIRECTION('',(-4.07621885014794E-7,0.866025403784367,-0.499999999999957));
#4799=DIRECTION('',(-0.707106925302636,0.612372310887577,-0.353553318535213));
#4800=DIRECTION('center_axis',(-5.45284062631476E-16,-0.866025403784439,
0.5));
#4801=DIRECTION('ref_axis',(6.68588997169148E-16,0.5,0.866025403784439));
#4802=DIRECTION('',(7.97665431868663E-16,0.5,0.866025403784439));
#4803=DIRECTION('center_axis',(9.20475311971793E-16,0.500000000000001,0.866025403784438));
#4804=DIRECTION('ref_axis',(1.58829390315846E-16,0.866025403784438,-0.500000000000001));
#4805=DIRECTION('',(-4.07621885014794E-7,0.866025403784366,-0.499999999999959));
#4806=DIRECTION('center_axis',(4.07621886032866E-7,-0.866025403784366,0.49999999999996));
#4807=DIRECTION('ref_axis',(-7.97664760181615E-16,-0.500000000000001,-0.866025403784438));
#4808=DIRECTION('',(7.97664743654327E-16,0.500000000000001,0.866025403784438));
#4809=DIRECTION('',(-0.999999999999917,-3.53010906945256E-7,2.03810943275368E-7));
#4810=DIRECTION('',(7.97664398660075E-16,0.500000000000002,0.866025403784437));
#4811=DIRECTION('',(-0.999999999999917,-3.53010906945256E-7,2.03810943275368E-7));
#4812=DIRECTION('center_axis',(-4.07621886032866E-7,0.866025403784367,-0.499999999999958));
#4813=DIRECTION('ref_axis',(7.97665775975731E-16,0.499999999999999,0.866025403784439));
#4814=DIRECTION('',(-7.97665775975731E-16,-0.499999999999999,-0.866025403784439));
#4815=DIRECTION('',(0.999999999999917,3.53010908343963E-7,-2.03810943187949E-7));
#4816=DIRECTION('',(7.97665753052229E-16,0.499999999999999,0.866025403784439));
#4817=DIRECTION('',(-7.97665775975731E-16,-0.499999999999999,-0.866025403784439));
#4818=DIRECTION('',(-0.999999999999917,-3.5301090764461E-7,2.03810943275368E-7));
#4819=DIRECTION('',(-0.999999999999917,-3.5301090764461E-7,2.03810943275368E-7));
#4820=DIRECTION('center_axis',(1.98049035032044E-16,0.500000000000001,0.866025403784438));
#4821=DIRECTION('ref_axis',(4.07621885014794E-7,-0.866025403784366,0.499999999999959));
#4822=DIRECTION('',(-4.07621885014794E-7,0.866025403784366,-0.499999999999959));
#4823=DIRECTION('',(-1.,5.71254368033666E-16,-1.01126535782995E-16));
#4824=DIRECTION('',(0.707106925302636,-0.612372310887575,0.353553318535215));
#4825=DIRECTION('',(4.07621885014794E-7,-0.866025403784366,0.499999999999959));
#4826=DIRECTION('center_axis',(0.999999999999917,3.53010908343963E-7,-2.03810943187949E-7));
#4827=DIRECTION('ref_axis',(-2.03810943187962E-7,0.,-0.999999999999979));
#4828=DIRECTION('',(1.98050093823244E-16,0.499999999999998,0.86602540378444));
#4829=DIRECTION('center_axis',(5.45284062631477E-16,0.86602540378444,-0.499999999999998));
#4830=DIRECTION('ref_axis',(-6.68588997169147E-16,-0.499999999999998,-0.86602540378444));
#4831=DIRECTION('',(-1.98050093823244E-16,-0.499999999999998,-0.86602540378444));
#4832=DIRECTION('',(-7.97666067143373E-16,-0.499999999999998,-0.86602540378444));
#4833=DIRECTION('center_axis',(0.70710663707043,0.612372560503989,-0.353553462651317));
#4834=DIRECTION('ref_axis',(-0.447213741335211,0.,-0.894427118082274));
#4835=DIRECTION('center_axis',(4.07621885470918E-7,-0.866025403784367,0.499999999999958));
#4836=DIRECTION('ref_axis',(7.97665300327861E-16,0.5,0.866025403784439));
#4837=DIRECTION('',(5.94603682324481E-16,0.5,0.866025403784439));
#4838=DIRECTION('',(-0.999999999999917,-3.5301090764461E-7,2.03810943275368E-7));
#4839=DIRECTION('',(-0.999999999999917,-3.5301090764461E-7,2.03810943275368E-7));
#4840=DIRECTION('center_axis',(-0.999999999999917,-3.53010906945256E-7,
2.03810943275368E-7));
#4841=DIRECTION('ref_axis',(2.03810943275381E-7,0.,0.999999999999979));
#4842=DIRECTION('',(-4.07621885014794E-7,0.866025403784367,-0.499999999999959));
#4843=DIRECTION('',(-7.97656816402288E-16,-0.500000000000018,-0.866025403784428));
#4844=DIRECTION('',(4.07621885014794E-7,-0.866025403784366,0.499999999999959));
#4845=DIRECTION('center_axis',(9.73109539818587E-16,0.5,0.866025403784439));
#4846=DIRECTION('ref_axis',(-4.07621885014794E-7,0.866025403784367,-0.499999999999959));
#4847=DIRECTION('',(4.07621885014794E-7,-0.866025403784365,0.499999999999962));
#4848=DIRECTION('',(-4.07621885014794E-7,0.866025403784365,-0.499999999999962));
#4849=DIRECTION('center_axis',(9.73109539818587E-16,0.5,0.866025403784439));
#4850=DIRECTION('ref_axis',(0.707107069418686,-0.612372186079333,0.353553246477156));
#4851=DIRECTION('',(-0.999999999999917,-3.53010906945256E-7,2.03810943275368E-7));
#4852=DIRECTION('center_axis',(-9.73109248651011E-16,-0.500000000000001,
-0.866025403784438));
#4853=DIRECTION('ref_axis',(4.07621885014794E-7,-0.866025403784366,0.499999999999959));
#4854=DIRECTION('',(-4.07621885014794E-7,0.866025403784366,-0.499999999999959));
#4855=DIRECTION('',(-0.999999999999917,-3.53010906945256E-7,2.03810943275368E-7));
#4856=DIRECTION('center_axis',(-9.73109248651011E-16,-0.500000000000001,
-0.866025403784438));
#4857=DIRECTION('ref_axis',(0.707107069418686,-0.612372186079333,0.353553246477156));
#4858=DIRECTION('',(4.07621885014794E-7,-0.866025403784367,0.499999999999958));
#4859=DIRECTION('center_axis',(0.999999999999917,3.53010907162478E-7,-2.03810943198195E-7));
#4860=DIRECTION('ref_axis',(-2.03810943198208E-7,0.,-0.999999999999979));
#4861=DIRECTION('center_axis',(-4.07621884865261E-7,0.866025403784356,-0.499999999999977));
#4862=DIRECTION('ref_axis',(-7.97656839325789E-16,-0.500000000000018,-0.866025403784428));
#4863=DIRECTION('',(5.94595136427889E-16,0.500000000000018,0.866025403784428));
#4864=DIRECTION('center_axis',(-0.999999999999917,-3.53010908074981E-7,
2.03810943490554E-7));
#4865=DIRECTION('ref_axis',(2.03810943490566E-7,0.,0.999999999999979));
#4866=DIRECTION('',(-5.94595185525229E-16,-0.500000000000018,-0.866025403784428));
#4867=DIRECTION('center_axis',(-5.94595159055449E-16,-0.500000000000018,
-0.866025403784428));
#4868=DIRECTION('ref_axis',(0.707107069418686,-0.612372186079333,0.353553246477156));
#4869=DIRECTION('center_axis',(1.,0.,-1.38777878078145E-15));
#4870=DIRECTION('ref_axis',(-1.38777878078145E-15,0.,-1.));
#4871=DIRECTION('center_axis',(-1.,0.,1.38777878078145E-15));
#4872=DIRECTION('ref_axis',(-1.38777878078145E-15,1.27651332555775E-15,
-1.));
#4873=DIRECTION('center_axis',(-1.,0.,1.26882631385732E-15));
#4874=DIRECTION('ref_axis',(-1.26882631385732E-15,1.27651332555775E-15,
-1.));
#4875=DIRECTION('',(-1.,0.,1.26882631385732E-15));
#4876=DIRECTION('center_axis',(-1.,1.11022302462516E-15,4.44089209850063E-16));
#4877=DIRECTION('ref_axis',(-2.77555756156289E-16,-0.496973961027555,0.867765453368928));
#4878=DIRECTION('',(-1.14770002406187E-15,-0.997332458542736,-0.0729929252537701));
#4879=DIRECTION('center_axis',(-3.93386111087654E-16,1.57354444435062E-15,
-1.));
#4880=DIRECTION('ref_axis',(3.4738331048638E-14,1.,1.49714019334197E-15));
#4881=DIRECTION('center_axis',(0.,1.,1.58324713537268E-15));
#4882=DIRECTION('ref_axis',(-1.38777878078145E-15,1.58324713537268E-15,
-1.));
#4883=DIRECTION('',(1.,0.,0.));
#4884=DIRECTION('center_axis',(0.,-1.,-9.69779515742812E-16));
#4885=DIRECTION('ref_axis',(1.38777878078145E-15,-9.69779515742812E-16,
1.));
#4886=DIRECTION('',(-1.,0.,0.));
#4887=DIRECTION('center_axis',(-1.13797860024079E-15,-1.,-1.55431223447522E-15));
#4888=DIRECTION('ref_axis',(-3.33066907387547E-16,1.55431223447522E-15,
-1.));
#4889=DIRECTION('',(1.,-1.08246744900953E-15,-4.9960036108132E-16));
#4890=DIRECTION('center_axis',(-3.88578058618805E-16,1.60982338570648E-15,
-1.));
#4891=DIRECTION('ref_axis',(1.19348975147204E-15,1.,1.55431223447522E-15));
#4892=DIRECTION('center_axis',(0.,1.,1.22539102392193E-15));
#4893=DIRECTION('ref_axis',(0.,1.22539102392193E-15,-1.));
#4894=DIRECTION('center_axis',(0.,-1.,-6.63045705927876E-16));
#4895=DIRECTION('ref_axis',(0.,-6.63045705927876E-16,1.));
#4896=DIRECTION('center_axis',(-1.,0.,0.));
#4897=DIRECTION('ref_axis',(0.,-0.707106781186546,-0.707106781186549));
#4898=DIRECTION('',(1.,0.,0.));
#4899=DIRECTION('center_axis',(0.,1.27651332555775E-15,-1.));
#4900=DIRECTION('ref_axis',(-1.7715181065938E-30,-1.,-1.27651332555775E-15));
#4901=DIRECTION('',(-1.,0.,0.));
#4902=DIRECTION('center_axis',(0.,-1.27651332555775E-15,1.));
#4903=DIRECTION('ref_axis',(-1.,0.,0.));
#4904=DIRECTION('center_axis',(0.,-1.27651332555775E-15,1.));
#4905=DIRECTION('ref_axis',(-1.,0.,0.));
#4906=DIRECTION('center_axis',(-1.,0.,0.));
#4907=DIRECTION('ref_axis',(0.,0.70710678118655,-0.707106781186546));
#4908=DIRECTION('center_axis',(0.,7.92216447975742E-16,-1.));
#4909=DIRECTION('ref_axis',(-1.08439117387643E-30,-1.,-7.92216447975742E-16));
#4910=DIRECTION('center_axis',(0.,-1.2950983081075E-15,1.));
#4911=DIRECTION('ref_axis',(-1.,0.,0.));
#4912=DIRECTION('',(0.,-1.2950983081075E-15,1.));
#4913=DIRECTION('center_axis',(0.,-1.26101677368362E-15,1.));
#4914=DIRECTION('ref_axis',(-1.,0.,0.));
#4915=DIRECTION('',(0.,-1.26101677368362E-15,1.));
#4916=DIRECTION('center_axis',(0.,-1.26101677368362E-15,1.));
#4917=DIRECTION('ref_axis',(-1.,0.,0.));
#4918=DIRECTION('',(0.,-1.26101677368362E-15,1.));
#4919=DIRECTION('center_axis',(-1.87442619750097E-15,-0.5,-0.866025403784439));
#4920=DIRECTION('ref_axis',(0.999999999999917,3.53010907675844E-7,-2.03810944737923E-7));
#4921=DIRECTION('center_axis',(-1.87442619750097E-15,-0.5,-0.866025403784439));
#4922=DIRECTION('ref_axis',(1.,-1.2490009027033E-15,-1.4432899320127E-15));
#4923=DIRECTION('center_axis',(1.87442619750097E-15,0.5,0.866025403784439));
#4924=DIRECTION('ref_axis',(1.,-1.2490009027033E-15,-1.4432899320127E-15));
#4925=DIRECTION('center_axis',(1.87442619750097E-15,0.5,0.866025403784439));
#4926=DIRECTION('ref_axis',(1.,-1.2490009027033E-15,-1.4432899320127E-15));
#4927=DIRECTION('center_axis',(-1.87442619750097E-15,-0.5,-0.866025403784439));
#4928=DIRECTION('ref_axis',(0.999999999999917,3.53010906694544E-7,-2.0381094417137E-7));
#4929=DIRECTION('',(-1.87442619750097E-15,-0.5,-0.866025403784439));
#4930=DIRECTION('',(1.87442619750097E-15,0.5,0.866025403784439));
#4931=DIRECTION('center_axis',(-0.999999999999917,-3.53010906945256E-7,
2.03810943275368E-7));
#4932=DIRECTION('ref_axis',(2.03810943275381E-7,0.,0.999999999999979));
#4933=DIRECTION('center_axis',(-1.,-2.22044604925035E-16,2.77555756156289E-15));
#4934=DIRECTION('ref_axis',(-2.22044604925031E-16,1.,1.22124532708767E-15));
#4935=CARTESIAN_POINT('',(0.,0.,0.));
#4936=CARTESIAN_POINT('Origin',(0.305705798245405,3.86470456308286,-1.02028126378861));
#4937=CARTESIAN_POINT('',(0.30570595627494,3.55383313453456,-0.78335320904852));
#4938=CARTESIAN_POINT('',(0.305705640215869,4.22532599163117,-1.17103979085215));
#4939=CARTESIAN_POINT('',(0.305706142302718,3.15860219414967,-0.555166519225232));
#4940=CARTESIAN_POINT('',(0.305705640215869,4.17557599163117,-1.25720931852871));
#4941=CARTESIAN_POINT('',(0.30570564021587,4.25930590167173,-1.11218486022527));
#4942=CARTESIAN_POINT('',(0.30570595627494,3.50408313453456,-0.869522736725071));
#4943=CARTESIAN_POINT('',(0.305705640215869,4.17557599163117,-1.25720931852871));
#4944=CARTESIAN_POINT('',(0.30570595627494,3.50408313453456,-0.869522736725071));
#4945=CARTESIAN_POINT('Origin',(1.32678304674642,2.98450004586742,-7.15691331262027));
#4946=CARTESIAN_POINT('',(1.30570663924548,3.03447784319684,-7.10693551529085));
#4947=CARTESIAN_POINT('',(1.30570663924548,3.07825004586742,-7.06316331262027));
#4948=CARTESIAN_POINT('',(1.30570663924548,3.65792473534229,-6.48348862314541));
#4949=CARTESIAN_POINT('',(1.54801226924924,3.07825004586742,-7.06316331262027));
#4950=CARTESIAN_POINT('',(1.32678304674642,3.07825004586742,-7.06316331262027));
#4951=CARTESIAN_POINT('',(1.54801226924924,2.89075004586742,-7.25066331262027));
#4952=CARTESIAN_POINT('',(1.54801226924924,2.66431213195,-7.47710122653769));
#4953=CARTESIAN_POINT('',(1.14770663924547,2.89075004586742,-7.25066331262027));
#4954=CARTESIAN_POINT('',(1.32678304674642,2.89075004586742,-7.25066331262027));
#4955=CARTESIAN_POINT('',(1.14770663924547,3.03447784319683,-7.10693551529085));
#4956=CARTESIAN_POINT('',(1.14770663924547,2.75020482709412,-7.39120853139356));
#4957=CARTESIAN_POINT('',(0.566244842995952,3.03447784319684,-7.10693551529085));
#4958=CARTESIAN_POINT('Origin',(1.30570663924548,3.07825004586742,-5.36730543430293));
#4959=CARTESIAN_POINT('',(1.54801226924924,3.07825004586742,-8.28266331262027));
#4960=CARTESIAN_POINT('',(1.54801226924924,3.07825004586742,-6.8249843734616));
#4961=CARTESIAN_POINT('',(1.30570663924548,3.07825004586742,-5.36730543430293));
#4962=CARTESIAN_POINT('',(1.30570663924548,3.07825004586742,-4.64855543430293));
#4963=CARTESIAN_POINT('',(1.75570663924548,3.07825004586742,-5.36730543430293));
#4964=CARTESIAN_POINT('',(1.55570663924548,3.07825004586742,-5.36730543430293));
#4965=CARTESIAN_POINT('',(1.75570663924547,3.07825004586742,-8.28266331262027));
#4966=CARTESIAN_POINT('',(1.75570663924547,3.07825004586742,-8.28266331262027));
#4967=CARTESIAN_POINT('',(1.43070663924548,3.07825004586742,-8.28266331262027));
#4968=CARTESIAN_POINT('',(1.45196648176516,3.07825004586742,-5.67980543430293));
#4969=CARTESIAN_POINT('Origin',(1.53070663924548,3.07825004586742,-5.67980543430293));
#4970=CARTESIAN_POINT('',(1.45196648176516,3.07825004586742,-6.80480543430293));
#4971=CARTESIAN_POINT('Origin',(1.53070663924548,3.07825004586742,-6.80480543430293));
#4972=CARTESIAN_POINT('Origin',(1.30570663924548,2.45109092544955,-3.92980543430293));
#4973=CARTESIAN_POINT('',(1.30570663924548,3.03447784319683,-6.07740542135722));
#4974=CARTESIAN_POINT('',(1.30570663924548,3.03447784319683,-5.71512324042737));
#4975=CARTESIAN_POINT('',(1.30570663924548,0.916133095140481,-6.07740542135723));
#4976=CARTESIAN_POINT('',(1.30570663924548,2.74278438432319,-6.07740542135722));
#4977=CARTESIAN_POINT('',(1.30570663924548,0.916133095140481,-7.09249418269061));
#4978=CARTESIAN_POINT('',(1.30570663924548,0.916133095140477,-5.00360542783008));
#4979=CARTESIAN_POINT('',(1.30570663924548,0.886802225070146,-7.06316331262027));
#4980=CARTESIAN_POINT('',(1.30570663924548,0.541409930585662,-6.71777101813579));
#4981=CARTESIAN_POINT('',(1.30570663924548,0.886802225070143,-1.34178241764541));
#4982=CARTESIAN_POINT('',(1.30570663924548,0.886802225070146,-7.1629728213356));
#4983=CARTESIAN_POINT('',(1.30570663924549,3.51170674970221,-0.285312782072552));
#4984=CARTESIAN_POINT('',(1.30570663924548,1.11170231307251,-1.25126479623003));
#4985=CARTESIAN_POINT('',(1.30570663924549,4.76248634631089,-1.00896628413469));
#4986=CARTESIAN_POINT('',(1.30570663924549,4.31525457419946,-0.750214990941703));
#4987=CARTESIAN_POINT('',(1.30570663924549,4.21069993875975,-0.729582733397446));
#4988=CARTESIAN_POINT('',(1.30570663924549,4.15528034926755,-0.701522379824313));
#4989=CARTESIAN_POINT('',(1.30570663924549,3.55255872705091,-0.349604727652557));
#4990=CARTESIAN_POINT('',(1.30570663924549,3.91464449210196,-0.558655041574511));
#4991=CARTESIAN_POINT('',(1.30570663924548,2.71398892277689,-0.687111683509533));
#4992=CARTESIAN_POINT('',(1.30570663924548,2.03927761568333,-0.958668992368958));
#4993=CARTESIAN_POINT('',(1.30570663924548,2.76261508490374,-0.807928249063777));
#4994=CARTESIAN_POINT('',(1.30570663924548,3.2815643122702,-2.09730953282393));
#4995=CARTESIAN_POINT('',(1.30570663924548,3.44697013510944,-0.53248953359484));
#4996=CARTESIAN_POINT('',(1.30570663924548,2.43008130291303,-0.941766200188736));
#4997=CARTESIAN_POINT('',(1.30570663924548,3.29379894624531,-0.797789814963237));
#4998=CARTESIAN_POINT('',(1.30570663924548,2.51035917079638,-2.15474731071113));
#4999=CARTESIAN_POINT('',(1.30570663924548,3.95194015795416,-1.17776782070813));
#5000=CARTESIAN_POINT('',(1.30570663924548,3.98495531715078,-1.19682913175763));
#5001=CARTESIAN_POINT('',(1.30570663924549,4.16062448399861,-0.81631596525584));
#5002=CARTESIAN_POINT('',(1.30570663924548,3.29788027290803,-2.31063277280068));
#5003=CARTESIAN_POINT('',(1.30570663924549,4.7123833470166,-1.09568556949246));
#5004=CARTESIAN_POINT('',(1.30570663924549,4.38353592312324,-0.929181720030373));
#5005=CARTESIAN_POINT('',(1.30570663924549,4.74548967318029,-1.03834373052499));
#5006=CARTESIAN_POINT('',(1.30570663924548,3.83267000732857,-2.61939376992823));
#5007=CARTESIAN_POINT('',(1.30570663924548,3.8396099339117,-2.60408740706301));
#5008=CARTESIAN_POINT('',(1.30570663924549,4.8610662631327,-1.06600087458893));
#5009=CARTESIAN_POINT('',(1.30570663924549,4.31525457419946,-0.750214990941703));
#5010=CARTESIAN_POINT('',(1.30570663924548,4.31525457419945,-1.90611161140651));
#5011=CARTESIAN_POINT('',(1.30570663924549,4.8610662631327,-1.06600087458893));
#5012=CARTESIAN_POINT('',(1.30570663924548,4.31525457419946,-5.36730543430293));
#5013=CARTESIAN_POINT('',(1.30570663924548,4.31525457419946,-2.34001021262232));
#5014=CARTESIAN_POINT('',(1.30570663924548,3.38317274982451,-5.36730543430293));
#5015=CARTESIAN_POINT('',(1.30570663924548,4.13995661884532,-3.78241605245547));
#5016=CARTESIAN_POINT('Origin',(1.30570663924548,4.13995661884532,-3.64265227292791));
#5017=CARTESIAN_POINT('',(1.30570663924548,2.13995661884532,-5.78241605245547));
#5018=CARTESIAN_POINT('Origin',(1.30570663924548,2.13995661884532,-5.64265227292791));
#5019=CARTESIAN_POINT('',(1.30570663924548,3.13995661884532,-3.78241605245547));
#5020=CARTESIAN_POINT('Origin',(1.30570663924548,3.13995661884532,-3.64265227292791));
#5021=CARTESIAN_POINT('',(1.30570663924548,2.13995661884532,-3.78241605245547));
#5022=CARTESIAN_POINT('Origin',(1.30570663924548,2.13995661884532,-3.64265227292791));
#5023=CARTESIAN_POINT('',(1.30570663924548,2.13995661884532,-4.78241605245547));
#5024=CARTESIAN_POINT('Origin',(1.30570663924548,2.13995661884532,-4.64265227292791));
#5025=CARTESIAN_POINT('',(1.30570663924548,3.13995661884532,-1.78241605245547));
#5026=CARTESIAN_POINT('Origin',(1.30570663924548,3.13995661884532,-1.64265227292791));
#5027=CARTESIAN_POINT('',(1.30570663924548,4.30984158549457,-5.22039653919366));
#5028=CARTESIAN_POINT('',(1.30570663924548,4.30984158549457,-4.36327743006462));
#5029=CARTESIAN_POINT('',(1.30570663924548,4.30984158549457,-4.28064211110416));
#5030=CARTESIAN_POINT('',(1.30570663924548,2.70307462733001,-4.36327743006462));
#5031=CARTESIAN_POINT('',(1.30570663924548,2.57708277638978,-4.36327743006462));
#5032=CARTESIAN_POINT('',(1.30570663924548,2.70307462733001,-5.22039653919366));
#5033=CARTESIAN_POINT('',(1.30570663924548,2.70307462733001,-4.5751009867483));
#5034=CARTESIAN_POINT('',(1.30570663924548,3.38046625547206,-5.22039653919366));
#5035=CARTESIAN_POINT('',(1.30570663924548,4.08239838082261,-1.98136656829264));
#5036=CARTESIAN_POINT('',(1.30570663924548,2.93080916660226,-1.98136656829264));
#5037=CARTESIAN_POINT('',(1.30570663924548,2.6909500460259,-1.98136656829264));
#5038=CARTESIAN_POINT('',(1.30570663924548,2.93080916660226,-2.98136656829264));
#5039=CARTESIAN_POINT('',(1.30570663924548,2.93080916660226,-3.45558600129778));
#5040=CARTESIAN_POINT('',(1.30570663924548,4.08239838082261,-2.98136656829263));
#5041=CARTESIAN_POINT('',(1.30570663924548,3.26674465313608,-2.98136656829264));
#5042=CARTESIAN_POINT('',(1.30570663924548,4.08239838082261,-2.95558600129778));
#5043=CARTESIAN_POINT('Origin',(1.32678304674642,0.980552225070147,-7.15691331262027));
#5044=CARTESIAN_POINT('',(1.14770663924547,0.916133095140481,-7.09249418269061));
#5045=CARTESIAN_POINT('',(0.56624484299595,0.916133095140482,-7.09249418269061));
#5046=CARTESIAN_POINT('',(1.14770663924547,1.07430222507015,-7.25066331262027));
#5047=CARTESIAN_POINT('',(1.14770663924547,1.29712980583751,-7.47349089338763));
#5048=CARTESIAN_POINT('',(1.54801226924924,1.07430222507015,-7.25066331262027));
#5049=CARTESIAN_POINT('',(1.32678304674642,1.07430222507015,-7.25066331262027));
#5050=CARTESIAN_POINT('',(1.54801226924925,0.886802225070146,-7.06316331262027));
#5051=CARTESIAN_POINT('',(1.54801226924924,1.21123711069338,-7.38759819824351));
#5052=CARTESIAN_POINT('',(1.32678304674642,0.886802225070147,-7.06316331262027));
#5053=CARTESIAN_POINT('Origin',(1.30570663924548,0.886802225070149,-10.3961402083683));
#5054=CARTESIAN_POINT('',(1.54801226924925,0.886802225070147,-8.28266331262027));
#5055=CARTESIAN_POINT('',(1.54801226924925,0.886802225070148,-9.33940176049427));
#5056=CARTESIAN_POINT('',(1.75570663924547,0.886802225070147,-8.28266331262027));
#5057=CARTESIAN_POINT('',(1.43070663924548,0.886802225070147,-8.28266331262027));
#5058=CARTESIAN_POINT('',(1.75570663924548,0.886802225070143,-1.34178241764541));
#5059=CARTESIAN_POINT('',(1.75570663924548,0.886802225070143,-1.34178241764541));
#5060=CARTESIAN_POINT('',(1.55570663924548,0.886802225070143,-1.34178241764541));
#5061=CARTESIAN_POINT('',(1.46431094070093,0.886802225070148,-5.91320936140169));
#5062=CARTESIAN_POINT('Origin',(1.54305109818125,0.886802225070148,-5.91320936140169));
#5063=CARTESIAN_POINT('',(1.45874145885948,0.886802225070148,-3.85070670452199));
#5064=CARTESIAN_POINT('Origin',(1.5374816163398,0.886802225070148,-3.85070670452199));
#5065=CARTESIAN_POINT('',(1.45300320484102,0.886802225070148,-1.72570396713079));
#5066=CARTESIAN_POINT('Origin',(1.53174336232134,0.886802225070148,-1.72570396713079));
#5067=CARTESIAN_POINT('Origin',(0.647706639245472,2.80343046916866,-9.5186013279611));
#5068=CARTESIAN_POINT('',(0.397706639245472,3.63155546916865,-9.76860132796109));
#5069=CARTESIAN_POINT('',(0.897706639245472,3.63155546916865,-9.26860132796109));
#5070=CARTESIAN_POINT('',(0.371191143080682,3.63155546916865,-9.79511682412588));
#5071=CARTESIAN_POINT('',(0.897706639245472,3.78903578412928,-9.26860132796109));
#5072=CARTESIAN_POINT('',(0.897706639245472,2.80343046916865,-9.26860132796109));
#5073=CARTESIAN_POINT('',(0.397706639245472,3.78903578412928,-9.76860132796109));
#5074=CARTESIAN_POINT('',(1.18369114308068,3.78903578412928,-8.98261682412589));
#5075=CARTESIAN_POINT('',(0.397706639245472,2.80343046916866,-9.76860132796109));
#5076=CARTESIAN_POINT('Origin',(0.897706639245472,1.97530546916866,-9.99266331262026));
#5077=CARTESIAN_POINT('',(0.897706639245472,3.63155546916865,-8.43266331262027));
#5078=CARTESIAN_POINT('',(0.897706639245472,3.63155546916865,-11.7026633126203));
#5079=CARTESIAN_POINT('',(0.897706639245472,2.57163863572001,-8.43266331262027));
#5080=CARTESIAN_POINT('',(0.897706639245472,3.78903578412928,-8.43266331262027));
#5081=CARTESIAN_POINT('',(0.897706639245472,2.57163863572001,-9.08493889400459));
#5082=CARTESIAN_POINT('',(0.897706639245472,2.57163863572001,-9.53880110331242));
#5083=CARTESIAN_POINT('',(0.897706639245472,1.38739371564119,-9.08493889400459));
#5084=CARTESIAN_POINT('',(0.897706639245472,3.07825004586742,-9.08493889400459));
#5085=CARTESIAN_POINT('',(0.897706639245472,1.38739371564119,-8.43266331262027));
#5086=CARTESIAN_POINT('',(0.897706639245472,1.38739371564119,-9.53880110331242));
#5087=CARTESIAN_POINT('',(0.897706639245472,0.319055469168668,-8.43266331262027));
#5088=CARTESIAN_POINT('',(0.897706639245472,3.78903578412928,-8.43266331262027));
#5089=CARTESIAN_POINT('',(0.897706639245472,0.319055469168672,-11.4326633126203));
#5090=CARTESIAN_POINT('',(0.897706639245472,0.319055469168668,-8.28266331262027));
#5091=CARTESIAN_POINT('',(0.897706639245472,3.63155546916865,-11.4326633126203));
#5092=CARTESIAN_POINT('',(0.897706639245472,0.161575154208042,-11.4326633126203));
#5093=CARTESIAN_POINT('',(0.897706639245472,3.63155546916865,-11.1796013279611));
#5094=CARTESIAN_POINT('',(0.897706639245472,3.63155546916865,-11.7026633126203));
#5095=CARTESIAN_POINT('',(0.897706639245472,3.78903578412928,-11.1796013279611));
#5096=CARTESIAN_POINT('',(0.897706639245472,2.88217062664897,-11.1796013279611));
#5097=CARTESIAN_POINT('',(0.897706639245472,3.78903578412928,-11.2026633126203));
#5098=CARTESIAN_POINT('',(0.897706639245472,3.78903578412928,-8.28266331262027));
#5099=CARTESIAN_POINT('',(0.897706639245472,3.28903578412928,-11.7026633126203));
#5100=CARTESIAN_POINT('Origin',(0.897706639245472,3.28903578412928,-11.2026633126203));
#5101=CARTESIAN_POINT('',(0.897706639245472,0.661575154208042,-11.7026633126203));
#5102=CARTESIAN_POINT('',(0.897706639245472,3.78903578412928,-11.7026633126203));
#5103=CARTESIAN_POINT('',(0.897706639245472,0.161575154208042,-11.2026633126203));
#5104=CARTESIAN_POINT('Origin',(0.897706639245472,0.661575154208042,-11.2026633126203));
#5105=CARTESIAN_POINT('',(0.897706639245472,0.161575154208039,-8.28266331262027));
#5106=CARTESIAN_POINT('',(0.897706639245472,0.161575154208042,-11.7026633126203));
#5107=CARTESIAN_POINT('',(0.897706639245472,3.78903578412928,-8.28266331262027));
#5108=CARTESIAN_POINT('',(0.897706639245472,3.07825004586742,-8.28266331262027));
#5109=CARTESIAN_POINT('',(0.897706639245472,3.78903578412928,-8.28266331262027));
#5110=CARTESIAN_POINT('',(0.897706639245472,1.40254176756309,-8.78111161140652));
#5111=CARTESIAN_POINT('',(0.897706639245472,2.54806917077423,-8.78111161140652));
#5112=CARTESIAN_POINT('',(0.897706639245472,2.26168731997145,-8.78111161140652));
#5113=CARTESIAN_POINT('',(0.897706639245472,1.40254176756309,-9.07453013209307));
#5114=CARTESIAN_POINT('',(0.897706639245472,1.40254176756309,-9.38688746201339));
#5115=CARTESIAN_POINT('',(0.897706639245472,2.54806917077423,-9.07453013209306));
#5116=CARTESIAN_POINT('',(0.897706639245472,1.68892361836588,-9.07453013209307));
#5117=CARTESIAN_POINT('',(0.897706639245472,2.54806917077423,-9.53359672235666));
#5118=CARTESIAN_POINT('Origin',(0.244706639245472,3.78903578412928,-10.4741013279611));
#5119=CARTESIAN_POINT('',(-0.286789423746654,3.78903578412928,-10.4741013279611));
#5120=CARTESIAN_POINT('Origin',(0.244706639245472,3.78903578412928,-10.4741013279611));
#5121=CARTESIAN_POINT('',(-0.286789423746654,3.63155546916865,-10.4741013279611));
#5122=CARTESIAN_POINT('',(-0.286789423746654,3.78903578412928,-10.4741013279611));
#5123=CARTESIAN_POINT('Origin',(0.244706639245472,3.63155546916865,-10.4741013279611));
#5124=CARTESIAN_POINT('Origin',(0.713210576253346,3.78903578412928,-10.0055973909532));
#5125=CARTESIAN_POINT('',(0.65415545814311,3.78903578412928,-10.0055973909532));
#5126=CARTESIAN_POINT('Origin',(0.713210576253346,3.78903578412928,-10.0055973909532));
#5127=CARTESIAN_POINT('',(0.65415545814311,3.63155546916865,-10.0055973909532));
#5128=CARTESIAN_POINT('',(0.65415545814311,3.78903578412928,-10.0055973909532));
#5129=CARTESIAN_POINT('Origin',(0.713210576253346,3.63155546916865,-10.0055973909532));
#5130=CARTESIAN_POINT('Origin',(-0.223797297762402,3.78903578412928,-10.942605264969));
#5131=CARTESIAN_POINT('',(-0.282852415872638,3.78903578412928,-10.942605264969));
#5132=CARTESIAN_POINT('Origin',(-0.223797297762402,3.78903578412928,-10.942605264969));
#5133=CARTESIAN_POINT('',(-0.282852415872638,3.63155546916865,-10.942605264969));
#5134=CARTESIAN_POINT('',(-0.282852415872638,3.78903578412928,-10.942605264969));
#5135=CARTESIAN_POINT('Origin',(-0.223797297762402,3.63155546916865,-10.942605264969));
#5136=CARTESIAN_POINT('Origin',(0.713210576253346,3.78903578412928,-10.942605264969));
#5137=CARTESIAN_POINT('',(0.65415545814311,3.78903578412928,-10.942605264969));
#5138=CARTESIAN_POINT('Origin',(0.713210576253346,3.78903578412928,-10.942605264969));
#5139=CARTESIAN_POINT('',(0.65415545814311,3.63155546916865,-10.942605264969));
#5140=CARTESIAN_POINT('',(0.65415545814311,3.78903578412928,-10.942605264969));
#5141=CARTESIAN_POINT('Origin',(0.713210576253346,3.63155546916865,-10.942605264969));
#5142=CARTESIAN_POINT('Origin',(-0.223797297762402,3.78903578412928,-10.0055973909532));
#5143=CARTESIAN_POINT('',(-0.282852415872638,3.78903578412928,-10.0055973909532));
#5144=CARTESIAN_POINT('Origin',(-0.223797297762402,3.78903578412928,-10.0055973909532));
#5145=CARTESIAN_POINT('',(-0.282852415872638,3.63155546916865,-10.0055973909532));
#5146=CARTESIAN_POINT('',(-0.282852415872638,3.78903578412928,-10.0055973909532));
#5147=CARTESIAN_POINT('Origin',(-0.223797297762402,3.63155546916865,-10.0055973909532));
#5148=CARTESIAN_POINT('Origin',(0.897706639245472,3.63155546916865,-9.76860132796109));
#5149=CARTESIAN_POINT('',(-0.408293360754528,3.78903578412928,-9.76860132796109));
#5150=CARTESIAN_POINT('',(0.897706639245472,3.78903578412928,-9.76860132796109));
#5151=CARTESIAN_POINT('',(-0.408293360754528,3.63155546916865,-9.76860132796109));
#5152=CARTESIAN_POINT('',(-0.408293360754528,3.63155546916865,-9.76860132796109));
#5153=CARTESIAN_POINT('',(0.897706639245472,3.63155546916865,-9.76860132796109));
#5154=CARTESIAN_POINT('Origin',(0.897706639245472,3.78903578412928,-11.1796013279611));
#5155=CARTESIAN_POINT('',(-0.408293360754528,3.63155546916865,-11.1796013279611));
#5156=CARTESIAN_POINT('',(0.897706639245472,3.63155546916865,-11.1796013279611));
#5157=CARTESIAN_POINT('',(-0.408293360754528,3.78903578412928,-11.1796013279611));
#5158=CARTESIAN_POINT('',(-0.408293360754528,3.78903578412928,-11.1796013279611));
#5159=CARTESIAN_POINT('',(0.897706639245472,3.78903578412928,-11.1796013279611));
#5160=CARTESIAN_POINT('Origin',(-0.408293360754528,3.71029562664897,-10.4741013279611));
#5161=CARTESIAN_POINT('',(-0.408293360754528,3.78903578412928,-8.28266331262027));
#5162=CARTESIAN_POINT('',(-0.408293360754528,3.63155546916865,-11.4326633126203));
#5163=CARTESIAN_POINT('Origin',(1.29370663924546,1.97530546916866,-11.7026633126203));
#5164=CARTESIAN_POINT('',(1.61120663924546,1.97530546916866,-11.9286633126203));
#5165=CARTESIAN_POINT('Origin',(1.29370663924546,1.97530546916866,-11.9286633126203));
#5166=CARTESIAN_POINT('',(1.61120663924546,1.97530546916866,-11.7026633126203));
#5167=CARTESIAN_POINT('',(1.61120663924546,1.97530546916866,-11.7026633126203));
#5168=CARTESIAN_POINT('Origin',(1.29370663924546,1.97530546916866,-11.7026633126203));
#5169=CARTESIAN_POINT('Origin',(1.29370663924546,1.97530546916866,-11.9286633126203));
#5170=CARTESIAN_POINT('',(1.46496648176515,1.97530546916866,-11.9286633126203));
#5171=CARTESIAN_POINT('Origin',(1.29370663924546,1.97530546916866,-11.9286633126203));
#5172=CARTESIAN_POINT('Origin',(1.53070663924548,3.07825004586742,-6.80480543430293));
#5173=CARTESIAN_POINT('',(1.45196648176516,2.81575004586742,-6.80480543430293));
#5174=CARTESIAN_POINT('',(1.45196648176516,3.07825004586742,-6.80480543430293));
#5175=CARTESIAN_POINT('Origin',(1.53070663924548,2.81575004586742,-6.80480543430293));
#5176=CARTESIAN_POINT('Origin',(1.53070663924548,2.81575004586742,-6.80480543430293));
#5177=CARTESIAN_POINT('Origin',(1.53070663924548,3.07825004586742,-5.67980543430293));
#5178=CARTESIAN_POINT('',(1.45196648176516,2.81575004586742,-5.67980543430293));
#5179=CARTESIAN_POINT('',(1.45196648176516,3.07825004586742,-5.67980543430293));
#5180=CARTESIAN_POINT('Origin',(1.53070663924548,2.81575004586742,-5.67980543430293));
#5181=CARTESIAN_POINT('Origin',(1.53070663924548,2.81575004586742,-5.67980543430293));
#5182=CARTESIAN_POINT('Origin',(1.53070663924548,4.31525457419946,-4.30480543430293));
#5183=CARTESIAN_POINT('',(1.45196648176517,4.31525457419946,-4.30480543430293));
#5184=CARTESIAN_POINT('Origin',(1.53070663924548,4.31525457419946,-4.30480543430293));
#5185=CARTESIAN_POINT('',(1.45196648176516,4.05275457419946,-4.30480543430293));
#5186=CARTESIAN_POINT('',(1.45196648176517,4.31525457419946,-4.30480543430293));
#5187=CARTESIAN_POINT('Origin',(1.53070663924548,4.05275457419946,-4.30480543430293));
#5188=CARTESIAN_POINT('Origin',(1.53070663924548,4.05275457419946,-4.30480543430293));
#5189=CARTESIAN_POINT('Origin',(1.53070663924548,4.31525457419946,-2.61730543430293));
#5190=CARTESIAN_POINT('',(1.45196648176517,4.31525457419946,-2.61730543430293));
#5191=CARTESIAN_POINT('Origin',(1.53070663924548,4.31525457419946,-2.61730543430293));
#5192=CARTESIAN_POINT('',(1.45196648176517,4.05275457419946,-2.61730543430293));
#5193=CARTESIAN_POINT('',(1.45196648176517,4.31525457419946,-2.61730543430293));
#5194=CARTESIAN_POINT('Origin',(1.53070663924548,4.05275457419946,-2.61730543430293));
#5195=CARTESIAN_POINT('Origin',(1.53070663924548,4.05275457419946,-2.61730543430293));
#5196=CARTESIAN_POINT('Origin',(1.53070663924548,3.1699777030563,-0.422851636528705));
#5197=CARTESIAN_POINT('',(1.45196648176517,3.1699777030563,-0.422851636528703));
#5198=CARTESIAN_POINT('Origin',(1.53070663924548,3.1699777030563,-0.422851636528703));
#5199=CARTESIAN_POINT('',(1.45196648176517,3.26798799960476,-0.666368025649609));
#5200=CARTESIAN_POINT('',(1.45196648176517,3.1699777030563,-0.422851636528705));
#5201=CARTESIAN_POINT('Origin',(1.53070663924548,3.26798799960476,-0.666368025649609));
#5202=CARTESIAN_POINT('Origin',(1.53070663924548,3.26798799960476,-0.666368025649609));
#5203=CARTESIAN_POINT('Origin',(1.53070663924548,1.60451520156477,-1.05291782862594));
#5204=CARTESIAN_POINT('',(1.45196648176517,1.60451520156477,-1.05291782862594));
#5205=CARTESIAN_POINT('Origin',(1.53070663924548,1.60451520156477,-1.05291782862594));
#5206=CARTESIAN_POINT('',(1.45196648176517,1.70252549811323,-1.29643421774684));
#5207=CARTESIAN_POINT('',(1.45196648176517,1.60451520156477,-1.05291782862594));
#5208=CARTESIAN_POINT('Origin',(1.53070663924548,1.70252549811323,-1.29643421774684));
#5209=CARTESIAN_POINT('Origin',(1.53070663924548,1.70252549811323,-1.29643421774684));
#5210=CARTESIAN_POINT('Origin',(1.53174336232134,0.886802225070143,-1.72570396713079));
#5211=CARTESIAN_POINT('',(1.45300320484102,1.14930222507014,-1.72570396713079));
#5212=CARTESIAN_POINT('',(1.45300320484102,0.886802225070143,-1.72570396713079));
#5213=CARTESIAN_POINT('Origin',(1.53174336232134,1.14930222507014,-1.72570396713079));
#5214=CARTESIAN_POINT('Origin',(1.53174336232134,1.14930222507014,-1.72570396713079));
#5215=CARTESIAN_POINT('Origin',(1.5374816163398,0.886802225070144,-3.85070670452199));
#5216=CARTESIAN_POINT('',(1.45874145885949,1.14930222507014,-3.85070670452199));
#5217=CARTESIAN_POINT('',(1.45874145885948,0.886802225070144,-3.85070670452199));
#5218=CARTESIAN_POINT('Origin',(1.5374816163398,1.14930222507014,-3.85070670452199));
#5219=CARTESIAN_POINT('Origin',(1.5374816163398,1.14930222507014,-3.85070670452199));
#5220=CARTESIAN_POINT('Origin',(1.54305109818125,0.886802225070146,-5.91320936140169));
#5221=CARTESIAN_POINT('',(1.46431094070093,1.14930222507015,-5.91320936140169));
#5222=CARTESIAN_POINT('',(1.46431094070093,0.886802225070146,-5.91320936140169));
#5223=CARTESIAN_POINT('Origin',(1.54305109818125,1.14930222507015,-5.91320936140169));
#5224=CARTESIAN_POINT('Origin',(1.54305109818125,1.14930222507015,-5.91320936140169));
#5225=CARTESIAN_POINT('Origin',(1.65096496796647,2.57163863572001,-9.08493889400459));
#5226=CARTESIAN_POINT('',(1.65096496796647,3.07825004586742,-9.08493889400459));
#5227=CARTESIAN_POINT('',(1.65096496796647,3.07825004586742,-8.43266331262027));
#5228=CARTESIAN_POINT('',(1.65096496796647,3.07825004586742,-7.22612216415376));
#5229=CARTESIAN_POINT('',(1.65096496796647,2.57163863572001,-9.08493889400459));
#5230=CARTESIAN_POINT('',(1.65096496796647,3.59221426612591,-9.08493889400459));
#5231=CARTESIAN_POINT('',(1.65096496796647,2.57163863572001,-8.43266331262027));
#5232=CARTESIAN_POINT('',(1.65096496796647,2.57163863572001,-9.08493889400459));
#5233=CARTESIAN_POINT('',(1.65096496796647,2.27609543039508,-8.43266331262027));
#5234=CARTESIAN_POINT('Origin',(0.768206639245472,2.57163863572001,-9.08493889400459));
#5235=CARTESIAN_POINT('',(0.988896221425721,2.57163863572001,-8.43266331262027));
#5236=CARTESIAN_POINT('',(1.16195663924547,2.57163863572001,-9.08493889400459));
#5237=CARTESIAN_POINT('Origin',(1.65096496796647,0.699302225070148,-9.08493889400459));
#5238=CARTESIAN_POINT('',(1.65096496796647,0.886802225070147,-8.43266331262027));
#5239=CARTESIAN_POINT('',(1.65096496796647,0.886802225070148,-9.08493889400459));
#5240=CARTESIAN_POINT('',(1.65096496796647,0.886802225070148,-9.74053955118643));
#5241=CARTESIAN_POINT('',(1.65096496796647,1.38739371564118,-8.43266331262027));
#5242=CARTESIAN_POINT('',(1.65096496796647,1.33992722507015,-8.43266331262027));
#5243=CARTESIAN_POINT('',(1.65096496796647,1.38739371564118,-9.08493889400459));
#5244=CARTESIAN_POINT('',(1.65096496796647,1.38739371564118,-9.08493889400459));
#5245=CARTESIAN_POINT('',(1.65096496796647,2.65604606080098,-9.08493889400459));
#5246=CARTESIAN_POINT('Origin',(1.65096496796647,1.38739371564118,-9.08493889400459));
#5247=CARTESIAN_POINT('',(1.60333580360597,1.38739371564118,-9.08493889400459));
#5248=CARTESIAN_POINT('',(1.43027538578622,1.38739371564118,-8.43266331262027));
#5249=CARTESIAN_POINT('Origin',(1.30570663924548,3.07825004586742,-5.36730543430293));
#5250=CARTESIAN_POINT('',(1.65570663924547,3.07825004586742,-8.43266331262027));
#5251=CARTESIAN_POINT('',(1.45570663924547,3.07825004586742,-8.43266331262027));
#5252=CARTESIAN_POINT('',(1.65570663924547,3.07825004586742,-9.08493889400459));
#5253=CARTESIAN_POINT('',(1.65570663924547,3.07825004586742,-9.08493889400459));
#5254=CARTESIAN_POINT('',(1.43070663924548,3.07825004586742,-9.08493889400459));
#5255=CARTESIAN_POINT('Origin',(1.45570663924547,3.63155546916865,-8.43266331262027));
#5256=CARTESIAN_POINT('',(1.65570663924547,3.63155546916865,-8.43266331262027));
#5257=CARTESIAN_POINT('',(1.45570663924547,3.63155546916865,-8.43266331262027));
#5258=CARTESIAN_POINT('',(1.65570663924547,3.07825004586742,-8.43266331262027));
#5259=CARTESIAN_POINT('',(1.35870663924547,3.03180546916866,-8.43266331262027));
#5260=CARTESIAN_POINT('Origin',(1.29370663924547,3.03180546916866,-8.43266331262027));
#5261=CARTESIAN_POINT('Origin',(1.29370663924547,3.03180546916866,-11.7026633126203));
#5262=CARTESIAN_POINT('',(1.35870663924547,3.03180546916866,-8.28266331262027));
#5263=CARTESIAN_POINT('',(1.35870663924547,3.03180546916866,-11.7026633126203));
#5264=CARTESIAN_POINT('Origin',(1.29370663924547,3.03180546916866,-8.28266331262027));
#5265=CARTESIAN_POINT('Origin',(1.45570663924547,0.886802225070148,-8.43266331262027));
#5266=CARTESIAN_POINT('',(1.65570663924547,0.886802225070148,-8.43266331262027));
#5267=CARTESIAN_POINT('',(1.45570663924547,0.886802225070147,-8.43266331262027));
#5268=CARTESIAN_POINT('',(1.65570663924547,0.319055469168668,-8.43266331262027));
#5269=CARTESIAN_POINT('',(1.65570663924547,0.319055469168668,-8.43266331262027));
#5270=CARTESIAN_POINT('',(1.45570663924547,0.319055469168668,-8.43266331262027));
#5271=CARTESIAN_POINT('',(1.35870663924547,0.918805469168659,-8.43266331262027));
#5272=CARTESIAN_POINT('Origin',(1.29370663924547,0.918805469168659,-8.43266331262027));
#5273=CARTESIAN_POINT('Origin',(1.30570663924548,0.886802225070149,-10.3961402083683));
#5274=CARTESIAN_POINT('',(1.65570663924547,0.886802225070148,-9.08493889400459));
#5275=CARTESIAN_POINT('',(1.43070663924547,0.886802225070148,-9.08493889400459));
#5276=CARTESIAN_POINT('',(1.65570663924547,0.886802225070147,-8.43266331262027));
#5277=CARTESIAN_POINT('Origin',(1.54801226924924,2.82949839019773,-8.28266331262027));
#5278=CARTESIAN_POINT('',(1.54801226924924,2.82949839019773,-8.28266331262027));
#5279=CARTESIAN_POINT('',(1.54801226924924,2.82949839019773,-8.28266331262027));
#5280=CARTESIAN_POINT('',(1.54801226924924,2.82949839019773,-7.25066331262027));
#5281=CARTESIAN_POINT('',(1.54801226924924,2.82949839019773,-8.28266331262027));
#5282=CARTESIAN_POINT('',(1.54801226924924,2.82949839019773,-7.25066331262027));
#5283=CARTESIAN_POINT('Origin',(1.14770663924547,2.82949839019773,-8.28266331262027));
#5284=CARTESIAN_POINT('',(1.30570663924548,2.82949839019773,-7.50044104655181));
#5285=CARTESIAN_POINT('',(1.30570663924548,2.82949839019773,-8.28266331262027));
#5286=CARTESIAN_POINT('',(1.30570663924548,2.82949839019772,-6.1062343734616));
#5287=CARTESIAN_POINT('',(1.14770663924547,2.82949839019773,-7.50044104655181));
#5288=CARTESIAN_POINT('',(0.476706639245475,2.82949839019773,-7.50044104655181));
#5289=CARTESIAN_POINT('',(1.14770663924547,2.82949839019773,-7.25066331262027));
#5290=CARTESIAN_POINT('',(1.14770663924547,2.82949839019773,-8.28266331262027));
#5291=CARTESIAN_POINT('',(1.14770663924547,2.82949839019773,-7.25066331262027));
#5292=CARTESIAN_POINT('',(1.14770663924547,2.82949839019773,-8.28266331262027));
#5293=CARTESIAN_POINT('Origin',(1.14770663924547,3.17306917077423,-8.28266331262027));
#5294=CARTESIAN_POINT('',(1.14770663924547,3.03447784319684,-7.50044104655181));
#5295=CARTESIAN_POINT('',(1.14770663924547,2.04460113295736,-7.50044104655181));
#5296=CARTESIAN_POINT('',(1.14770663924547,3.03447784319684,-7.89155217958604));
#5297=CARTESIAN_POINT('',(1.14770663924547,3.17306917077423,-7.25066331262027));
#5298=CARTESIAN_POINT('Origin',(1.34785945424736,3.00128378048598,-7.25066331262027));
#5299=CARTESIAN_POINT('Origin',(1.34785945424736,0.949327157851339,-7.25066331262027));
#5300=CARTESIAN_POINT('',(1.14770663924547,1.12111254813959,-7.25066331262027));
#5301=CARTESIAN_POINT('',(1.14770663924547,1.12111254813959,-7.25066331262027));
#5302=CARTESIAN_POINT('',(1.54801226924924,1.12111254813959,-7.25066331262027));
#5303=CARTESIAN_POINT('',(1.54801226924924,1.12111254813959,-7.25066331262027));
#5304=CARTESIAN_POINT('',(1.54801226924925,0.777541767563088,-7.25066331262027));
#5305=CARTESIAN_POINT('Origin',(1.54801226924925,0.77754176756309,-8.28266331262027));
#5306=CARTESIAN_POINT('',(1.54801226924924,1.12111254813959,-8.28266331262027));
#5307=CARTESIAN_POINT('',(1.54801226924924,1.12111254813959,-8.28266331262027));
#5308=CARTESIAN_POINT('',(1.54801226924925,0.77754176756309,-8.28266331262027));
#5309=CARTESIAN_POINT('Origin',(1.14770663924547,1.12111254813959,-8.28266331262027));
#5310=CARTESIAN_POINT('',(1.14770663924547,0.916133095140483,-7.50044104655181));
#5311=CARTESIAN_POINT('',(1.14770663924547,0.916133095140482,-7.18003436698875));
#5312=CARTESIAN_POINT('',(1.14770663924547,1.12111254813959,-7.50044104655181));
#5313=CARTESIAN_POINT('',(1.14770663924547,1.01862282164004,-7.50044104655181));
#5314=CARTESIAN_POINT('',(1.14770663924547,1.12111254813959,-8.28266331262027));
#5315=CARTESIAN_POINT('Origin',(1.54801226924924,1.12111254813959,-8.28266331262027));
#5316=CARTESIAN_POINT('',(1.30570663924548,1.12111254813959,-7.50044104655181));
#5317=CARTESIAN_POINT('',(0.676859454247363,1.12111254813959,-7.50044104655181));
#5318=CARTESIAN_POINT('',(1.30570663924548,1.12111254813959,-8.28266331262027));
#5319=CARTESIAN_POINT('',(1.30570663924548,1.12111254813959,-6.1062343734616));
#5320=CARTESIAN_POINT('',(1.54801226924924,1.12111254813959,-8.28266331262027));
#5321=CARTESIAN_POINT('Origin',(1.55570663924547,0.161575154208039,-8.28266331262027));
#5322=CARTESIAN_POINT('',(1.75570663924547,3.78903578412928,-8.28266331262027));
#5323=CARTESIAN_POINT('',(1.75570663924547,3.78903578412928,-8.28266331262027));
#5324=CARTESIAN_POINT('',(1.55570663924547,3.78903578412928,-8.28266331262027));
#5325=CARTESIAN_POINT('',(1.75570663924547,0.161575154208039,-8.28266331262027));
#5326=CARTESIAN_POINT('',(1.55570663924547,0.161575154208039,-8.28266331262027));
#5327=CARTESIAN_POINT('',(1.75570663924547,0.886802225070147,-8.28266331262027));
#5328=CARTESIAN_POINT('',(1.30570663924548,1.3063330398288,-8.28266331262027));
#5329=CARTESIAN_POINT('',(1.35870663924547,0.918805469168658,-8.28266331262027));
#5330=CARTESIAN_POINT('Origin',(1.29370663924547,0.918805469168658,-8.28266331262027));
#5331=CARTESIAN_POINT('Origin',(-0.194293360754515,2.93080916660226,-2.54386656829264));
#5332=CARTESIAN_POINT('',(0.0220032462470581,3.05580916660226,-2.54386656829264));
#5333=CARTESIAN_POINT('',(-0.194293360754515,3.00660377371244,-2.54386656829264));
#5334=CARTESIAN_POINT('Origin',(-0.194293360754493,3.50660377371244,-2.54386656829264));
#5335=CARTESIAN_POINT('',(0.680706639245485,3.05580916660226,-2.54386656829264));
#5336=CARTESIAN_POINT('',(0.680706639245485,3.05580916660226,-2.54386656829264));
#5337=CARTESIAN_POINT('',(0.680706639245485,2.93080916660226,-2.54386656829264));
#5338=CARTESIAN_POINT('',(0.680706639245485,2.93080916660226,-2.54386656829264));
#5339=CARTESIAN_POINT('',(-0.194293360754515,2.93080916660226,-2.54386656829264));
#5340=CARTESIAN_POINT('',(0.555706639245484,2.93080916660226,-2.54386656829264));
#5341=CARTESIAN_POINT('',(-0.194293360754515,3.21870647015735,-2.54386656829264));
#5342=CARTESIAN_POINT('Origin',(0.680706639245485,2.93080916660226,-2.75141801515322));
#5343=CARTESIAN_POINT('',(-0.194293360754515,3.00660377371244,-2.75141801515322));
#5344=CARTESIAN_POINT('',(0.0220032462470583,3.05580916660226,-2.75141801515322));
#5345=CARTESIAN_POINT('Origin',(-0.194293360754493,3.50660377371244,-2.75141801515322));
#5346=CARTESIAN_POINT('',(-0.194293360754515,2.93080916660226,-2.75141801515322));
#5347=CARTESIAN_POINT('',(-0.194293360754515,3.21870647015735,-2.75141801515322));
#5348=CARTESIAN_POINT('',(0.680706639245485,2.93080916660226,-2.75141801515322));
#5349=CARTESIAN_POINT('',(0.993206639245484,2.93080916660226,-2.75141801515322));
#5350=CARTESIAN_POINT('',(0.680706639245485,3.05580916660226,-2.75141801515322));
#5351=CARTESIAN_POINT('',(0.680706639245485,2.93080916660226,-2.75141801515322));
#5352=CARTESIAN_POINT('',(-0.194293360754515,3.05580916660226,-2.75141801515322));
#5353=CARTESIAN_POINT('Origin',(0.680706639245485,2.93080916660226,-2.54386656829264));
#5354=CARTESIAN_POINT('',(0.680706639245485,2.93080916660226,-2.76261656829264));
#5355=CARTESIAN_POINT('',(0.680706639245485,3.05580916660226,-2.75141801515322));
#5356=CARTESIAN_POINT('Origin',(0.243206639245485,3.05580916660226,-2.64764229172293));
#5357=CARTESIAN_POINT('',(0.022003246247058,3.05580916660226,-2.05015645397996));
#5358=CARTESIAN_POINT('Origin',(-0.194293360754514,3.50660377371244,-2.48136656829264));
#5359=CARTESIAN_POINT('',(-0.194293360754515,2.93080916660226,-1.98136656829264));
#5360=CARTESIAN_POINT('',(-0.194293360754515,2.93080916660226,-2.73136656829264));
#5361=CARTESIAN_POINT('',(-0.194293360754516,3.10660377371243,-1.98136656829264));
#5362=CARTESIAN_POINT('',(-0.194293360754515,3.21870647015735,-1.98136656829263));
#5363=CARTESIAN_POINT('',(-0.194293360754515,3.10660377371243,-2.01978637752327));
#5364=CARTESIAN_POINT('',(-0.194293360754515,3.10660377371243,-1.98136656829264));
#5365=CARTESIAN_POINT('',(-0.194293360754515,3.00660377371244,-2.01978637752327));
#5366=CARTESIAN_POINT('',(-0.194293360754514,3.50660377371244,-2.01978637752327));
#5367=CARTESIAN_POINT('',(-0.194293360754515,3.00660377371244,-2.89278637752327));
#5368=CARTESIAN_POINT('Origin',(-0.194293360754514,3.50660377371244,-2.48136656829264));
#5369=CARTESIAN_POINT('',(-0.194293360754515,3.00660377371244,-2.89278637752327));
#5370=CARTESIAN_POINT('',(-0.194293360754515,3.00660377371244,-2.89278637752327));
#5371=CARTESIAN_POINT('',(-0.194293360754515,3.10660377371244,-2.89278637752327));
#5372=CARTESIAN_POINT('',(-0.194293360754514,3.50660377371244,-2.89278637752327));
#5373=CARTESIAN_POINT('',(-0.194293360754516,3.10660377371244,-2.98136656829264));
#5374=CARTESIAN_POINT('',(-0.194293360754515,3.10660377371243,-1.98136656829264));
#5375=CARTESIAN_POINT('',(-0.194293360754516,2.93080916660226,-2.98136656829264));
#5376=CARTESIAN_POINT('',(-0.194293360754514,3.79450107726753,-2.98136656829263));
#5377=CARTESIAN_POINT('',(-0.194293360754515,2.93080916660226,-2.73136656829264));
#5378=CARTESIAN_POINT('Origin',(-0.194293360754493,3.50660377371244,-2.05015645397996));
#5379=CARTESIAN_POINT('',(-0.194293360754514,4.00660377371244,-2.01978637752327));
#5380=CARTESIAN_POINT('Origin',(-0.194293360754493,3.50660377371244,-2.01978637752327));
#5381=CARTESIAN_POINT('',(-0.194293360754514,4.00660377371244,-2.89278637752327));
#5382=CARTESIAN_POINT('',(-0.194293360754514,4.00660377371244,-2.89278637752327));
#5383=CARTESIAN_POINT('Origin',(-0.194293360754493,3.50660377371244,-2.89278637752327));
#5384=CARTESIAN_POINT('Origin',(1.30570663924549,4.7123833470166,-1.09568556949246));
#5385=CARTESIAN_POINT('',(0.805705483637367,4.7123833470166,-1.09568556949246));
#5386=CARTESIAN_POINT('',(0.805705735352847,4.16062448399861,-0.81631596525584));
#5387=CARTESIAN_POINT('',(0.805705694793622,4.24953006721368,-0.86133113268127));
#5388=CARTESIAN_POINT('',(1.30570663924549,4.7123833470166,-1.09568556949246));
#5389=CARTESIAN_POINT('',(1.30570663924549,4.16062448399862,-0.816315965255846));
#5390=CARTESIAN_POINT('Origin',(1.30570663924549,4.74548967318029,-1.03834373052499));
#5391=CARTESIAN_POINT('',(0.805705483637367,4.74548967318029,-1.03834373052499));
#5392=CARTESIAN_POINT('',(0.805705483637367,4.68793391632814,-1.13803322566101));
#5393=CARTESIAN_POINT('',(1.30570663924549,4.74548967318029,-1.03834373052499));
#5394=CARTESIAN_POINT('Origin',(1.30570663924549,4.76248634631089,-1.00896628413469));
#5395=CARTESIAN_POINT('',(0.805705483624801,4.7624863463109,-1.00896628413469));
#5396=CARTESIAN_POINT('',(0.805705483673876,4.69610746363807,-1.12369709363988));
#5397=CARTESIAN_POINT('',(1.30570663924549,4.76248634631089,-1.00896628413469));
#5398=CARTESIAN_POINT('Origin',(1.30570663924549,4.21069993875975,-0.729582733397445));
#5399=CARTESIAN_POINT('',(0.805705735352847,4.21069993875976,-0.729582733397446));
#5400=CARTESIAN_POINT('',(0.805705821769794,4.02127449335803,-0.633671792475229));
#5401=CARTESIAN_POINT('',(1.30570663924549,4.21069993875975,-0.729582733397446));
#5402=CARTESIAN_POINT('Origin',(1.30570663924548,3.44697013510944,-0.53248953359484));
#5403=CARTESIAN_POINT('',(0.805706075740771,3.33399838887847,-0.577958318630894));
#5404=CARTESIAN_POINT('',(1.0556040661129,3.33399838887847,-0.577958318630894));
#5405=CARTESIAN_POINT('',(1.05570634218652,3.33399838887847,-0.577958318630894));
#5406=CARTESIAN_POINT('',(0.805706045127548,3.44697013510944,-0.532489533594839));
#5407=CARTESIAN_POINT('',(0.805706020089116,3.53936927554586,-0.495300795753871));
#5408=CARTESIAN_POINT('',(1.30570663924548,3.44697013510944,-0.532489533594839));
#5409=CARTESIAN_POINT('',(0.805706230574921,2.76261508490374,-0.807928249063777));
#5410=CARTESIAN_POINT('',(1.30570663924548,2.76261508490374,-0.807928249063777));
#5411=CARTESIAN_POINT('',(0.805706142302676,3.08836549039576,-0.676820466305047));
#5412=CARTESIAN_POINT('',(0.805706020089116,3.53936927554586,-0.495300795753871));
#5413=CARTESIAN_POINT('',(1.00570614230266,3.08836561302832,-0.676820416947987));
#5414=CARTESIAN_POINT('',(1.05570657274924,3.08836564368672,-0.676820404608616));
#5415=CARTESIAN_POINT('',(1.0057060960803,3.25893963700639,-0.608167909681813));
#5416=CARTESIAN_POINT('',(1.00570602038137,3.53829082971274,-0.495734847836762));
#5417=CARTESIAN_POINT('',(1.10647530019242,3.41052116793554,-0.547159486999189));
#5418=CARTESIAN_POINT('Origin',(1.30570663924548,2.76261508490374,-0.807928249063777));
#5419=CARTESIAN_POINT('',(0.805706272364225,2.71398892277689,-0.687111683509532));
#5420=CARTESIAN_POINT('',(0.805706184825196,2.81584960593175,-0.940194743440842));
#5421=CARTESIAN_POINT('',(1.30570663924548,2.71398892277689,-0.687111683509533));
#5422=CARTESIAN_POINT('Origin',(1.30570663924548,2.71398892277689,-0.687111683509533));
#5423=CARTESIAN_POINT('',(0.805706045127549,3.55255872705091,-0.349604727652556));
#5424=CARTESIAN_POINT('',(0.805706154602106,3.1485655883162,-0.512203587934082));
#5425=CARTESIAN_POINT('',(1.30570663924549,3.55255872705091,-0.349604727652557));
#5426=CARTESIAN_POINT('Origin',(0.805706045127548,3.39903863709148,-0.615509323444836));
#5427=CARTESIAN_POINT('',(1.13070604512756,3.39903863709148,-0.615509323444836));
#5428=CARTESIAN_POINT('',(1.01820609098502,3.30161077916573,-0.559259323444838));
#5429=CARTESIAN_POINT('',(0.805706045127548,3.39903863709148,-0.615509323444836));
#5430=CARTESIAN_POINT('',(1.05570634218652,3.39903863709148,-0.615509323444835));
#5431=CARTESIAN_POINT('',(0.805706142302676,3.19258228069569,-0.496311690503819));
#5432=CARTESIAN_POINT('Origin',(1.06820607060393,3.30436230371019,-0.654493543135569));
#5433=CARTESIAN_POINT('',(1.0057060960803,3.18554577077226,-0.735289814963241));
#5434=CARTESIAN_POINT('',(1.0057060960803,3.25023571597366,-0.623243543135572));
#5435=CARTESIAN_POINT('',(1.13070604512756,3.29379894624531,-0.797789814963236));
#5436=CARTESIAN_POINT('',(1.33319519143414,3.46915976241832,-0.899034429386037));
#5437=CARTESIAN_POINT('',(1.13070604512756,3.35848889144671,-0.685743543135566));
#5438=CARTESIAN_POINT('Origin',(1.00570589024018,3.75224951310471,-0.763686314942529));
#5439=CARTESIAN_POINT('',(1.00570614230266,3.08734266045171,-0.678592222784407));
#5440=CARTESIAN_POINT('',(1.00570614230266,3.08734266045171,-0.678592222784407));
#5441=CARTESIAN_POINT('',(1.00570573535283,3.95194022855634,-1.17776786147031));
#5442=CARTESIAN_POINT('Origin',(0.805706142302676,3.19258228069569,-0.496311690503819));
#5443=CARTESIAN_POINT('',(0.805706142302676,3.08734258984953,-0.678592182022218));
#5444=CARTESIAN_POINT('',(0.805706142302676,3.08734258984953,-0.678592182022218));
#5445=CARTESIAN_POINT('',(0.805706142302676,3.08734258984953,-0.678592182022218));
#5446=CARTESIAN_POINT('Origin',(1.30570663924548,2.45109092544955,-3.92980543430293));
#5447=CARTESIAN_POINT('',(1.30570663924548,1.68361201029502,-7.50044104655181));
#5448=CARTESIAN_POINT('',(1.30570663924548,2.13995661884532,-7.78242197911803));
#5449=CARTESIAN_POINT('Origin',(1.30570663924548,2.13995661884532,-7.64265819959047));
#5450=CARTESIAN_POINT('Origin',(1.30570663924548,4.31525457419945,-1.90611161140651));
#5451=CARTESIAN_POINT('',(1.75570663924548,4.8610662631327,-1.06600087458893));
#5452=CARTESIAN_POINT('',(1.75570663924548,4.31525457419945,-1.90611161140651));
#5453=CARTESIAN_POINT('',(1.75570663924548,4.4877744698757,-1.64056981446272));
#5454=CARTESIAN_POINT('',(1.30570663924548,4.31525457419946,-1.9061116114065));
#5455=CARTESIAN_POINT('',(1.30570663924549,4.8610662631327,-1.06600087458893));
#5456=CARTESIAN_POINT('Origin',(1.30570663924548,4.13995661884532,-3.64265227292791));
#5457=CARTESIAN_POINT('',(1.75570663924547,4.13995661884532,-3.78241605245547));
#5458=CARTESIAN_POINT('',(1.30570663924548,4.13995661884532,-3.78241605245547));
#5459=CARTESIAN_POINT('Origin',(1.75570663924547,4.13995661884532,-3.64265227292791));
#5460=CARTESIAN_POINT('Origin',(1.30570663924548,2.13995661884532,-7.64265819959047));
#5461=CARTESIAN_POINT('',(1.75570663924547,2.13995661884532,-7.78242197911803));
#5462=CARTESIAN_POINT('',(1.30570663924548,2.13995661884532,-7.78242197911803));
#5463=CARTESIAN_POINT('Origin',(1.75570663924547,2.13995661884532,-7.64265819959047));
#5464=CARTESIAN_POINT('Origin',(1.30570663924548,2.13995661884532,-5.64265227292791));
#5465=CARTESIAN_POINT('',(1.75570663924547,2.13995661884532,-5.78241605245547));
#5466=CARTESIAN_POINT('',(1.30570663924548,2.13995661884532,-5.78241605245547));
#5467=CARTESIAN_POINT('Origin',(1.75570663924547,2.13995661884532,-5.64265227292791));
#5468=CARTESIAN_POINT('Origin',(1.30570663924548,3.13995661884532,-3.64265227292791));
#5469=CARTESIAN_POINT('',(1.75570663924548,3.13995661884532,-3.78241605245547));
#5470=CARTESIAN_POINT('',(1.30570663924548,3.13995661884532,-3.78241605245547));
#5471=CARTESIAN_POINT('Origin',(1.75570663924548,3.13995661884532,-3.64265227292791));
#5472=CARTESIAN_POINT('Origin',(1.30570663924548,2.13995661884532,-3.64265227292791));
#5473=CARTESIAN_POINT('',(1.75570663924547,2.13995661884532,-3.78241605245547));
#5474=CARTESIAN_POINT('',(1.30570663924548,2.13995661884532,-3.78241605245547));
#5475=CARTESIAN_POINT('Origin',(1.75570663924547,2.13995661884532,-3.64265227292791));
#5476=CARTESIAN_POINT('Origin',(1.30570663924548,2.13995661884532,-8.64265227292791));
#5477=CARTESIAN_POINT('',(1.30570663924548,2.13995661884533,-8.78241605245547));
#5478=CARTESIAN_POINT('Origin',(1.30570663924548,2.13995661884532,-8.64265227292791));
#5479=CARTESIAN_POINT('',(1.75570663924547,2.13995661884532,-8.78241605245547));
#5480=CARTESIAN_POINT('',(1.30570663924548,2.13995661884533,-8.78241605245547));
#5481=CARTESIAN_POINT('Origin',(1.75570663924547,2.13995661884532,-8.64265227292791));
#5482=CARTESIAN_POINT('Origin',(1.30570663924548,2.13995661884532,-8.64265227292791));
#5483=CARTESIAN_POINT('Origin',(1.30570663924548,2.13995661884532,-4.64265227292791));
#5484=CARTESIAN_POINT('',(1.75570663924547,2.13995661884532,-4.78241605245547));
#5485=CARTESIAN_POINT('',(1.30570663924548,2.13995661884532,-4.78241605245547));
#5486=CARTESIAN_POINT('Origin',(1.75570663924547,2.13995661884532,-4.64265227292791));
#5487=CARTESIAN_POINT('Origin',(1.30570663924548,3.13995661884532,-1.64265227292791));
#5488=CARTESIAN_POINT('',(1.75570663924548,3.13995661884532,-1.78241605245547));
#5489=CARTESIAN_POINT('',(1.30570663924548,3.13995661884532,-1.78241605245547));
#5490=CARTESIAN_POINT('Origin',(1.75570663924548,3.13995661884532,-1.64265227292791));
#5491=CARTESIAN_POINT('Origin',(1.65570663924547,1.97530546916866,-11.0676633126203));
#5492=CARTESIAN_POINT('',(1.65570663924547,0.319055469168672,-11.4326633126203));
#5493=CARTESIAN_POINT('',(1.65570663924547,3.63155546916865,-11.4326633126203));
#5494=CARTESIAN_POINT('',(1.65570663924547,2.03085664971295,-11.4326633126203));
#5495=CARTESIAN_POINT('',(1.65570663924547,0.319055469168672,-11.4326633126203));
#5496=CARTESIAN_POINT('',(1.65570663924547,0.886802225070148,-9.08493889400459));
#5497=CARTESIAN_POINT('',(1.65570663924547,3.63155546916865,-8.43266331262027));
#5498=CARTESIAN_POINT('Origin',(1.75570663924547,2.23841486420375,-5.99398804734641));
#5499=CARTESIAN_POINT('',(1.75570663924547,3.78903578412928,-11.2026633126203));
#5500=CARTESIAN_POINT('',(1.75570663924547,3.78903578412928,-11.2026633126203));
#5501=CARTESIAN_POINT('',(1.75570663924548,4.31525457419946,-5.36730543430293));
#5502=CARTESIAN_POINT('',(1.75570663924548,3.07825004586742,-5.36730543430293));
#5503=CARTESIAN_POINT('',(1.75570663924548,4.31525457419946,-5.36730543430293));
#5504=CARTESIAN_POINT('',(1.75570663924548,3.51170674970221,-0.285312782072552));
#5505=CARTESIAN_POINT('',(1.75570663924548,4.81565322940447,-1.03972662052705));
#5506=CARTESIAN_POINT('',(1.75570663924548,3.51170674970221,-0.285312782072552));
#5507=CARTESIAN_POINT('',(1.75570663924547,0.161575154208042,-11.2026633126203));
#5508=CARTESIAN_POINT('',(1.75570663924547,0.161575154208039,-8.28266331262027));
#5509=CARTESIAN_POINT('',(1.75570663924547,0.661575154208042,-11.7026633126203));
#5510=CARTESIAN_POINT('Origin',(1.75570663924547,0.661575154208042,-11.2026633126203));
#5511=CARTESIAN_POINT('',(1.75570663924547,3.28903578412928,-11.7026633126203));
#5512=CARTESIAN_POINT('',(1.75570663924547,0.661575154208042,-11.7026633126203));
#5513=CARTESIAN_POINT('Origin',(1.75570663924547,3.28903578412928,-11.2026633126203));
#5514=CARTESIAN_POINT('',(1.75570663924548,3.50670835536382,-4.56547878790539));
#5515=CARTESIAN_POINT('Origin',(1.75570663924548,3.50670835536382,-4.8064787879054));
#5516=CARTESIAN_POINT('',(1.75570663924548,3.79196426939581,-0.485353849872522));
#5517=CARTESIAN_POINT('Origin',(1.75570663924548,3.79196426939581,-0.689898176187362));
#5518=CARTESIAN_POINT('Origin',(1.55570663924548,3.50670835536382,-4.8064787879054));
#5519=CARTESIAN_POINT('',(1.12570663924548,3.50670835536382,-4.56547878790539));
#5520=CARTESIAN_POINT('',(1.55570663924548,3.50670835536382,-4.56547878790539));
#5521=CARTESIAN_POINT('Origin',(1.12570663924548,3.50670835536382,-4.80647878790539));
#5522=CARTESIAN_POINT('Origin',(1.12570663924548,3.50670835536382,-4.80647878790539));
#5523=CARTESIAN_POINT('',(1.12570663924548,3.50670835536382,-4.69797878790539));
#5524=CARTESIAN_POINT('Origin',(1.12570663924548,3.50670835536382,-4.80647878790539));
#5525=CARTESIAN_POINT('Origin',(1.55570663924548,3.50670835536382,-4.8064787879054));
#5526=CARTESIAN_POINT('',(0.605706633665241,3.50670835536382,-4.69797878790539));
#5527=CARTESIAN_POINT('',(1.55570663924548,3.50670835536382,-4.6979787879054));
#5528=CARTESIAN_POINT('Origin',(0.605706633665241,3.50670835536382,-4.80647878790539));
#5529=CARTESIAN_POINT('Origin',(0.605556646163535,4.30984158549457,-4.98147878790539));
#5530=CARTESIAN_POINT('',(0.605556646163535,4.30984158549457,-4.98147878790539));
#5531=CARTESIAN_POINT('',(0.605556646163535,4.30984158549457,-5.22039653919366));
#5532=CARTESIAN_POINT('',(0.605556646163535,4.30984158549457,-4.77870822572745));
#5533=CARTESIAN_POINT('',(0.505556647907369,4.30982291019968,-5.22039653919366));
#5534=CARTESIAN_POINT('',(0.605556646163535,4.30984158549457,-5.22039653919366));
#5535=CARTESIAN_POINT('',(0.505556647907369,4.30982291019968,-4.98147878790539));
#5536=CARTESIAN_POINT('',(0.505556647907369,4.30982291019968,-4.63147878790538));
#5537=CARTESIAN_POINT('',(0.605556646163535,4.30984158549457,-4.98147878790539));
#5538=CARTESIAN_POINT('Origin',(0.605856714636408,2.70307462733001,-4.98147878790539));
#5539=CARTESIAN_POINT('',(0.605856714636408,2.70307462733001,-4.98147878790539));
#5540=CARTESIAN_POINT('',(0.60578169751819,3.10476636687115,-4.98147878790539));
#5541=CARTESIAN_POINT('',(0.505856716380241,2.70305595203512,-4.98147878790539));
#5542=CARTESIAN_POINT('',(0.505856716380241,2.70305595203512,-4.98147878790539));
#5543=CARTESIAN_POINT('',(0.605856714636408,2.70307462733001,-4.98147878790539));
#5544=CARTESIAN_POINT('Origin',(0.605856714636408,2.70307462733001,-5.22039653919366));
#5545=CARTESIAN_POINT('',(0.605856714636408,2.70307462733001,-5.22039653919366));
#5546=CARTESIAN_POINT('',(0.605856714636408,2.70307462733001,-5.07316710137159));
#5547=CARTESIAN_POINT('',(0.505856716380241,2.70305595203512,-5.22039653919366));
#5548=CARTESIAN_POINT('',(0.505856716380241,2.70305595203512,-5.22039653919366));
#5549=CARTESIAN_POINT('',(0.605856714636408,2.70307462733001,-5.22039653919366));
#5550=CARTESIAN_POINT('Origin',(0.505706682143804,3.5064394311174,-5.10093766354952));
#5551=CARTESIAN_POINT('',(0.505556647907369,4.30982291019968,-5.22039653919366));
#5552=CARTESIAN_POINT('Origin',(1.30570663924548,4.30984158549457,-5.22039653919366));
#5553=CARTESIAN_POINT('',(1.30570663924548,4.30984158549457,-5.22039653919366));
#5554=CARTESIAN_POINT('',(1.30570663924548,2.70307462733001,-5.22039653919366));
#5555=CARTESIAN_POINT('Origin',(0.605706680399972,3.50645810641229,-4.92593766354952));
#5556=CARTESIAN_POINT('',(0.605856714636408,2.70307462733001,-4.63147878790539));
#5557=CARTESIAN_POINT('',(0.605856714636408,2.70307462733001,-5.07316710137159));
#5558=CARTESIAN_POINT('',(0.605556646163535,4.30984158549457,-4.63147878790538));
#5559=CARTESIAN_POINT('',(0.605631675491201,3.90808446841663,-4.63147878790539));
#5560=CARTESIAN_POINT('',(0.605556646163535,4.30984158549457,-4.77870822572745));
#5561=CARTESIAN_POINT('Origin',(1.30570663924548,4.30984158549457,-4.63147878790539));
#5562=CARTESIAN_POINT('',(0.305706639245482,2.70307462733001,-4.63147878790539));
#5563=CARTESIAN_POINT('',(1.30570663924548,2.70307462733001,-4.63147878790539));
#5564=CARTESIAN_POINT('',(0.305706639245483,4.30984158549457,-4.63147878790539));
#5565=CARTESIAN_POINT('',(0.305706639245483,4.30984158549457,-4.63147878790539));
#5566=CARTESIAN_POINT('',(1.30570663924548,4.30984158549457,-4.63147878790539));
#5567=CARTESIAN_POINT('Origin',(1.30570663924548,4.30984158549457,-4.36327743006462));
#5568=CARTESIAN_POINT('',(0.305706639245483,4.30984158549457,-4.36327743006462));
#5569=CARTESIAN_POINT('',(0.305706639245483,4.30984158549457,-4.36327743006462));
#5570=CARTESIAN_POINT('',(1.30570663924548,4.30984158549457,-4.36327743006462));
#5571=CARTESIAN_POINT('Origin',(1.30570663924548,2.70307462733001,-4.36327743006462));
#5572=CARTESIAN_POINT('',(0.305706639245483,2.70307462733001,-4.36327743006462));
#5573=CARTESIAN_POINT('',(0.305706639245482,2.70307462733001,-4.36327743006462));
#5574=CARTESIAN_POINT('',(1.30570663924548,2.70307462733001,-4.36327743006462));
#5575=CARTESIAN_POINT('Origin',(1.30570663924548,2.70307462733001,-4.63147878790539));
#5576=CARTESIAN_POINT('',(0.305706639245482,2.70307462733001,-5.21047436478664));
#5577=CARTESIAN_POINT('Origin',(0.305706639245483,3.50645810641229,-4.497378108985));
#5578=CARTESIAN_POINT('Origin',(1.29370663924546,1.97530546916866,-11.7026633126203));
#5579=CARTESIAN_POINT('',(1.46496648176515,1.97530546916866,-11.4326633126203));
#5580=CARTESIAN_POINT('',(1.46496648176515,1.97530546916866,-11.7026633126203));
#5581=CARTESIAN_POINT('Origin',(1.29370663924546,1.97530546916866,-11.4326633126203));
#5582=CARTESIAN_POINT('Origin',(1.45570663924547,0.319055469168672,-11.4326633126203));
#5583=CARTESIAN_POINT('',(1.45570663924547,3.63155546916865,-11.4326633126203));
#5584=CARTESIAN_POINT('',(1.45570663924547,0.319055469168672,-11.4326633126203));
#5585=CARTESIAN_POINT('',(1.35870663924547,3.03180546916866,-11.4326633126203));
#5586=CARTESIAN_POINT('Origin',(1.29370663924547,3.03180546916866,-11.4326633126203));
#5587=CARTESIAN_POINT('',(1.35870663924547,0.918805469168662,-11.4326633126203));
#5588=CARTESIAN_POINT('Origin',(1.29370663924547,0.918805469168662,-11.4326633126203));
#5589=CARTESIAN_POINT('Origin',(1.30570663924549,3.79196426939582,-0.689898176187362));
#5590=CARTESIAN_POINT('',(0.805705848159933,3.79196426939582,-0.596148176187362));
#5591=CARTESIAN_POINT('Origin',(0.805705891259252,3.79196426939581,-0.689898176187361));
#5592=CARTESIAN_POINT('',(1.41791136365493,3.79196426939582,-0.596148176187363));
#5593=CARTESIAN_POINT('',(1.30570663924549,3.79196426939582,-0.596148176187362));
#5594=CARTESIAN_POINT('Origin',(1.41791136365493,3.79196426939582,-0.689898176187362));
#5595=CARTESIAN_POINT('Origin',(-0.194293360754516,2.54806917077423,-9.07453013209306));
#5596=CARTESIAN_POINT('',(-0.194293360754516,2.54806917077423,-9.07453013209306));
#5597=CARTESIAN_POINT('',(-0.194293360754516,2.54806917077423,-9.07453013209306));
#5598=CARTESIAN_POINT('',(-0.194293360754517,2.54806917077423,-8.78111161140652));
#5599=CARTESIAN_POINT('',(-0.194293360754517,2.54806917077423,-8.78111161140652));
#5600=CARTESIAN_POINT('',(-0.194293360754517,2.54806917077423,-8.78111161140652));
#5601=CARTESIAN_POINT('Origin',(-0.194293360754517,2.54806917077423,-8.78111161140652));
#5602=CARTESIAN_POINT('',(-0.194293360754516,2.43530546916865,-8.78111161140652));
#5603=CARTESIAN_POINT('',(-0.194293360754518,1.40254176756309,-8.78111161140652));
#5604=CARTESIAN_POINT('',(-0.194293360754517,1.51530546916865,-8.78111161140652));
#5605=CARTESIAN_POINT('Origin',(-0.194293360754555,1.97530546916865,-8.78111161140652));
#5606=CARTESIAN_POINT('',(-0.194293360754518,1.40254176756309,-8.78111161140652));
#5607=CARTESIAN_POINT('',(-0.194293360754518,1.40254176756309,-8.78111161140652));
#5608=CARTESIAN_POINT('',(-0.194293360754518,1.40254176756309,-8.78111161140652));
#5609=CARTESIAN_POINT('Origin',(-0.194293360754556,1.97530546916865,-9.24172454381395));
#5610=CARTESIAN_POINT('',(-0.194293360754519,1.47530546916865,-8.8078208717498));
#5611=CARTESIAN_POINT('',(-0.194293360754519,1.47530546916865,-9.05024858169097));
#5612=CARTESIAN_POINT('',(-0.194293360754519,1.47530546916865,-9.24172454381395));
#5613=CARTESIAN_POINT('',(-0.194293360754518,2.47530546916865,-8.8078208717498));
#5614=CARTESIAN_POINT('Origin',(-0.194293360754555,1.97530546916865,-8.8078208717498));
#5615=CARTESIAN_POINT('',(-0.194293360754556,2.47530546916865,-9.05024858169097));
#5616=CARTESIAN_POINT('',(-0.194293360754518,2.47530546916865,-9.24172454381395));
#5617=CARTESIAN_POINT('Origin',(-0.194293360754556,1.97530546916865,-9.05024858169097));
#5618=CARTESIAN_POINT('Origin',(1.30570663924548,4.08239838082261,-1.98136656829264));
#5619=CARTESIAN_POINT('',(-0.194293360754514,4.08239838082261,-1.98136656829263));
#5620=CARTESIAN_POINT('',(-0.194293360754515,4.08239838082261,-2.98136656829263));
#5621=CARTESIAN_POINT('',(-0.194293360754515,4.08239838082261,-2.23136656829264));
#5622=CARTESIAN_POINT('',(1.30570663924548,4.08239838082261,-1.98136656829264));
#5623=CARTESIAN_POINT('',(1.30570663924548,4.08239838082261,-2.98136656829263));
#5624=CARTESIAN_POINT('Origin',(1.30570663924548,4.08239838082261,-2.98136656829263));
#5625=CARTESIAN_POINT('',(-0.194293360754513,3.90660377371244,-2.98136656829263));
#5626=CARTESIAN_POINT('Origin',(-0.194293360754513,3.50660377371244,-2.98136656829263));
#5627=CARTESIAN_POINT('',(-0.194293360754514,3.79450107726753,-2.98136656829263));
#5628=CARTESIAN_POINT('',(1.30570663924548,2.93080916660226,-2.98136656829264));
#5629=CARTESIAN_POINT('Origin',(1.30570663924548,2.93080916660226,-2.98136656829264));
#5630=CARTESIAN_POINT('',(1.30570663924548,2.93080916660226,-1.98136656829264));
#5631=CARTESIAN_POINT('Origin',(1.30570663924548,2.93080916660226,-1.98136656829264));
#5632=CARTESIAN_POINT('',(-0.194293360754513,3.90660377371243,-1.98136656829263));
#5633=CARTESIAN_POINT('Origin',(-0.194293360754513,3.50660377371243,-1.98136656829264));
#5634=CARTESIAN_POINT('',(-0.194293360754515,3.21870647015735,-1.98136656829263));
#5635=CARTESIAN_POINT('Origin',(-0.194293360754519,0.916133095140481,-6.07740542135722));
#5636=CARTESIAN_POINT('',(-0.194293360754518,0.916133095140483,-6.07740542135722));
#5637=CARTESIAN_POINT('',(-0.194293360754518,0.916133095140483,-6.07740542135722));
#5638=CARTESIAN_POINT('',(-0.194293360754519,0.916133095140485,-7.50044104655181));
#5639=CARTESIAN_POINT('',(-0.194293360754519,0.916133095140485,-7.50044104655181));
#5640=CARTESIAN_POINT('',(-0.194293360754519,0.916133095140485,-7.50044104655181));
#5641=CARTESIAN_POINT('Origin',(-0.194293360754516,3.03447784319684,-7.50044104655181));
#5642=CARTESIAN_POINT('',(-0.194293360754516,3.03447784319684,-7.50044104655181));
#5643=CARTESIAN_POINT('',(-0.194293360754516,3.03447784319684,-7.50044104655181));
#5644=CARTESIAN_POINT('',(-0.194293360754516,3.03447784319683,-6.07740542135722));
#5645=CARTESIAN_POINT('',(-0.194293360754516,3.03447784319683,-6.07740542135722));
#5646=CARTESIAN_POINT('',(-0.194293360754516,3.03447784319683,-6.07740542135722));
#5647=CARTESIAN_POINT('Origin',(-0.194293360754513,3.50660377371243,-1.98136656829264));
#5648=CARTESIAN_POINT('',(-0.194293360754515,3.90660377371244,-2.89278637752327));
#5649=CARTESIAN_POINT('Origin',(-0.194293360754513,3.50660377371244,-2.89278637752327));
#5650=CARTESIAN_POINT('',(-0.194293360754515,3.90660377371243,-1.98136656829263));
#5651=CARTESIAN_POINT('Origin',(-0.194293360754493,4.00660377371244,-2.89278637752327));
#5652=CARTESIAN_POINT('',(-0.194293360754514,3.50660377371244,-2.89278637752327));
#5653=CARTESIAN_POINT('Origin',(-0.194293360754548,1.97530546916865,-6.49198787981809));
#5654=CARTESIAN_POINT('',(-0.194293360754516,2.97530546916865,-6.49198787981809));
#5655=CARTESIAN_POINT('',(-0.194293360754549,2.96546294948361,-6.48214536013305));
#5656=CARTESIAN_POINT('',(-0.194293360754516,2.97530546916865,-6.49198787981809));
#5657=CARTESIAN_POINT('',(-0.194293360754548,0.975305469168652,-6.49198787981809));
#5658=CARTESIAN_POINT('Origin',(-0.194293360754548,1.97530546916865,-6.49198787981809));
#5659=CARTESIAN_POINT('',(-0.194293360754519,0.985147988853692,-6.48214536013305));
#5660=CARTESIAN_POINT('',(-0.194293360754519,0.975305469168652,-6.49198787981809));
#5661=CARTESIAN_POINT('Origin',(-0.194293360754548,1.97530546916865,-6.48214536013305));
#5662=CARTESIAN_POINT('Origin',(-0.194293360754548,1.97530546916865,-6.35005425444702));
#5663=CARTESIAN_POINT('',(-0.194293360754516,2.97530546916865,-6.55065300959515));
#5664=CARTESIAN_POINT('',(-0.194293360754516,2.97530546916865,-6.35005425444702));
#5665=CARTESIAN_POINT('',(-0.194293360754548,0.975305469168652,-6.55065300959515));
#5666=CARTESIAN_POINT('Origin',(-0.194293360754548,1.97530546916865,-6.55065300959515));
#5667=CARTESIAN_POINT('',(-0.194293360754519,0.975305469168652,-6.35005425444702));
#5668=CARTESIAN_POINT('Origin',(-0.194293360754548,1.97530546916865,-6.55065300959515));
#5669=CARTESIAN_POINT('',(-0.194293360754516,2.96546294948361,-6.56049552928019));
#5670=CARTESIAN_POINT('',(-0.194293360754516,2.97530546916865,-6.55065300959515));
#5671=CARTESIAN_POINT('',(-0.194293360754548,0.985147988853692,-6.56049552928019));
#5672=CARTESIAN_POINT('Origin',(-0.194293360754548,1.97530546916865,-6.56049552928019));
#5673=CARTESIAN_POINT('',(-0.194293360754519,0.975305469168652,-6.55065300959515));
#5674=CARTESIAN_POINT('Origin',(-0.194293360754548,1.97530546916865,-6.35005425444702));
#5675=CARTESIAN_POINT('',(-0.194293360754516,2.97530546916865,-6.47499076774287));
#5676=CARTESIAN_POINT('',(-0.194293360754516,2.97530546916865,-6.20140354891516));
#5677=CARTESIAN_POINT('',(-0.194293360754516,2.97530546916865,-6.35005425444702));
#5678=CARTESIAN_POINT('',(-0.194293360754519,0.975305469168652,-6.47499076774287));
#5679=CARTESIAN_POINT('Origin',(-0.194293360754548,1.97530546916865,-6.47499076774287));
#5680=CARTESIAN_POINT('',(-0.194293360754519,0.975305469168652,-6.20140354891516));
#5681=CARTESIAN_POINT('',(-0.194293360754519,0.975305469168652,-6.35005425444702));
#5682=CARTESIAN_POINT('Origin',(-0.194293360754548,1.97530546916865,-6.20140354891516));
#5683=CARTESIAN_POINT('Origin',(-0.194293360754548,1.97530546916865,-6.47499076774287));
#5684=CARTESIAN_POINT('',(-0.194293360754516,2.96757617642311,-6.48272006048842));
#5685=CARTESIAN_POINT('',(-0.194293360754516,2.97530546916865,-6.47499076774287));
#5686=CARTESIAN_POINT('',(-0.194293360754519,0.983034761914198,-6.48272006048842));
#5687=CARTESIAN_POINT('Origin',(-0.194293360754548,1.97530546916865,-6.48272006048842));
#5688=CARTESIAN_POINT('',(-0.194293360754519,0.975305469168652,-6.47499076774287));
#5689=CARTESIAN_POINT('Origin',(-0.194293360754552,1.97530546916865,-10.1272196087777));
#5690=CARTESIAN_POINT('Origin',(-0.194293360754519,1.97530546916865,-10.1272196087777));
#5691=CARTESIAN_POINT('Origin',(-0.194293360754519,1.97530546916865,-10.1272196087777));
#5692=CARTESIAN_POINT('Origin',(-0.194293360754547,1.97530546916865,-6.89517283498615));
#5693=CARTESIAN_POINT('',(-0.194293360754517,2.95955743767259,-7.03876397084156));
#5694=CARTESIAN_POINT('',(-0.194293360754517,2.95955743767259,-6.89517283498616));
#5695=CARTESIAN_POINT('',(-0.194293360754517,2.95955743767259,-6.89517283498616));
#5696=CARTESIAN_POINT('',(-0.194293360754519,0.991053500664718,-7.03876397084156));
#5697=CARTESIAN_POINT('Origin',(-0.194293360754548,1.97530546916866,-7.03876397084156));
#5698=CARTESIAN_POINT('',(-0.194293360754519,0.991053500664718,-6.89517283498616));
#5699=CARTESIAN_POINT('',(-0.194293360754519,0.991053500664718,-6.89517283498616));
#5700=CARTESIAN_POINT('Origin',(-0.194293360754548,1.97530546916866,-6.89517283498615));
#5701=CARTESIAN_POINT('Origin',(-0.194293360754548,1.97530546916865,-7.03876397084156));
#5702=CARTESIAN_POINT('',(-0.194293360754517,2.95955743767259,-7.38628543867893));
#5703=CARTESIAN_POINT('',(-0.194293360754517,2.95955743767259,-7.03876397084156));
#5704=CARTESIAN_POINT('',(-0.194293360754519,0.991053500664718,-7.38628543867893));
#5705=CARTESIAN_POINT('Origin',(-0.19429336075455,1.97530546916866,-7.38628543867893));
#5706=CARTESIAN_POINT('',(-0.194293360754519,0.991053500664718,-7.03876397084156));
#5707=CARTESIAN_POINT('Origin',(-0.194293360754513,3.50660377371243,-1.98136656829264));
#5708=CARTESIAN_POINT('',(-0.194293360754514,3.90660377371244,-2.01978637752327));
#5709=CARTESIAN_POINT('Origin',(-0.194293360754513,3.50660377371243,-2.01978637752327));
#5710=CARTESIAN_POINT('',(-0.194293360754515,3.90660377371243,-1.98136656829263));
#5711=CARTESIAN_POINT('Origin',(-0.194293360754514,3.50660377371244,-2.48136656829264));
#5712=CARTESIAN_POINT('',(-0.194293360754514,3.50660377371244,-2.01978637752327));
#5713=CARTESIAN_POINT('Origin',(0.055706639245496,3.50660377371244,-2.01978637752327));
#5714=CARTESIAN_POINT('Origin',(1.30570663924549,3.51170674970221,-0.285312782072552));
#5715=CARTESIAN_POINT('',(1.55570663924548,3.51170674970221,-0.285312782072552));
#5716=CARTESIAN_POINT('Origin',(1.30570663924549,4.31525457419946,-0.750214990941704));
#5717=CARTESIAN_POINT('',(1.55570663924548,4.31525457419946,-5.36730543430293));
#5718=CARTESIAN_POINT('Origin',(1.30570663924548,4.31525457419946,-5.36730543430293));
#5719=CARTESIAN_POINT('Origin',(1.30570663924548,0.886802225070142,-1.34178241764541));
#5720=CARTESIAN_POINT('Origin',(-0.194293360754555,1.97530546916865,-9.07453013209307));
#5721=CARTESIAN_POINT('',(-0.194293360754518,1.51530546916865,-9.05024858169097));
#5722=CARTESIAN_POINT('',(-0.194293360754516,2.43530546916865,-9.05024858169097));
#5723=CARTESIAN_POINT('Origin',(-0.194293360754555,1.97530546916865,-9.05024858169097));
#5724=CARTESIAN_POINT('',(-0.194293360754516,2.43530546916865,-9.07453013209307));
#5725=CARTESIAN_POINT('',(-0.194293360754518,2.43530546916865,-9.07453013209307));
#5726=CARTESIAN_POINT('',(-0.194293360754517,1.51530546916865,-9.07453013209307));
#5727=CARTESIAN_POINT('Origin',(-0.194293360754555,1.97530546916865,-9.07453013209307));
#5728=CARTESIAN_POINT('',(-0.194293360754519,1.51530546916865,-9.07453013209307));
#5729=CARTESIAN_POINT('Origin',(-0.194293360754519,0.916133095140484,-7.50044104655181));
#5730=CARTESIAN_POINT('',(-0.194293360754519,1.04105350066472,-7.50044104655181));
#5731=CARTESIAN_POINT('',(-0.194293360754516,3.03447784319684,-7.50044104655181));
#5732=CARTESIAN_POINT('',(-0.194293360754517,2.90955743767259,-7.50044104655181));
#5733=CARTESIAN_POINT('Origin',(-0.19429336075455,1.97530546916865,-7.50044104655181));
#5734=CARTESIAN_POINT('',(-0.194293360754516,3.03447784319684,-7.50044104655181));
#5735=CARTESIAN_POINT('Origin',(-0.194293360754516,3.03447784319684,-6.07740542135722));
#5736=CARTESIAN_POINT('',(-0.194293360754517,2.90955743767259,-6.07740542135722));
#5737=CARTESIAN_POINT('',(-0.194293360754518,1.04105350066472,-6.07740542135722));
#5738=CARTESIAN_POINT('Origin',(-0.194293360754549,1.97530546916865,-6.07740542135722));
#5739=CARTESIAN_POINT('',(-0.194293360754518,0.916133095140483,-6.07740542135722));
#5740=CARTESIAN_POINT('',(-0.194293360754518,0.916133095140483,-6.07740542135722));
#5741=CARTESIAN_POINT('Origin',(-0.194293360754544,1.97530546916865,-2.25517236468324));
#5742=CARTESIAN_POINT('',(-0.194293360754517,2.90955743767259,-6.57297187911015));
#5743=CARTESIAN_POINT('',(-0.194293360754518,1.04105350066472,-6.57297187911015));
#5744=CARTESIAN_POINT('Origin',(-0.194293360754549,1.97530546916865,-6.57297187911015));
#5745=CARTESIAN_POINT('Origin',(-0.194293360754516,1.97530546916865,-2.25517236468324));
#5746=CARTESIAN_POINT('Origin',(-0.194293360754516,1.97530546916865,-2.25517236468324));
#5747=CARTESIAN_POINT('Origin',(-0.194293360754561,1.97530546916866,-10.1693306076383));
#5748=CARTESIAN_POINT('',(-0.194293360754518,1.04105350066472,-6.88055662375482));
#5749=CARTESIAN_POINT('',(-0.194293360754517,2.90955743767259,-6.88055662375481));
#5750=CARTESIAN_POINT('Origin',(-0.19429336075455,1.97530546916865,-6.88055662375482));
#5751=CARTESIAN_POINT('Origin',(-0.194293360754519,1.97530546916866,-10.1693306076383));
#5752=CARTESIAN_POINT('Origin',(-0.194293360754519,1.97530546916866,-10.1693306076383));
#5753=CARTESIAN_POINT('Origin',(-0.19429336075455,1.97530546916865,-7.50044104655181));
#5754=CARTESIAN_POINT('',(-0.194293360754519,1.04105350066472,-7.50044104655181));
#5755=CARTESIAN_POINT('',(-0.194293360754517,2.90955743767259,-7.50044104655181));
#5756=CARTESIAN_POINT('Origin',(-0.19429336075455,1.97530546916865,-7.50044104655181));
#5757=CARTESIAN_POINT('',(-0.194293360754517,2.90955743767259,-7.38764757380186));
#5758=CARTESIAN_POINT('',(-0.194293360754519,1.04105350066472,-7.38764757380186));
#5759=CARTESIAN_POINT('Origin',(-0.19429336075455,1.97530546916865,-7.38764757380187));
#5760=CARTESIAN_POINT('',(-0.194293360754517,2.90955743767259,-7.50044104655181));
#5761=CARTESIAN_POINT('',(-0.194293360754519,1.04105350066472,-7.50044104655181));
#5762=CARTESIAN_POINT('Origin',(-0.19429336075455,1.97530546916865,-7.50044104655181));
#5763=CARTESIAN_POINT('',(-0.194293360754516,2.90955743767259,-6.1773195442102));
#5764=CARTESIAN_POINT('',(-0.194293360754518,1.04105350066471,-6.17731954421019));
#5765=CARTESIAN_POINT('Origin',(-0.194293360754549,1.97530546916865,-6.1773195442102));
#5766=CARTESIAN_POINT('',(-0.194293360754519,1.04105350066472,-7.50044104655181));
#5767=CARTESIAN_POINT('',(-0.194293360754517,2.90955743767259,-7.50044104655181));
#5768=CARTESIAN_POINT('Origin',(-0.194293360754518,1.97530546916866,-6.78892323395451));
#5769=CARTESIAN_POINT('',(-0.194293360754517,2.91028736692513,-6.17737296638744));
#5770=CARTESIAN_POINT('',(-0.194293360754516,2.91028736692513,-6.17737296638744));
#5771=CARTESIAN_POINT('',(-0.194293360754517,2.91008789480906,-7.40764053794494));
#5772=CARTESIAN_POINT('',(-0.194293360754517,2.90955743767259,-7.38764757380187));
#5773=CARTESIAN_POINT('',(-0.194293360754517,2.96011628421333,-7.40627762941792));
#5774=CARTESIAN_POINT('Origin',(-0.194293360754502,1.97530546916864,27.8243701797632));
#5775=CARTESIAN_POINT('',(-0.194293360754517,2.95955743767259,-7.38628543867893));
#5776=CARTESIAN_POINT('',(-0.194293360754516,2.98237653698052,-6.19433248110329));
#5777=CARTESIAN_POINT('',(-0.194293360754516,2.97530546916865,-6.20140354891516));
#5778=CARTESIAN_POINT('',(-0.194293360754516,2.96992151664461,-6.18187746076739));
#5779=CARTESIAN_POINT('',(-0.194293360754516,2.98237653698052,-6.19433248110329));
#5780=CARTESIAN_POINT('Origin',(-0.194293360754523,1.97530546916865,-18.9524164591714));
#5781=CARTESIAN_POINT('Origin',(-0.194293360754548,1.97530546916865,-6.20140354891516));
#5782=CARTESIAN_POINT('',(-0.194293360754518,0.968234401356787,-6.19433248110329));
#5783=CARTESIAN_POINT('Origin',(-0.194293360754548,1.97530546916865,-6.19433248110329));
#5784=CARTESIAN_POINT('',(-0.194293360754519,0.975305469168652,-6.20140354891516));
#5785=CARTESIAN_POINT('Origin',(-0.194293360754548,1.97530546916865,-6.19433248110329));
#5786=CARTESIAN_POINT('',(-0.194293360754518,0.980689421692693,-6.18187746076739));
#5787=CARTESIAN_POINT('',(-0.194293360754519,0.968234401356787,-6.19433248110329));
#5788=CARTESIAN_POINT('Origin',(-0.194293360754548,1.97530546916865,-6.1818774607674));
#5789=CARTESIAN_POINT('Origin',(-0.194293360754561,1.97530546916865,-18.9524164591714));
#5790=CARTESIAN_POINT('',(-0.194293360754518,1.04032357141218,-6.17737296638744));
#5791=CARTESIAN_POINT('Origin',(-0.194293360754549,1.97530546916865,-6.17737296638744));
#5792=CARTESIAN_POINT('Origin',(-0.194293360754523,1.97530546916865,-18.9524164591714));
#5793=CARTESIAN_POINT('Origin',(-0.19429336075455,1.97530546916866,-7.38628543867893));
#5794=CARTESIAN_POINT('',(-0.194293360754519,0.990494654123978,-7.40627762941792));
#5795=CARTESIAN_POINT('Origin',(-0.19429336075455,1.97530546916866,-7.40627762941792));
#5796=CARTESIAN_POINT('',(-0.194293360754519,0.991053500664718,-7.38628543867893));
#5797=CARTESIAN_POINT('Origin',(-0.19429336075455,1.97530546916865,-7.38764757380187));
#5798=CARTESIAN_POINT('',(-0.194293360754519,1.04052304352825,-7.40764053794494));
#5799=CARTESIAN_POINT('Origin',(-0.19429336075455,1.97530546916865,-7.40764053794494));
#5800=CARTESIAN_POINT('',(-0.194293360754519,1.04105350066472,-7.38764757380187));
#5801=CARTESIAN_POINT('Origin',(-0.194293360754408,1.97530546916864,27.8243701797632));
#5802=CARTESIAN_POINT('Origin',(-0.194293360754502,1.97530546916864,27.8243701797632));
#5803=CARTESIAN_POINT('Origin',(-0.194293360754555,1.97530546916865,-9.07453013209307));
#5804=CARTESIAN_POINT('',(-0.194293360754516,2.43530546916865,-8.8078208717498));
#5805=CARTESIAN_POINT('',(-0.194293360754517,1.51530546916865,-8.8078208717498));
#5806=CARTESIAN_POINT('Origin',(-0.194293360754555,1.97530546916865,-8.8078208717498));
#5807=CARTESIAN_POINT('',(-0.194293360754519,1.51530546916865,-9.07453013209307));
#5808=CARTESIAN_POINT('',(-0.194293360754518,2.43530546916865,-9.07453013209307));
#5809=CARTESIAN_POINT('Origin',(-0.194293360754518,1.97530546916866,-8.92782087174979));
#5810=CARTESIAN_POINT('',(-0.194293360754518,1.97530546916866,-8.8078208717498));
#5811=CARTESIAN_POINT('',(-0.194293360754516,2.54806917077423,-9.07453013209306));
#5812=CARTESIAN_POINT('',(-0.194293360754518,1.97530546916866,-9.05024858169097));
#5813=CARTESIAN_POINT('Origin',(-0.194293360754555,1.97530546916865,-8.8078208717498));
#5814=CARTESIAN_POINT('',(-0.194293360754518,1.97530546916866,-8.8078208717498));
#5815=CARTESIAN_POINT('Origin',(-0.194293360754518,1.97530546916866,-8.92782087174979));
#5816=CARTESIAN_POINT('',(-0.194293360754518,1.97530546916866,-9.05024858169097));
#5817=CARTESIAN_POINT('',(-0.194293360754518,1.40254176756309,-9.07453013209307));
#5818=CARTESIAN_POINT('',(-0.194293360754516,2.54806917077423,-9.07453013209306));
#5819=CARTESIAN_POINT('',(-0.194293360754518,1.40254176756309,-9.07453013209307));
#5820=CARTESIAN_POINT('Origin',(0.0557066392454622,1.97530546916865,-9.05024858169097));
#5821=CARTESIAN_POINT('Origin',(1.30570663924548,3.95194015795416,-1.17776782070813));
#5822=CARTESIAN_POINT('',(1.13070573535286,3.95194015795416,-1.17776782070813));
#5823=CARTESIAN_POINT('',(1.30570663924548,3.95194015795416,-1.17776782070813));
#5824=CARTESIAN_POINT('',(1.30570663924548,3.29379894624531,-0.797789814963237));
#5825=CARTESIAN_POINT('',(0.805705640215828,4.15406638733102,-1.29446545364914));
#5826=CARTESIAN_POINT('',(0.805705735352846,3.95194015795416,-1.17776782070813));
#5827=CARTESIAN_POINT('',(1.00570564021581,4.1540664579332,-1.29446549441133));
#5828=CARTESIAN_POINT('',(0.805705640215828,4.15406638733102,-1.29446545364914));
#5829=CARTESIAN_POINT('',(1.00570568440013,4.0601933334272,-1.24026782070812));
#5830=CARTESIAN_POINT('',(1.00570573535283,3.95194022855634,-1.17776786147031));
#5831=CARTESIAN_POINT('',(1.14320596642138,3.94111464470836,-1.17151770772155));
#5832=CARTESIAN_POINT('Origin',(1.30570663924548,3.29379894624531,-0.797789814963237));
#5833=CARTESIAN_POINT('',(0.805706045127548,3.35848889144671,-0.685743543135566));
#5834=CARTESIAN_POINT('Origin',(1.30570663924549,3.55255872705091,-0.349604727652556));
#5835=CARTESIAN_POINT('',(0.805705967683915,3.71709394172529,-0.444599178135982));
#5836=CARTESIAN_POINT('Origin',(0.805706142302676,3.19258228069569,-0.496311690503819));
#5837=CARTESIAN_POINT('',(0.805706142302676,3.10885237065512,-0.641336148807256));
#5838=CARTESIAN_POINT('',(0.805706142302676,3.15860237065512,-0.555166621130704));
#5839=CARTESIAN_POINT('',(0.805706142302676,3.21178656882325,-0.463048887743695));
#5840=CARTESIAN_POINT('',(0.305706142302717,3.15860219414967,-0.555166519225232));
#5841=CARTESIAN_POINT('',(0.805706142302676,3.15860237065512,-0.555166621130704));
#5842=CARTESIAN_POINT('',(0.305706142302717,3.10885219414967,-0.641336046901784));
#5843=CARTESIAN_POINT('',(0.305706142302717,3.08734241334407,-0.678592080116746));
#5844=CARTESIAN_POINT('',(0.805706142302676,3.10885237065512,-0.641336148807256));
#5845=CARTESIAN_POINT('Origin',(0.805705640215828,4.15406638733102,-1.29446545364914));
#5846=CARTESIAN_POINT('',(0.805705640215828,4.25930607817719,-1.11218496213074));
#5847=CARTESIAN_POINT('',(0.805705640215828,4.22532616813662,-1.17103989275763));
#5848=CARTESIAN_POINT('',(0.805705640215828,4.25930607817719,-1.11218496213074));
#5849=CARTESIAN_POINT('',(1.00570564021581,4.25930614877937,-1.11218500289293));
#5850=CARTESIAN_POINT('',(0.805705640215828,4.25930607817719,-1.11218496213074));
#5851=CARTESIAN_POINT('',(1.00570564021581,4.25930614877937,-1.11218500289293));
#5852=CARTESIAN_POINT('',(0.805705640215828,4.17557616813662,-1.25720942043418));
#5853=CARTESIAN_POINT('',(0.805705640215828,4.25930607817719,-1.11218496213074));
#5854=CARTESIAN_POINT('',(0.805705640215828,4.17557616813662,-1.25720942043418));
#5855=CARTESIAN_POINT('',(0.805705640215828,4.22532616813662,-1.17103989275763));
#5856=CARTESIAN_POINT('Origin',(0.805705640215828,4.25930607817719,-1.11218496213074));
#5857=CARTESIAN_POINT('',(0.805705735352846,4.05717984880032,-0.995487329189726));
#5858=CARTESIAN_POINT('',(0.805706142302676,3.19258228069569,-0.496311690503819));
#5859=CARTESIAN_POINT('',(1.13070573535286,4.05717984880032,-0.995487329189726));
#5860=CARTESIAN_POINT('',(1.05570613973066,4.05717984880032,-0.995487329189726));
#5861=CARTESIAN_POINT('',(1.00570568440013,4.16543302427337,-1.05798732918972));
#5862=CARTESIAN_POINT('',(0.959856849240628,4.20513926407028,-1.08091173742498));
#5863=CARTESIAN_POINT('',(1.00570614230266,3.19258235129787,-0.496311731266008));
#5864=CARTESIAN_POINT('Origin',(1.00570589024018,3.75224951310471,-0.763686314942529));
#5865=CARTESIAN_POINT('',(1.00570568440013,4.2542631690314,-0.90412900522511));
#5866=CARTESIAN_POINT('Origin',(1.30570663924549,4.21069993875976,-0.729582733397446));
#5867=CARTESIAN_POINT('',(1.13070573535286,4.14600999355836,-0.841629005225116));
#5868=CARTESIAN_POINT('',(0.805705735352847,4.14600999355836,-0.841629005225116));
#5869=CARTESIAN_POINT('Origin',(1.06820570987649,4.20013658129488,-0.872879005225113));
#5870=CARTESIAN_POINT('Origin',(0.805705956274898,3.50408331104002,-0.869522838630543));
#5871=CARTESIAN_POINT('',(0.675705956274909,3.5040832651486,-0.86952281213512));
#5872=CARTESIAN_POINT('',(0.675705956274909,3.5538332651486,-0.783353284458568));
#5873=CARTESIAN_POINT('',(0.675705956274909,3.5165207651486,-0.847980430215983));
#5874=CARTESIAN_POINT('',(0.805705956274899,3.55383331104002,-0.783353310953991));
#5875=CARTESIAN_POINT('',(0.805705956274898,3.50408331104002,-0.869522838630543));
#5876=CARTESIAN_POINT('Origin',(0.305706090254828,3.24430711126179,-0.662094627975155));
#5877=CARTESIAN_POINT('',(0.305706038206939,3.37976202837391,-0.682853209048527));
#5878=CARTESIAN_POINT('',(0.305706142302718,3.15860219414967,-0.555166519225232));
#5879=CARTESIAN_POINT('',(0.305706038206939,3.3300120283739,-0.769022736725077));
#5880=CARTESIAN_POINT('',(0.305706038206939,3.56726202837391,-0.358093682629366));
#5881=CARTESIAN_POINT('',(0.305705640215869,4.17557599163117,-1.25720931852871));
#5882=CARTESIAN_POINT('Origin',(0.805706142302676,3.15860237065512,-0.555166621130704));
#5883=CARTESIAN_POINT('',(0.805705964223547,3.53694576889234,-0.773603283949082));
#5884=CARTESIAN_POINT('',(0.67570599744472,3.46636469936638,-0.732853284458571));
#5885=CARTESIAN_POINT('',(0.675706038206909,3.37976215898794,-0.682853284458576));
#5886=CARTESIAN_POINT('',(0.575706038206917,3.37976212368685,-0.682853264077482));
#5887=CARTESIAN_POINT('Origin',(0.575705997444728,3.46636466406528,-0.732853264077484));
#5888=CARTESIAN_POINT('',(0.805706038206897,3.37976220487936,-0.682853310953999));
#5889=CARTESIAN_POINT('Origin',(0.805706038206897,3.33001220487935,-0.769022838630549));
#5890=CARTESIAN_POINT('',(0.805705964223547,3.48719576889234,-0.859772811625633));
#5891=CARTESIAN_POINT('',(0.575706038206917,3.33001212368685,-0.769022791754032));
#5892=CARTESIAN_POINT('',(0.805706038206897,3.33001220487935,-0.769022838630549));
#5893=CARTESIAN_POINT('',(0.67570599744472,3.41661469936637,-0.819022812135122));
#5894=CARTESIAN_POINT('Origin',(0.575705997444728,3.41661466406528,-0.81902279175403));
#5895=CARTESIAN_POINT('',(0.675705956274909,3.5040832651486,-0.86952281213512));
#5896=CARTESIAN_POINT('Origin',(0.805705890240197,3.75224944250253,-0.763686274180341));
#5897=CARTESIAN_POINT('Origin',(0.805706038206897,3.37976220487936,-0.682853310953998));
#5898=CARTESIAN_POINT('',(0.575706038206917,3.36732462368685,-0.704395645996618));
#5899=CARTESIAN_POINT('Origin',(0.675705997240909,3.44192271206827,-0.776188048296848));
#5900=CARTESIAN_POINT('',(0.67570599744472,3.45392719936637,-0.75439566637771));
#5901=CARTESIAN_POINT('Origin',(0.575705997444728,3.45392716406528,-0.754395645996615));
#5902=CARTESIAN_POINT('Origin',(1.41791136365493,3.79196426939581,-0.689898176187362));
#5903=CARTESIAN_POINT('',(1.41791136365493,3.79196426939581,-0.485353849872522));
#5904=CARTESIAN_POINT('Origin',(1.41791136365493,3.79196426939581,-0.689898176187362));
#5905=CARTESIAN_POINT('Origin',(1.55570663924548,3.79196426939581,-0.689898176187362));
#5906=CARTESIAN_POINT('',(1.55570663924548,3.79196426939581,-0.485353849872522));
#5907=CARTESIAN_POINT('Origin',(-0.194293360754518,1.97530546916866,-6.78892323395451));
#5908=CARTESIAN_POINT('',(-0.194293360754518,1.04032357141218,-6.17737296638744));
#5909=CARTESIAN_POINT('Origin',(-0.194293360754549,1.97530546916865,-6.17737296638744));
#5910=CARTESIAN_POINT('Origin',(1.55570663924547,3.78903578412928,-8.28266331262027));
#5911=CARTESIAN_POINT('',(1.55570663924547,3.78903578412928,-11.2026633126203));
#5912=CARTESIAN_POINT('Origin',(1.55570663924547,0.161575154208042,-11.7026633126203));
#5913=CARTESIAN_POINT('',(1.55570663924547,0.161575154208042,-11.2026633126203));
#5914=CARTESIAN_POINT('Origin',(-0.194293360754518,1.40254176756309,-8.78111161140652));
#5915=CARTESIAN_POINT('',(-0.194293360754518,1.40254176756309,-9.07453013209307));
#5916=CARTESIAN_POINT('Origin',(-0.194293360754518,1.40254176756309,-9.07453013209307));
#5917=CARTESIAN_POINT('Origin',(1.45570663924547,0.319055469168668,-8.43266331262027));
#5918=CARTESIAN_POINT('Origin',(1.45570663924547,3.63155546916865,-11.4326633126203));
#5919=CARTESIAN_POINT('Origin',(1.55570663924547,0.661575154208042,-11.2026633126203));
#5920=CARTESIAN_POINT('',(1.55570663924547,0.661575154208042,-11.7026633126203));
#5921=CARTESIAN_POINT('Origin',(1.55570663924547,3.78903578412928,-11.7026633126203));
#5922=CARTESIAN_POINT('',(1.55570663924547,3.28903578412928,-11.7026633126203));
#5923=CARTESIAN_POINT('',(1.35870663924547,0.918805469168663,-11.7026633126203));
#5924=CARTESIAN_POINT('Origin',(1.29370663924547,0.918805469168663,-11.7026633126203));
#5925=CARTESIAN_POINT('',(1.35870663924547,3.03180546916866,-11.7026633126203));
#5926=CARTESIAN_POINT('Origin',(1.29370663924547,3.03180546916866,-11.7026633126203));
#5927=CARTESIAN_POINT('Origin',(1.55570663924547,3.28903578412928,-11.2026633126203));
#5928=CARTESIAN_POINT('Origin',(1.55570663924547,4.61278989653182,-9.08493889400459));
#5929=CARTESIAN_POINT('Origin',(1.29370663924547,3.03180546916866,-11.7026633126203));
#5930=CARTESIAN_POINT('',(1.35870663924547,3.03180546916866,-11.7026633126203));
#5931=CARTESIAN_POINT('Origin',(1.29370663924547,0.918805469168663,-11.7026633126203));
#5932=CARTESIAN_POINT('',(1.35870663924547,0.918805469168663,-11.7026633126203));
#5933=CARTESIAN_POINT('Origin',(1.29370663924547,0.918805469168663,-11.7026633126203));
#5934=CARTESIAN_POINT('',(1.35870663924547,0.918805469168663,-11.7026633126203));
#5935=CARTESIAN_POINT('Origin',(-0.194293360754533,3.62471400993291,-0.979583523952159));
#5936=CARTESIAN_POINT('',(0.305705890906713,3.62054191872656,-0.988539928750419));
#5937=CARTESIAN_POINT('',(0.305705891611786,3.61904393446459,-0.987675067133524));
#5938=CARTESIAN_POINT('Ctrl Pts',(0.305705890906713,3.62054191872656,-0.988539928750418));
#5939=CARTESIAN_POINT('Ctrl Pts',(0.305705891259249,3.61979367457754,-0.988106202390789));
#5940=CARTESIAN_POINT('Ctrl Pts',(0.305705891611786,3.61904393446459,-0.987675067133524));
#5941=CARTESIAN_POINT('Origin',(-0.194293360754533,3.61979275009039,-0.988107396036652));
#5942=CARTESIAN_POINT('Origin',(-0.194293360754534,3.51152503355495,-1.17563258189549));
#5943=CARTESIAN_POINT('',(0.305705891611786,3.51077621792936,-1.17520025299248));
#5944=CARTESIAN_POINT('',(0.305705890906713,3.51227420219092,-1.17606511460913));
#5945=CARTESIAN_POINT('Ctrl Pts',(0.305705891611786,3.51077621792936,-1.17520025299248));
#5946=CARTESIAN_POINT('Ctrl Pts',(0.305705891259249,3.51152446207818,-1.17563397935199));
#5947=CARTESIAN_POINT('Ctrl Pts',(0.305705890906713,3.51227420219092,-1.17606511460913));
#5948=CARTESIAN_POINT('Origin',(-0.194293360754534,3.51152503355495,-1.17563258189549));
#5949=CARTESIAN_POINT('Origin',(-0.194293360754533,3.62471400993291,-0.979583523952159));
#5950=CARTESIAN_POINT('',(0.305705891611786,3.62396519430705,-0.979151195049002));
#5951=CARTESIAN_POINT('',(0.305705890906713,3.62546317856914,-0.980016056665956));
#5952=CARTESIAN_POINT('Origin',(0.305705869609128,3.616951847923,-1.09925488001265));
#5953=CARTESIAN_POINT('',(-2.18547839493141E-17,0.,-2.89278637752327));
#5954=CARTESIAN_POINT('Origin',(-0.194293360754539,3.50660377371243,-3.39569412208536));
#5955=CARTESIAN_POINT('',(-0.194293360754536,3.07598864145605,-2.18716676130391));
#5956=CARTESIAN_POINT('',(-0.194293360754536,3.93721890596881,-2.18716676130391));
#5957=CARTESIAN_POINT('polyline point',(-0.194293360754536,3.04078093906676,
-2.18415645397998));
#5958=CARTESIAN_POINT('polyline point',(-0.194293360754536,3.9724266083581,
-2.18415645397998));
#5959=CARTESIAN_POINT('polyline point',(-0.194293360754536,3.50660377371243,
-2.18415645397998));
#5960=CARTESIAN_POINT('polyline point',(-0.194293360754533,3.50660377371243,
-1.18415645397998));
#5961=CARTESIAN_POINT('polyline point',(-0.194293360754534,3.82221330303625,
-1.3663737006939));
#5962=CARTESIAN_POINT('polyline point',(-0.194293360754532,3.19099424438862,
-1.00193920726606));
#5963=CARTESIAN_POINT('polyline point',(-0.194293360754533,3.50660377371243,
-1.18415645397998));
#5964=CARTESIAN_POINT('polyline point',(-0.194293360754535,2.03436058727889,
-2.03415645397998));
#5965=CARTESIAN_POINT('polyline point',(-0.194293360754533,3.50660377371243,
-1.18415645397998));
#5966=CARTESIAN_POINT('polyline point',(-0.194293360754535,3.08138510724673,
-1.92065678862526));
#5967=CARTESIAN_POINT('polyline point',(-0.194293360754535,1.75413244931615,
-1.87236666309268));
#5968=CARTESIAN_POINT('polyline point',(-0.194293360754536,2.31458872524163,
-2.19594624486728));
#5969=CARTESIAN_POINT('polyline point',(-0.194293360754536,2.31458872524163,
-2.19594624486728));
#5970=CARTESIAN_POINT('polyline point',(-0.194293360754536,2.2555336071314,
-2.29823270988119));
#5971=CARTESIAN_POINT('polyline point',(-0.194293360754536,2.2555336071314,
-2.29823270988119));
#5972=CARTESIAN_POINT('polyline point',(-0.194293360754535,1.69507733120591,
-1.97465312810659));
#5973=CARTESIAN_POINT('polyline point',(-0.194293360754535,1.69507733120591,
-1.97465312810659));
#5974=CARTESIAN_POINT('polyline point',(-0.194293360754535,1.75413244931615,
-1.87236666309268));
#5975=CARTESIAN_POINT('polyline point',(-0.194293360754535,2.03436058727889,
-2.03415645397998));
#5976=CARTESIAN_POINT('polyline point',(-0.194293360754533,2.57237142206782,
-1.102294353103));
#5977=CARTESIAN_POINT('polyline point',(-0.194293360754535,1.97530546916865,
-2.13644291899389));
#5978=CARTESIAN_POINT('polyline point',(-0.194293360754547,1.97530546916865,
-6.19156102923011));
#5979=CARTESIAN_POINT('polyline point',(-0.194293360754546,0.774372323444816,
-6.19156102923011));
#5980=CARTESIAN_POINT('polyline point',(-0.194293360754547,3.17623861489249,
-6.19156102923011));
#5981=CARTESIAN_POINT('polyline point',(-0.194293360754547,1.97530546916865,
-6.19156102923011));
#5982=CARTESIAN_POINT('polyline point',(-0.19429336075455,1.97530546916865,
-7.38628543867893));
#5983=CARTESIAN_POINT('polyline point',(-0.19429336075455,1.97530546916865,
-7.38628543867893));
#5984=CARTESIAN_POINT('polyline point',(-0.194293360754554,1.97530546916865,
-8.8178208717498));
#5985=CARTESIAN_POINT('polyline point',(-0.194293360754554,1.97530546916865,
-8.8178208717498));
#5986=CARTESIAN_POINT('polyline point',(-0.194293360754555,1.97530546916865,
-9.0378208717498));
#5987=CARTESIAN_POINT('polyline point',(-0.194293360754555,1.97530546916865,
-9.0378208717498));
#5988=CARTESIAN_POINT('polyline point',(-0.194293360754558,1.97530546916865,
-10.4082933126947));
#5989=CARTESIAN_POINT('polyline point',(-0.194293360754558,0.931922464792574,
-10.4082933126947));
#5990=CARTESIAN_POINT('polyline point',(-0.194293360754559,3.01868847354473,
-10.4082933126947));
#5991=CARTESIAN_POINT('polyline point',(-0.194293360754535,3.78219432489354,
-1.85636656829264));
#5992=CARTESIAN_POINT('polyline point',(-0.194293360754534,3.78219432489354,
-1.34326873289051));
#5993=CARTESIAN_POINT('polyline point',(-0.194293360754535,3.23101322253133,
-1.85636656829264));
#5994=CARTESIAN_POINT('polyline point',(-0.194293360754533,3.23101322253133,
-1.02504417506945));
#5995=CARTESIAN_POINT('polyline point',(-0.194293360754535,4.08239838082261,
-1.98136656829264));
#5996=CARTESIAN_POINT('polyline point',(-0.194293360754535,2.93080916660226,
-1.98136656829264));
#5997=CARTESIAN_POINT('polyline point',(-0.194293360754533,3.23101322253133,
-1.02504417506945));
#5998=CARTESIAN_POINT('polyline point',(-0.194293360754537,0.225125418599835,
-2.76049430782312));
#5999=CARTESIAN_POINT('polyline point',(-0.194293360754534,3.78219432489354,
-1.34326873289051));
#6000=CARTESIAN_POINT('polyline point',(-0.194293360754538,0.382639027163328,
-3.30600289916006));
#6001=CARTESIAN_POINT('',(-0.194293360754518,-0.897008973776456,3.74798192661637));
#6002=CARTESIAN_POINT('',(-0.194293360754535,2.00483302822377,-2.08529968648694));
#6003=UNCERTAINTY_MEASURE_WITH_UNIT(LENGTH_MEASURE(0.000393700787401575),
#6009,'DISTANCE_ACCURACY_VALUE',
'Maximum model space distance between geometric entities at asserted c
onnectivities');
#6004=UNCERTAINTY_MEASURE_WITH_UNIT(LENGTH_MEASURE(0.000393700787401575),
#6009,'DISTANCE_ACCURACY_VALUE',
'Maximum model space distance between geometric entities at asserted c
onnectivities');
#6005=(
GEOMETRIC_REPRESENTATION_CONTEXT(3)
GLOBAL_UNCERTAINTY_ASSIGNED_CONTEXT((#6003))
GLOBAL_UNIT_ASSIGNED_CONTEXT((#6009,#6013,#6014))
REPRESENTATION_CONTEXT('','3D')
);
#6006=(
GEOMETRIC_REPRESENTATION_CONTEXT(3)
GLOBAL_UNCERTAINTY_ASSIGNED_CONTEXT((#6004))
GLOBAL_UNIT_ASSIGNED_CONTEXT((#6009,#6013,#6014))
REPRESENTATION_CONTEXT('','3D')
);
#6007=DIMENSIONAL_EXPONENTS(1.,0.,0.,0.,0.,0.,0.);
#6008=DIMENSIONAL_EXPONENTS(0.,1.,0.,0.,0.,0.,0.);
#6009=(
CONVERSION_BASED_UNIT('inch',#6012)
LENGTH_UNIT()
NAMED_UNIT(#6007)
);
#6010=(
LENGTH_UNIT()
NAMED_UNIT(*)
SI_UNIT(.MILLI.,.METRE.)
);
#6011=(
LENGTH_UNIT()
NAMED_UNIT(*)
SI_UNIT(.CENTI.,.METRE.)
);
#6012=LENGTH_MEASURE_WITH_UNIT(LENGTH_MEASURE(25.4),#6010);
#6013=(
NAMED_UNIT(*)
PLANE_ANGLE_UNIT()
SI_UNIT($,.RADIAN.)
);
#6014=(
NAMED_UNIT(*)
SI_UNIT($,.STERADIAN.)
SOLID_ANGLE_UNIT()
);
#6015=SHAPE_DEFINITION_REPRESENTATION(#6016,#6017);
#6016=PRODUCT_DEFINITION_SHAPE('',$,#6019);
#6017=SHAPE_REPRESENTATION('',(#3642),#6005);
#6018=DESIGN_CONTEXT('part definition',#6023,'design');
#6019=PRODUCT_DEFINITION('OCT Jig Block 2','OCT Jig Block 2',#6020,#6018);
#6020=PRODUCT_DEFINITION_FORMATION('',$,#6025);
#6021=PRODUCT_RELATED_PRODUCT_CATEGORY('OCT Jig Block 2',
'OCT Jig Block 2',(#6025));
#6022=APPLICATION_PROTOCOL_DEFINITION('international standard',
'ap203_configuration_controlled_3d_design_of_mechanical_parts_and_asse
mblies_mim_lf',2004,#6023);
#6023=APPLICATION_CONTEXT(
'Configuration Controlled 3D Design of Mechanical Parts and Assemblies');
#6024=MECHANICAL_CONTEXT('part definition',#6023,'mechanical');
#6025=PRODUCT('OCT Jig Block 2','OCT Jig Block 2',$,(#6024));
#6026=PRESENTATION_STYLE_ASSIGNMENT((#6029));
#6027=PRESENTATION_STYLE_ASSIGNMENT((#6030));
#6028=PRESENTATION_STYLE_ASSIGNMENT((#6031));
#6029=SURFACE_STYLE_USAGE(.BOTH.,#6036);
#6030=SURFACE_STYLE_USAGE(.BOTH.,#6037);
#6031=SURFACE_STYLE_USAGE(.BOTH.,#6038);
#6032=SURFACE_STYLE_RENDERING_WITH_PROPERTIES($,#6048,(#6034));
#6033=SURFACE_STYLE_RENDERING_WITH_PROPERTIES($,#6049,(#6035));
#6034=SURFACE_STYLE_TRANSPARENT(0.);
#6035=SURFACE_STYLE_TRANSPARENT(0.);
#6036=SURFACE_SIDE_STYLE('',(#6039,#6032));
#6037=SURFACE_SIDE_STYLE('',(#6040,#6033));
#6038=SURFACE_SIDE_STYLE('',(#6041));
#6039=SURFACE_STYLE_FILL_AREA(#6042);
#6040=SURFACE_STYLE_FILL_AREA(#6043);
#6041=SURFACE_STYLE_FILL_AREA(#6044);
#6042=FILL_AREA_STYLE('',(#6045));
#6043=FILL_AREA_STYLE('',(#6046));
#6044=FILL_AREA_STYLE('',(#6047));
#6045=FILL_AREA_STYLE_COLOUR('',#6048);
#6046=FILL_AREA_STYLE_COLOUR('',#6049);
#6047=FILL_AREA_STYLE_COLOUR('',#6050);
#6048=COLOUR_RGB('',0.749019607843137,0.749019607843137,0.749019607843137);
#6049=COLOUR_RGB('',0.956862745098039,0.949019607843137,0.96078431372549);
#6050=COLOUR_RGB('',1.,1.,0.);
ENDSEC;
END-ISO-10303-21;
